T18n0895b_001:0735b05	蘇磨呼童子請問經伴侶分第一	蘇 磨 呼 童 子 請 問 經 伴 侶 分 第 一 
T18n0895b_001:0735b06	卷上	卷 上 
T18n0895b_001:0735b08	爾時執金剛菩薩大藥叉將。威勝千日。一心	爾 時 執 金 剛 菩 薩 大 藥 叉 將 威 勝 千 日 一 心 
T18n0895b_001:0735b09	而住。時大悲者蘇磨呼童子從坐而起。虔誠	而 住 時 大 悲 者 蘇 磨 呼 童 子 從 坐 而 起 虔 誠 
T18n0895b_001:0735b10	頂禮執金剛菩薩足已。欲問諸明主及真言	頂 禮 執 金 剛 菩 薩 足 已 欲 問 諸 明 主 及 真 言 
T18n0895b_001:0735b11	等成就法故。作如是言。我見世間求真言者。	等 成 就 法 故 作如是言 我 見 世 間 求 真 言 者 
T18n0895b_001:0735b12	節食持誦。專心勤苦。如是修行仍不成就。唯	節 食 持 誦 專 心 勤 苦 如 是 修 行 仍 不 成 就 唯 
T18n0895b_001:0735b13	願尊者。分別解說不成就因緣。尊者威德如	願 尊 者 分別解說 不 成 就 因 緣 尊 者 威 德 如 
T18n0895b_001:0735b14	盛日光。所演真言能破諸闇。復能衛護及滅	盛 日 光 所 演 真 言 能 破 諸 闇 復 能 衛 護 及 滅 
T18n0895b_001:0735b15	諸罪。云何修因不復獲果。	諸 罪 云 何 修 因 不 復 獲 果 
T18n0895b_001:0735b16	所求真言上中下品種種悉地假使具修。亦	所 求 真 言 上 中 下 品 種 種 悉 地 假 使 具 修 亦 
T18n0895b_001:0735b17	不成就。若以依法不成就者。便棄真言而順	不 成 就 若 以 依 法 不 成 就 者 便 棄 真 言 而 順 
T18n0895b_001:0735b18	無明。佛說以惠獲得寂滅。以癡覆惠不可療	無 明 佛 說 以 惠 獲 得 寂 滅 以 癡 覆 惠 不 可 療 
T18n0895b_001:0735b19	治。若說真言不獲成就。亦如覆惠無可治者。	治 若 說 真 言 不 獲 成 就 亦 如 覆 惠 無 可 治 者 
T18n0895b_001:0735b20	唯願尊者。以大悲故。敷演真言。救脫眾生。彼	唯 願 尊 者 以 大 悲 故 敷 演 真 言 救 脫 眾 生 彼 
T18n0895b_001:0735b21	若念誦兼作護吽摩。云何明主不與成就。為	若 念 誦 兼 作 護 吽 摩 云 何 明 主 不 與 成 就 為 
T18n0895b_001:0735b22	法不具。為無力耶。為由時節。為有罪耶。為	法 不 具 為 無 力 耶 為 由 時 節 為 有 罪 耶 為 
T18n0895b_001:0735b23	真言有加減耶。為供養法不具足耶。願為眾	真 言 有 加 減 耶 為 供 養 法 不 具 足 耶 願 為 眾 
T18n0895b_001:0735b24	生分別解說。時執金剛菩薩大藥叉將。當聞	生 分別解說 時 執 金 剛 菩 薩 大 藥 叉 將 當 聞 
T18n0895b_001:0735b25	妙膊如是問已。須臾閉目而思惟。即轉手執	妙 膊 如 是 問 已 須 臾 閉 目 而 思 惟 即 轉 手 執 
T18n0895b_001:0735b26	妙拔折羅。悅目告視。作如是言。奇哉愍念諸	妙 拔 折 羅 悅 目 告 視 作如是言 奇 哉 愍 念 諸 
T18n0895b_001:0735b27	眾生類。由如月光普照世間。緣汝此心極清	眾 生 類 由 如 月 光 普 照 世 間 緣 汝 此 心 極 清 
T18n0895b_001:0735b28	淨故。已超一切諸大菩薩。菩提薩埵不求己	淨 故 已 超 一 切 諸 大 菩 薩 菩 提 薩 埵 不 求 己 
T18n0895b_001:0735b29	樂。利有情故。能忍大苦。是故菩薩見眾生苦。	樂 利 有 情 故 能 忍 大 苦 是 故 菩 薩 見 眾 生 苦 
T18n0895b_001:0735c01	菩薩亦苦。見眾生樂。菩薩亦樂。我知汝心終	菩 薩 亦 苦 見 眾 生 樂 菩 薩 亦 樂 我 知 汝 心 終 
T18n0895b_001:0735c02	不為己。利眾生故。發如是問。是故須臾一心	不 為 己 利 眾 生 故 發 如 是 問 是 故 須 臾 一 心 
T18n0895b_001:0735c03	思惟。吾當為汝分別解說妙真言法。汝當諦	思 惟 吾 當 為 汝 分別解說 妙 真 言 法 汝 當 諦 
T18n0895b_001:0735c04	聽。若有持誦我真言法。應如是作。先於諸佛	聽 若 有 持 誦 我 真 言 法 應 如 是 作 先 於 諸 佛 
T18n0895b_001:0735c05	深起恭敬。次發無上大菩提心。遠離貪瞋癡	深 起 恭 敬 次 發 無 上 大菩提心 遠 離 貪 瞋 癡 
T18n0895b_001:0735c06	憍慢等。復於三寶兢懷珍重。亦應虔誠深恭	憍 慢 等 復 於 三 寶 兢 懷 珍 重 亦 應 虔 誠 深 恭 
T18n0895b_001:0735c07	敬我及以遵崇大金剛部。當須遠離殺盜邪	敬 我 及 以 遵 崇 大 金 剛 部 當 須 遠 離 殺 盜 邪 
T18n0895b_001:0735c08	婬忘言綺語惡口兩舌。亦不飲酒及以食肉。	婬 忘 言 綺 語 惡 口 兩 舌 亦 不 飲 酒 及 以 食 肉 
T18n0895b_001:0735c09	若有眾生行邪見者。以身口意雖作善業。以	若 有 眾 生 行 邪 見 者 以 身 口 意 雖 作 善 業 以 
T18n0895b_001:0735c10	邪見故。變為不善。得雜染果。譬如營田依時	邪 見 故 變 為 不 善 得 雜 染 果 譬 如 營 田 依 時 
T18n0895b_001:0735c11	節作。種子若燋。終不生芽。愚癡邪見亦復如	節 作 種 子 若 燋 終 不 生 芽 愚 癡 邪 見 亦 復 如 
T18n0895b_001:0735c12	是。假使行善。終不獲果。是故應當遠離邪見。	是 假 使 行 善 終 不 獲 果 是 故 應當遠離 邪 見 
T18n0895b_001:0735c13	恒依正見而不動搖。常須修行十善法者增	恒 依 正 見 而 不 動 搖 常 須 修 行 十 善 法 者 增 
T18n0895b_001:0735c14	長甚深微妙之法。若有天龍阿修羅等。及食	長 甚深微妙 之 法 若 有 天 龍 阿 修 羅 等 及 食 
T18n0895b_001:0735c15	血肉諸鬼等類。遊行世間損害有情。惱持誦	血 肉 諸 鬼 等 類 遊 行 世 間 損 害 有 情 惱 持 誦 
T18n0895b_001:0735c16	者令心散亂。見修行我妙真言者。彼等自懷	者 令 心 散 亂 見 修 行 我 妙 真 言 者 彼 等 自 懷 
T18n0895b_001:0735c17	恐怖之心。此法與彼極相違故。惱修行者令	恐 怖 之 心 此 法 與 彼 極 相 違 故 惱 修 行 者 令 
T18n0895b_001:0735c18	使退心。欲令彼等不令損者。應須入此大三	使 退 心 欲 令 彼 等 不 令 損 者 應 須 入 此 大 三 
T18n0895b_001:0735c19	昧耶漫荼羅法。諸大聖眾及與諸天所居住	昧 耶 漫 荼 羅 法 諸 大 聖 眾 及 與 諸 天 所 居 住 
T18n0895b_001:0735c20	處。是故名為大漫荼羅。亦復須入作諸事法	處 是 故 名 為 大 漫 荼 羅 亦 復 須 入 作 諸 事 法 
T18n0895b_001:0735c21	妙漫荼羅。猶摧伏諸為障者使令調伏。是故	妙 漫 荼 羅 猶 摧 伏 諸 為 障 者 使 令 調 伏 是 故 
T18n0895b_001:0735c22	慇懃如法入之。亦應須入最勝明主大漫荼	慇 懃 如 法 入 之 亦 應 須 入 最 勝 明 主 大 漫 荼 
T18n0895b_001:0735c23	羅。亦應須入諸真言主大漫荼羅。不應斷。	羅 亦 應 須 入 諸 真 言 主 大 漫 荼 羅 不 應 斷 
T18n0895b_001:0735c24	譬如車乘。若闕輪輞。假令善御。終不能進。戒	譬 如 車 乘 若 闕 輪 輞 假 令 善 御 終 不 能 進 戒 
T18n0895b_001:0735c25	無勝法亦復如是。縱使懃行。終不增長。求成	無 勝 法 亦復如是 縱 使 懃 行 終 不 增 長 求 成 
T18n0895b_001:0735c26	就者。又須勝伴。然彼伴侶須具惠。淨潔端	就 者 又 須 勝 伴 然 彼 伴 侶 須 具 惠 淨 潔 端 
T18n0895b_001:0735c27	嚴族姓家生。依法勇健調伏諸根。愛語樂	嚴 族 姓 家 生 依 法 勇 健 調伏諸根 愛 語 樂 
T18n0895b_001:0735c28	捨。具大慈悲。能忍飢渴及諸苦惱。不歸餘天。	捨 具 大 慈 悲 能 忍 飢 渴 及 諸 苦 惱 不 歸 餘 天 
T18n0895b_001:0735c29	并及供養。聰明善巧。常懷恩義。於三寶處。深	并 及 供 養 聰 明 善 巧 常 懷 恩 義 於 三 寶 處 深 
T18n0895b_001:0736a01	心恭敬。如是德行具莊嚴者。於此之時甚難	心 恭 敬 如 是 德 行 具 莊 嚴 者 於 此 之 時 甚 難 
T18n0895b_001:0736a02	值遇。若具善根有德行者。應求如是伴。	值 遇 若 具 善 根 有 德 行 者 應 求 如 是 伴 
T18n0895b_001:0736a03	蘇磨呼請問分別處所分第二	蘇 磨 呼 請 問 分 別 處 所 分 第 二 
T18n0895b_001:0736a04	復次行者若欲持誦真言速成者。應居諸佛	復 次 行 者 若 欲 持 誦 真 言 速 成 者 應 居 諸 佛 
T18n0895b_001:0736a05	曾所住處。或於菩薩緣覺聲聞所住之處。如	曾 所 住 處 或 於 菩 薩 緣 覺 聲 聞 所 住 之 處 如 
T18n0895b_001:0736a06	是住處。諸天龍等常為供養。及以衛護。是故	是 住 處 諸 天 龍 等 常 為 供 養 及 以 衛 護 是 故 
T18n0895b_001:0736a07	行者欲淨身心。常具戒儀。常應居住如是勝	行 者 欲 淨 身 心 常 具 戒 儀 常 應 居 住 如 是 勝 
T18n0895b_001:0736a08	處。若不遇如是福地。亦應居止於大河邊。或	處 若 不 遇 如 是 福 地 亦 應 居 止 於 大 河 邊 或 
T18n0895b_001:0736a09	近小河。或住陂泊。名花滋茂。及離鬧闠。其水	近 小 河 或 住 陂 泊 名 花 滋 茂 及 離 鬧 闠 其 水 
T18n0895b_001:0736a10	清流充滿盈溢。無諸水族惡毒虫者。或居山	清 流 充 滿 盈 溢 無 諸 水 族 惡 毒 虫 者 或 居 山 
T18n0895b_001:0736a11	間閑靜之處。軟草布地豐足花果。或住山腹	間 閑 靜 之 處 軟 草 布 地 豐 足 花 果 或 住 山 腹 
T18n0895b_001:0736a12	及巖窟中。無諸猛畏毒獸之類。如是等處。皆	及 巖 窟 中 無 諸 猛 畏 毒 獸 之 類 如 是 等 處 皆 
T18n0895b_001:0736a13	應墾掘。深一肘量。淨除所有荊棘瓦礫糠骨毛	應 墾 掘 深 一 肘 量 淨 除 所 有 荊 棘 瓦 礫 糠 骨 毛 
T18n0895b_001:0736a14	髮灰炭鹹及諸虫窟。乃至深窟如不盡者。應	髮 灰 炭 鹹 及 諸 虫 窟 乃 至 深 窟 如 不 盡 者 應 
T18n0895b_001:0736a15	當棄之。更求餘處。所掘之處。填以淨土。於其	當 棄 之 更 求 餘 處 所 掘 之 處 填 以 淨 土 於 其 
T18n0895b_001:0736a16	地上。建立精室極須堅牢。如上所說妙三昧	地 上 建 立 精 室 極 須 堅 牢 如上所說 妙 三 昧 
T18n0895b_001:0736a17	耶令滅罪故。應數須入。亦應須入諸使者等	耶 令 滅 罪 故 應 數 須 入 亦 應 須 入 諸 使 者 等 
T18n0895b_001:0736a18	妙漫荼羅。及餘無量明主妃等。如是普入福	妙 漫 荼 羅 及 餘 無 量 明 主 妃 等 如 是 普 入 福 
T18n0895b_001:0736a19	聚。諸明主所居住處漫荼羅已。一切諸魔遙	聚 諸 明 主 所 居 住 處 漫 荼 羅 已 一 切 諸 魔 遙 
T18n0895b_001:0736a20	見彼人。心懷恐怖各自馳散。由數入彼諸漫	見 彼 人 心 懷 恐 怖 各 自 馳 散 由 數 入 彼 諸 漫 
T18n0895b_001:0736a21	荼羅。聖眾威力加護是人。諸魔見彼身若金	荼 羅 聖 眾 威 力 加 護 是 人 諸 魔 見 彼 身 若 金 
T18n0895b_001:0736a22	剛。復見住處如大火聚。並皆馳散。不能為害。	剛 復 見 住 處 如大火聚 並 皆 馳 散 不 能 為 害 
T18n0895b_001:0736a23	世間所說及出世間諸明主真言速得成就。	世 間 所 說 及 出 世 間 諸 明 主 真 言 速 得 成 就 
T18n0895b_001:0736a24	若不入此大漫荼羅。不具慈悲及菩提心。不	若 不 入 此 大 漫 荼 羅 不 具 慈 悲 及 菩 提 心 不 
T18n0895b_001:0736a25	敬諸佛。歸外餘天。念持我法即自害。若念誦	敬 諸 佛 歸 外 餘 天 念 持 我 法 即 自 害 若 念 誦 
T18n0895b_001:0736a26	人不辨遍入諸漫荼羅。於中隨辨一三昧耶。	人 不 辨 遍 入 諸 漫 荼 羅 於 中 隨 辨 一 三 昧 耶 
T18n0895b_001:0736a27	深心恭敬。亦應當須入藥叉類。及地居神。龍	深 心 恭 敬 亦 應 當 須 入 藥 叉 類 及 地 居 神 龍 
T18n0895b_001:0736a28	王魍魎及諸惡毘那夜迦。猛害天等。不能惱	王 魍 魎 及 諸 惡 毘 那 夜 迦 猛 害 天 等 不 能 惱 
T18n0895b_001:0736a29	亂持戒之人。譬如芽種。雖依地生。由勤溉灌	亂 持 戒 之 人 譬 如 芽 種 雖 依 地 生 由 勤 溉 灌 
T18n0895b_001:0736b01	乃得滋茂。勝法依戒亦復如是。以茲溉灌。	乃 得 滋 茂 勝 法 依 戒 亦復如是 以 茲 溉 灌 
T18n0895b_001:0736b02	令善芽生。世尊所說別解脫法。清淨尸羅。具	令 善 芽 生 世 尊 所 說 別 解 脫 法 清 淨 尸 羅 具 
T18n0895b_001:0736b03	應修行。若是俗流。俱除僧服。自餘律儀悉皆	應 修 行 若 是 俗 流 俱 除 僧 服 自 餘 律 儀 悉 皆 
T18n0895b_001:0736b04	應行。如是遠離染法。具足善根。敷演教門。持	應 行 如 是 遠 離 染 法 具 足 善 根 敷 演 教 門 持 
T18n0895b_001:0736b05	誦真言。若生疲倦。應讀微妙大乘經典。復為	誦 真 言 若 生 疲 倦 應 讀 微 妙 大乘經典 復 為 
T18n0895b_001:0736b06	滅罪。常於空閑及清淨處。或以香泥。或復印	滅 罪 常 於 空 閑 及 清 淨 處 或 以 香 泥 或 復 印 
T18n0895b_001:0736b07	砂。造立制多。內安緣起法身之偈。或舍利及	砂 造 立 制 多 內 安 緣 起 法 身 之 偈 或 舍 利 及 
T18n0895b_001:0736b08	尊像前。以花鬘燒香塗香花燈幢幡蓋等。及	尊 像 前 以 花 鬘 燒 香 塗 香 花 燈 幢 幡 蓋 等 及 
T18n0895b_001:0736b09	妙讚嘆。虔心供養。常為他祭。如斯六法。是	妙 讚 嘆 虔 心 供 養 常 為 他 祭 如 斯 六 法 是 
T18n0895b_001:0736b10	汝本宗。復應事火及以事王。亦須娶妻生男	汝 本 宗 復 應 事 火 及 以 事 王 亦 須 娶 妻 生 男 
T18n0895b_001:0736b11	繼種。汝行此法。方得解脫。云何持誦釋教真	繼 種 汝 行 此 法 方 得 解 脫 云 何 持 誦 釋 教 真 
T18n0895b_001:0736b12	言。行者若是剎利族種。彼致此難。汝是族姓	言 行 者 若 是 剎 利 族 種 彼 致 此 難 汝 是 族 姓 
T18n0895b_001:0736b13	剎利之種。應須祭祀捨施自學。如斯三法。是	剎 利 之 種 應 須 祭 祀 捨 施 自 學 如 斯 三 法 是 
T18n0895b_001:0736b14	汝本宗。復須紹繼摧伏怨敵。汝行此法。方得	汝 本 宗 復 須 紹 繼 摧 伏 怨 敵 汝 行 此 法 方 得 
T18n0895b_001:0736b15	解脫。如是真言。汝不應學。行者若是毘舍之	解 脫 如 是 真 言 汝 不 應 學 行 者 若 是 毘 舍 之 
T18n0895b_001:0736b16	種。彼致此難。汝是毘舍下賤之種。應作農田	種 彼 致 此 難 汝 是 毘 舍 下 賤 之 種 應 作 農 田 
T18n0895b_001:0736b17	及雜產興易等務。汝終不合持誦真言。行者	及 雜 產 興 易 等 務 汝 終 不 合 持 誦 真 言 行 者 
T18n0895b_001:0736b18	若是首陀之種。彼致此難。汝是首陀最下之	若 是 首 陀 之 種 彼 致 此 難 汝 是 首 陀 最 下 之 
T18n0895b_001:0736b19	種。常應供養淨婆羅門。如是之法在汝何關。	種 常 應 供 養 淨 婆 羅 門 如 是 之 法 在 汝 何 關 
T18n0895b_001:0736b20	以如是等種種諸難惱亂行者。令退信心。彼	以 如 是 等 種 種 諸 難 惱 亂 行 者 令 退 信 心 彼 
T18n0895b_001:0736b21	等外道非直損他。亦乃自損。外道之法。過午	等 外 道 非 直 損 他 亦 乃 自 損 外 道 之 法 過 午 
T18n0895b_001:0736b22	時食。修聖道者與彼不同。是故不應往外道	時 食 修 聖 道 者 與 彼 不 同 是 故 不 應 往 外 道 
T18n0895b_001:0736b23	家而行乞食。若論善惡因果之法。有智無智	家 而 行 乞 食 若 論 善 惡 因 果 之 法 有 智 無 智 
T18n0895b_001:0736b24	婆羅門種毘舍首陀。等無差別。良由世間妄	婆 羅 門 種 毘 舍 首 陀 等 無 差 別 良 由 世 間 妄 
T18n0895b_001:0736b25	分別。假立毘舍及婆羅門首陀。若能修善。	分 別 假 立 毘 舍 及 婆 羅 門 首 陀 若 能 修 善 
T18n0895b_001:0736b26	當證涅槃。剎利造罪。不免惡道。復次眾生無	當 證 涅 槃 剎 利 造 罪 不 免 惡 道 復 次 眾 生 無 
T18n0895b_001:0736b27	始已來垢穢之身。不由食淨身心得淨。斷除	始 已 來 垢 穢 之 身 不 由 食 淨 身 心 得 淨 斷 除 
T18n0895b_001:0736b28	惡業。修諸善法。方可獲得身心清淨。譬如有	惡 業 修 諸 善 法 方 可 獲 得 身 心 清 淨 譬 如 有 
T18n0895b_001:0736b29	人。身患瘡癬。但念除差。以藥塗勿使竇風疎	人 身 患 瘡 癬 但 念 除 差 以 藥 塗 勿 使 竇 風 疎 
T18n0895b_001:0736c01	漏孔穴。其室安門。東西北方。唯除南面。不應	漏 孔 穴 其 室 安 門 東 西 北 方 唯 除 南 面 不 應 
T18n0895b_001:0736c02	置之。營造成已。用牛糞塗於其室中。隨彼法	置 之 營 造 成 已 用 牛 糞 塗 於 其 室 中 隨 彼 法 
T18n0895b_001:0736c03	事相應之方。安置尊像。其所尊容綵畫琱剋。	事 相 應 之 方 安 置 尊 像 其 所 尊 容 綵 畫 琱 剋 
T18n0895b_001:0736c04	或以鑄成。其所畫楨。應用白[疊*毛]細柔密緻匠	或 以 鑄 成 其 所 畫 楨 應 用 白 [疊毛] 細 柔 密 緻 匠 
T18n0895b_001:0736c05	者織成。兩頭存縷勿令割截。闊福元未曾經	者 織 成 兩 頭 存 縷 勿 令 割 截 闊 福 元 未 曾 經 
T18n0895b_001:0736c06	用。先須淨洗。復香水灑。所畫綵色不應和膠。	用 先 須 淨 洗 復 香 水 灑 所 畫 綵 色 不 應 和 膠 
T18n0895b_001:0736c07	置於新器。牛毛為筆。其綵畫人澡浴清淨。應	置 於 新 器 牛 毛 為 筆 其 綵 畫 人 澡 浴 清 淨 應 
T18n0895b_001:0736c08	受八戒。如法畫之其像成已。應用塗香燒香	受 八 戒 如 法 畫 之 其 像 成 已 應 用 塗 香 燒 香 
T18n0895b_001:0736c09	花縵飲食燈明。讚歎禮拜。廣供養已。然後所	花 縵 飲 食 燈 明 讚 歎 禮 拜 廣 供 養 已 然 後 所 
T18n0895b_001:0736c10	求速得成就。	求 速 得 成 就 
T18n0895b_001:0736c11	復次行者若是俗人。亦剃頭唯留頂髮。所著	復 次 行 者 若 是 俗 人 亦 剃 頭 唯 留 頂 髮 所 著 
T18n0895b_001:0736c12	衣服赤土染之。或著白色及以草衣。或著樹	衣 服 赤 土 染 之 或 著 白 色 及 以 草 衣 或 著 樹 
T18n0895b_001:0736c13	皮芻摩布衣。亦應受持四種應器。所謂木鐵	皮 芻 摩 布 衣 亦 應 受 持 四 種 應 器 所 謂 木 鐵 
T18n0895b_001:0736c14	瓦等鉢。極須端圓。細密無缺。并不破漏。應持	瓦 等 鉢 極 須 端 圓 細 密 無 缺 并 不 破 漏 應 持 
T18n0895b_001:0736c15	此器。巡行乞食。所居之處。去其村邑不遠。不	此 器 巡 行 乞 食 所 居 之 處 去 其 村 邑 不 遠 不 
T18n0895b_001:0736c16	近眾多人居。無諸外道。及豐飲食。常樂惠施。	近 眾 多 人 居 無 諸 外 道 及 豐 飲 食 常 樂 惠 施 
T18n0895b_001:0736c17	歸信三寶。然破外道我慢所覆倚恃豪族。復	歸 信 三 寶 然 破 外 道 我 慢 所 覆 倚 恃 豪 族 復 
T18n0895b_001:0736c18	無慈悲。或見行者念誦釋教法已。心瞋恚而	無 慈 悲 或 見 行 者 念 誦 釋 教 法 已 心 瞋 恚 而 
T18n0895b_001:0736c19	惱亂之。行者若是婆羅門種。彼致此難。汝是	惱 亂 之 行 者 若 是 婆 羅 門 種 彼 致 此 難 汝 是 
T18n0895b_001:0736c20	淨行婆羅門種。云何如我持誦釋教真言。汝	淨 行 婆 羅 門 種 云 何 如 我 持 誦 釋 教 真 言 汝 
T18n0895b_001:0736c21	應自學及以教他。自受施。自祭天神。亦妙花	應 自 學 及 以 教 他 自 受 施 自 祭 天 神 亦 妙 花 
T18n0895b_001:0736c22	亦得。所為青蓮紅蓮花等。及諸意樂種種雜	亦 得 所 為 青 蓮 紅 蓮 花 等 及 諸 意 樂 種 種 雜 
T18n0895b_001:0736c23	花。行住坐立通許念誦。唯除臥時不許誦持。	花 行 住 坐 立 通 許 念 誦 唯 除 臥 時 不 許 誦 持 
T18n0895b_001:0736c24	念誦已訖。恒思六念。觀察彼等種種功德。	念 誦 已 訖 恒 思 六 念 觀 察 彼 等 種 種 功 德 
T18n0895b_001:0736c25	蘇磨呼請問法相分第三	蘇 磨 呼 請 問 法 相 分 第 三 
T18n0895b_001:0736c26	復次貪等一切煩惱與心相應。名為生死。煩	復 次 貪 等 一切煩惱 與 心 相 應 名 為 生 死 煩 
T18n0895b_001:0736c27	惱若除。心得清淨。諸佛說彼名為解脫。譬如	惱 若 除 心 得 清 淨 諸 佛 說 彼 名 為 解 脫 譬 如 
T18n0895b_001:0736c28	淨水必無垢穢。以塵坌故令水渾濁。心性淨	淨 水 必 無 垢 穢 以 塵 坌 故 令 水 渾 濁 心 性 淨 
T18n0895b_001:0736c29	清亦復如是。以客塵煩惱渾心令濁。	清 亦復如是 以 客塵煩惱 渾 心 令 濁 
T18n0895b_001:0737a01	復次數珠有其多種為緣。活兒子。蓮子。路陀	復 次 數 珠 有 其 多 種 為 緣 活 兒 子 蓮 子 路 陀 
T18n0895b_001:0737a02	羅(二合)乞沙(二合)水精。銅錫。木槵子。瑠璃。金	羅 二 合 乞 沙 二 合 水 精 銅 錫 木 槵 子 瑠 璃 金 
T18n0895b_001:0737a03	銀鐵具。其數過百。隨取一類。以為數珠。虔心	銀 鐵 具 其 數 過 百 隨 取 一 類 以 為 數 珠 虔 心 
T18n0895b_001:0737a04	執持。如法念誦。以左右手執其珠剋誦。或用	執 持 如 法 念 誦 以 左 右 手 執 其 珠 剋 誦 或 用 
T18n0895b_001:0737a05	右手。或左手應用。真言欲畢。俱時應[爪*卑]。專心	右 手 或 左 手 應 用 真 言 欲 畢 俱 時 應 [爪卑] 專 心 
T18n0895b_001:0737a06	誦持。勿謬錯亂。繫心於尊。或於真言及以手	誦 持 勿 謬 錯 亂 繫 心 於 尊 或 於 真 言 及 以 手 
T18n0895b_001:0737a07	印。調伏諸根。端坐尊前。心不散亂。微動兩	印 調伏諸根 端 坐 尊 前 心 不 散 亂 微 動 兩 
T18n0895b_001:0737a08	脣。念持真言。此心由若風電獼猴。復如海波	脣 念 持 真 言 此 心 由 若 風 電 獼 猴 復 如 海 波 
T18n0895b_001:0737a09	湖浪。搖動諂曲自在耽著諸境。是故應須攝	湖 浪 搖 動 諂 曲 自 在 耽 著 諸 境 是 故 應 須 攝 
T18n0895b_001:0737a10	心不散。持誦真言。若生疲倦惽沈睡眠令心	心 不 散 持 誦 真 言 若 生 疲 倦 惽 沈 睡 眠 令 心 
T18n0895b_001:0737a11	散亂。應起經行。或觀四方。或水滲灑令得醒	散 亂 應 起 經 行 或 觀 四 方 或 水 滲 灑 令 得 醒 
T18n0895b_001:0737a12	悟。行者若生移動之心。即應便作如是對治。	悟 行 者 若 生 移 動 之 心 即 應 便 作 如 是 對 治 
T18n0895b_001:0737a13	是身無主。由業流轉一切諸趣。無所依止。捨	是 身 無 主 由 業 流 轉 一 切 諸 趣 無所依止 捨 
T18n0895b_001:0737a14	此身後。復受餘形。其惡之業因斯不絕。生老	此 身 後 復 受 餘 形 其 惡 之 業 因 斯 不 絕 生 老 
T18n0895b_001:0737a15	病死。憂悲愁苦。愛別離苦。求不得苦。怨憎會	病 死 憂 悲 愁 苦 愛別離苦 求不得苦 怨 憎 會 
T18n0895b_001:0737a16	苦。五盛蘊苦。隨所至方終不得免。蚊虻寒熱	苦 五 盛 蘊 苦 隨 所 至 方 終 不 得 免 蚊 虻 寒 熱 
T18n0895b_001:0737a17	及以飢渴。如是等苦處處皆有。心欲轉方以	及 以 飢 渴 如 是 等 苦 處 處 皆 有 心 欲 轉 方 以 
T18n0895b_001:0737a18	斯對治。貪若欲盛。修白骨觀。之行者喫食	斯 對 治 貪 若 欲 盛 修 白 骨 觀 之 行 者 喫 食 
T18n0895b_001:0737a19	亦復如是。但除飢渴。不樂滋悅。譬如有人入	亦復如是 但 除 飢 渴 不 樂 滋 悅 譬 如 有 人 入 
T18n0895b_001:0737a20	於深磧。飢渴所逼。當食兒肉。行者喫食亦復	於 深 磧 飢 渴 所 逼 當 食 兒 肉 行 者 喫 食 亦 復 
T18n0895b_001:0737a21	如是。但除飢病。勿著其味。喻如秤物。隨重頭	如 是 但 除 飢 病 勿 著 其 味 喻 如 秤 物 隨 重 頭 
T18n0895b_001:0737a22	下。其物若輕。便即頭高。物若均平。其秤亦	下 其 物 若 輕 便 即 頭 高 物 若 均 平 其 秤 亦 
T18n0895b_001:0737a23	平。行者喫食亦復如是。不得過量。不應極少。	平 行 者 喫 食 亦復如是 不 得 過 量 不 應 極 少 
T18n0895b_001:0737a24	譬如朽舍。時欲崩倒。不令壞故。以柱支持。行	譬 如 朽 舍 時 欲 崩 倒 不 令 壞 故 以 柱 支 持 行 
T18n0895b_001:0737a25	者喫食亦復如是。但為存身。勿貪其味。復如	者 喫 食 亦復如是 但 為 存 身 勿 貪 其 味 復 如 
T18n0895b_001:0737a26	車行。當以油塗。為增善故。應須喫食。是故世	車 行 當 以 油 塗 為 增 善 故 應 須 喫 食 是 故 世 
T18n0895b_001:0737a27	尊說如斯法。欲界有情依食而住。行者觀身。	尊 說 如 斯 法 欲 界 有 情 依 食 而 住 行 者 觀 身 
T18n0895b_001:0737a28	猶若芭蕉。所喫飲食勿貪其味。於四種鉢隨	猶 若 芭 蕉 所 喫 飲 食 勿 貪 其 味 於 四 種 鉢 隨 
T18n0895b_001:0737a29	取其一。前觀四肘。巡行乞食。世尊所說智慧	取 其 一 前 觀 四 肘 巡 行 乞 食 世 尊 所 說 智 慧 
T18n0895b_001:0737b01	方便。調伏六根。勿令放逸。女人令色巧笑嬌	方 便 調 伏 六 根 勿 令 放 逸 女 人 令 色 巧 笑 嬌 
T18n0895b_001:0737b02	言。性愛矜莊。行步艶姿態動。男心迷惑醉亂。	言 性 愛 矜 莊 行 步 艶 姿 態 動 男 心 迷 惑 醉 亂 
T18n0895b_001:0737b03	由如自性成就真言。寧以猛火燒鐵籌杖。刺	由 如 自 性 成 就 真 言 寧 以 猛 火 燒 鐵 籌 杖 刺 
T18n0895b_001:0737b04	捶雙目。令無所見。不以亂心觀視女人種種	捶 雙 目 令 無 所 見 不 以 亂 心 觀 視 女 人 種 種 
T18n0895b_001:0737b05	相貌美艶。隨緣乞食。莫生住著。以正思惟	相 貌 美 艶 隨 緣 乞 食 莫 生 住 著 以 正 思 惟 
T18n0895b_001:0737b06	調伏其心。以牟尼行而入他舍。不擇上中下	調 伏 其 心 以 牟 尼 行 而 入 他 舍 不 擇 上 中 下 
T18n0895b_001:0737b07	貧賤之家。又不應入新產生處。及眾多人飲	貧 賤 之 家 又 不 應 入 新 產 生 處 及 眾 多 人 飲 
T18n0895b_001:0737b08	酒之處。婬男婬女放逸之處。眾多小兒戲劇	酒 之 處 婬 男 婬 女 放 逸 之 處 眾 多 小 兒 戲 劇 
T18n0895b_001:0737b09	之處。於婚禮處。有惡狗處。眾多人論聚會之	之 處 於 婚 禮 處 有 惡 狗 處 眾 多 人 論 聚 會 之 
T18n0895b_001:0737b10	處。及以戲兒作音樂處。如上之處皆不應往。	處 及 以 戲 兒 作 音 樂 處 如 上 之 處 皆 不 應 往 
T18n0895b_001:0737b11	乞得食已。即還本處。以水洗足。分食為三分。	乞 得 食 已 即 還 本 處 以 水 洗 足 分 食 為 三 分 
T18n0895b_001:0737b12	一分供養本尊。一分通無礙。一分自食。依時	一 分 供 養 本 尊 一 分 通 無 礙 一 分 自 食 依 時 
T18n0895b_001:0737b13	而食。日三澡浴。復獻花香塗香讚嘆。莫闕三	而 食 日 三 澡 浴 復 獻 花 香 塗 香 讚 嘆 莫 闕 三 
T18n0895b_001:0737b14	時。所供養食不應雜穢。念誦之時。應坐茅草。	時 所 供 養 食 不 應 雜 穢 念 誦 之 時 應 坐 茅 草 
T18n0895b_001:0737b15	若心不辨諸供養物。但奉不共住。行者若不	若 心 不 辨 諸 供 養 物 但 奉 不 共 住 行 者 若 不 
T18n0895b_001:0737b16	善思惟。速應遠離。亦復如是。乃至一念勿使	善 思 惟 速 應 遠 離 亦復如是 乃 至 一 念 勿 使 
T18n0895b_001:0737b17	在心。譬如室內燃已。燈燭為防風故。燈焰	在 心 譬 如 室 內 燃 已 燈 燭 為 防 風 故 燈 焰 
T18n0895b_001:0737b18	轉明。持誦真言復加勤勇。善法增長亦復如	轉 明 持 誦 真 言 復 加 勤 勇 善 法 增 長 亦 復 如 
T18n0895b_001:0737b19	是。	是 
T18n0895b_001:0737b20	復次行者當具威儀。不得拍手音樂歌舞婚	復 次 行 者 當 具 威 儀 不 得 拍 手 音 樂 歌 舞 婚 
T18n0895b_001:0737b21	禮博戲及往觀看。亦不毀謗在家出家。及慢	禮 博 戲 及 往 觀 看 亦 不 毀 謗 在家出家 及 慢 
T18n0895b_001:0737b22	過慢。相叉相剋。及以諂曲。非時睡眠。無義談	過 慢 相 叉 相 剋 及 以 諂 曲 非 時 睡 眠 無 義 談 
T18n0895b_001:0737b23	論。尋學文章及諸邪法。瞋恚忿恨。慳貪嬌慢。	論 尋 學 文 章 及 諸 邪 法 瞋 恚 忿 恨 慳 貪 嬌 慢 
T18n0895b_001:0737b24	放逸懈怠。皆須遠離。亦不飲酒及以食肉。葱	放逸懈怠 皆 須 遠 離 亦 不 飲 酒 及 以 食 肉 葱 
T18n0895b_001:0737b25	蒜韮薤胡麻蘿蔔及野蒜步底那(唐云驢駒蹄)胡麻	蒜 韮 薤 胡 麻 蘿 蔔 及 野 蒜 步 底 那 唐 云 驢 駒 蹄 胡 麻 
T18n0895b_001:0737b26	油滓等並不應食。亦不得喫一切殘食。祭鬼	油 滓 等 並 不 應 食 亦 不 得 喫 一 切 殘 食 祭 鬼 
T18n0895b_001:0737b27	神食。并供養食。如上之殘食皆不應食。	神 食 并 供 養 食 如 上 之 殘 食 皆 不 應 食 
T18n0895b_001:0737b28	復次行者以勤持誦。應度晝夜。念誦畢已。應	復 次 行 者 以 勤 持 誦 應 度 晝 夜 念 誦 畢 已 應 
T18n0895b_001:0737b29	如法發遣。敷以茅草。於彼而臥。欲睡之時。先	如 法 發 遣 敷 以 茅 草 於 彼 而 臥 欲 睡 之 時 先 
T18n0895b_001:0737c01	作慈悲喜捨之觀。并於三寶及舍利塔。深心	作 慈 悲 喜 捨 之 觀 并 於 三 寶 及 舍 利 塔 深 心 
T18n0895b_001:0737c02	恭敬。以如斯法。當滅諸罪。	恭 敬 以 如 斯 法 當 滅 諸 罪 
T18n0895b_001:0737c03	復次行者服三白食。或菜根菓乳酪及蘇。大	復 次 行 者 服 三 白 食 或 菜 根 菓 乳 酪 及 蘇 大 
T18n0895b_001:0737c04	麥麵餅油滓酪醬。相和之食種種糜粥。若	麥 麵 餅 油 滓 酪 醬 相 和 之 食 種 種 糜 粥 若 
T18n0895b_001:0737c05	欲成就龍鬼藥叉起屍法等入修羅宮猛利成	欲 成 就 龍 鬼 藥 叉 起 屍 法 等 入 修 羅 宮 猛 利 成 
T18n0895b_001:0737c06	就。應食麻滓和以酪漿。	就 應 食 麻 滓 和 以 酪 漿 
T18n0895b_001:0737c07	蘇磨呼請問分別金剛杵分第四	蘇 磨 呼 請 問 分 別 金 剛 杵 分 第 四 
T18n0895b_001:0737c08	我今當說拔折羅法。念誦之者常應受持。量	我今當說 拔 折 羅 法 念 誦 之 者 常 應 受 持 量 
T18n0895b_001:0737c09	長八指或十指。或十二指或十六指。其量最	長 八 指 或 十 指 或 十 二 指 或 十 六 指 其 量 最 
T18n0895b_001:0737c10	極長二十指。若欲成就大貴自在及求持明	極 長 二 十 指 若 欲 成 就 大 貴 自 在 及 求 持 明 
T18n0895b_001:0737c11	悉地者。即應用金作拔折羅。若及爛壞諸不	悉 地 者 即 應 用 金 作 拔 折 羅 若 及 爛 壞 諸 不 
T18n0895b_001:0737c12	淨觀。瞋火若盛。作慈悲觀。無明若盛。作緣起	淨 觀 瞋 火 若 盛 作 慈 悲 觀 無 明 若 盛 作 緣 起 
T18n0895b_001:0737c13	觀。有時怨家翻為親友。有時親友翻為怨家。	觀 有 時 怨 家 翻 為 親 友 有 時 親 友 翻 為 怨 家 
T18n0895b_001:0737c14	復變以為怨。親等者復歷變異家。知此親友	復 變 以 為 怨 親 等 者 復 歷 變 異 家 知 此 親 友 
T18n0895b_001:0737c15	皆不定相。智者不應妄起變著。中間心欲往	皆 不 定 相 智 者 不 應 妄 起 變 著 中 間 心 欲 往 
T18n0895b_001:0737c16	親友時。以斯法門。應須對治。欲念誦時。及持	親 友 時 以 斯 法 門 應 須 對 治 欲 念 誦 時 及 持 
T18n0895b_001:0737c17	誦後。常不應與外道婆羅門剎利毘舍首陀。	誦 後 常 不 應 與 外 道 婆 羅 門 剎 利 毘 舍 首 陀 
T18n0895b_001:0737c18	及與黃門童男童女等共相談論。法事而畢	及 與 黃 門 童 男 童 女 等 共 相 談 論 法 事 而 畢 
T18n0895b_001:0737c19	已。若欲語時。應共伴侶論談善法。棄涕涶已。	已 若 欲 語 時 應 共 伴 侶 論 談 善 法 棄 涕 涶 已 
T18n0895b_001:0737c20	便應澡灑。若便易已。並須滲浴。所獻香花燃	便 應 澡 灑 若 便 易 已 並 須 滲 浴 所 獻 香 花 燃 
T18n0895b_001:0737c21	燈讚嘆。持戒精勤。及以念誦所生功德。皆應	燈 讚 嘆 持 戒 精 勤 及 以 念 誦 所 生 功 德 皆 應 
T18n0895b_001:0737c22	迴向無上菩提。譬如眾流歸趣大海。入彼海	迴 向 無上菩提 譬 如 眾 流 歸 趣 大 海 入 彼 海 
T18n0895b_001:0737c23	已。便為一味。迴向菩提亦復如是。一切合集	已 便 為 一 味 迴向菩提 亦復如是 一 切 合 集 
T18n0895b_001:0737c24	共成佛果。譬如有人耕種稻穀。唯求子實。不	共 成 佛 果 譬 如 有 人 耕 種 稻 穀 唯 求 子 實 不 
T18n0895b_001:0737c25	望[葶丁+呆]幹。子實成熟。收獲苅已。[葶丁+呆]幹不求而自	望 [葶丁呆]幹子實成熟收獲苅已[葶丁呆] 幹 不 求 而 自 
T18n0895b_001:0737c26	然得。如是行者欲獲菩提種功德子。不為世	然 得 如 是 行 者 欲 獲 菩 提 種 功 德 子 不 為 世 
T18n0895b_001:0737c27	樂。無上菩提以喻其實。諸餘世樂將比草幹	樂 無上菩提 以 喻 其 實 諸 餘 世 樂 將 比 草 幹 
T18n0895b_001:0737c28	不求自獲。若復有人。為求小利。請於行人。不	不 求 自 獲 若 復 有 人 為 求 小 利 請 於 行 人 不 
T18n0895b_001:0737c29	應為彼。而退本願。作如是言而答於彼。持	應 為 彼 而 退 本 願 作如是言 而 答 於 彼 持 
T18n0895b_001:0738a01	我獲得長壽之身。及獲種種諸餘資具。以無	我 獲 得 長 壽 之 身 及 獲 種 種 諸 餘 資 具 以 無 
T18n0895b_001:0738a02	厭心。當利眾生。滿足所求種種之願。	厭 心 當 利 眾 生 滿 足 所 求 種 種 之 願 
T18n0895b_001:0738a03	復次遠離世間八法。所為善稱惡名。及以苦	復 次 遠 離 世間八法 所 為 善 稱 惡 名 及 以 苦 
T18n0895b_001:0738a04	樂。得利失利。毀謗讚譽。此世八法當應遠離。	樂 得 利 失 利 毀 謗 讚 譽 此 世 八 法 當 應 遠 離 
T18n0895b_001:0738a05	能生一切不善法故。譬如大海不宿死屍。及	能 生 一 切 不 善 法 故 譬 如 大 海 不 宿 死 屍 及 
T18n0895b_001:0738a06	剎那終折羅而作念誦。終不成就一切法事。	剎 那 終 折 羅 而 作 念 誦 終 不 成 就 一 切 法 事 
T18n0895b_001:0738a07	若不辨者彼然事。一心如法念誦。	若 不 辨 者 彼 然 事 一 心 如 法 念 誦 
T18n0895b_001:0738a08	復次行者成就之物有十七種。所為一雌黃。	復 次 行 者 成 就 之 物 有 十 七 種 所 為 一 雌 黃 
T18n0895b_001:0738a09	二牛黃。三安善那。四朱砂。五吐他香。雄黃。拔	二 牛 黃 三 安 善 那 四 朱 砂 五 吐 他 香 雄 黃 拔 
T18n0895b_001:0738a10	折羅。牛蘇。菖蒲。光明朱。鎖子。甲衣。端縶布	折 羅 牛 蘇 菖 蒲 光 明 朱 鎖 子 甲 衣 端 縶 布 
T18n0895b_001:0738a11	裳一鈷叉。鹿皮。橫刀。羂索。鐵鎧。三鈷叉。如	裳 一 鈷 叉 鹿 皮 橫 刀 羂 索 鐵 鎧 三 鈷 叉 如 
T18n0895b_001:0738a12	上所說成就之物。皆有具足三種成就。假使	上 所 說 成 就 之 物 皆 有 具 足 三 種 成 就 假 使 
T18n0895b_001:0738a13	餘真言法中所說諸物。皆不離此三種成就。	餘 真 言 法 中 所 說 諸 物 皆 不 離 此 三 種 成 就 
T18n0895b_001:0738a14	復次世間有諸障難毘那耶迦。為覓過故。逐	復 次 世 間 有 諸 障 難 毘 那 耶 迦 為 覓 過 故 逐 
T18n0895b_001:0738a15	念誦人。於中分別總有四部。何等為四。一者	念 誦 人 於 中 分 別 總 有 四 部 何 等 為 四 一 者 
T18n0895b_001:0738a16	摧壞。二者野干牙。三者一牙。四者龍象。從此	摧 壞 二 者 野 干 牙 三 者 一 牙 四 者 龍 象 從 此 
T18n0895b_001:0738a17	四部流出無量毘那夜迦。摧壞部主名曰無	四 部 流 出 無 量 毘 那 夜 迦 摧 壞 部 主 名 曰 無 
T18n0895b_001:0738a18	憂大將。其部中有七阿僧祇。以為眷屬。護世	憂 大 將 其 部 中 有 七 阿 僧 祇 以 為 眷 屬 護 世 
T18n0895b_001:0738a19	四王所說真言。有持誦者。彼作障難。野干部	四 王 所 說 真 言 有 持 誦 者 彼 作 障 難 野 干 部 
T18n0895b_001:0738a20	主名曰象頭。於其部中。復有十八俱胝眷屬。	主 名 曰 象 頭 於 其 部 中 復 有 十 八 俱 胝 眷 屬 
T18n0895b_001:0738a21	摩醯首羅所說真言。有持誦者。彼作障難。一	摩 醯 首 羅 所 說 真 言 有 持 誦 者 彼 作 障 難 一 
T18n0895b_001:0738a22	牙部主名曰嚴髻。其部亦有一百三十俱胝	牙 部 主 名 曰 嚴 髻 其 部 亦 有 一 百 三 十 俱 胝 
T18n0895b_001:0738a23	眷屬。大梵天王及憍尸迦。日月天子。那羅延	眷 屬 大 梵 天 王 及 憍 尸 迦 日 月 天 子 那 羅 延 
T18n0895b_001:0738a24	神風神等所說真言。有持誦者。彼作障難。龍	神 風 神 等 所 說 真 言 有 持 誦 者 彼 作 障 難 龍 
T18n0895b_001:0738a25	象部主名曰頂行。於其部中。有一俱胝那臾	象 部 主 名 曰 頂 行 於 其 部 中 有 一 俱 胝 那 臾 
T18n0895b_001:0738a26	多一千波頭摩以為眷屬。釋教所說諸妙真	多 一 千 波 頭 摩 以 為 眷 屬 釋 教 所 說 諸 妙 真 
T18n0895b_001:0738a27	言。有持誦者。彼作障難。又訶利帝母兒名	言 有 持 誦 者 彼 作 障 難 又 訶 利 帝 母 兒 名 
T18n0895b_001:0738a28	曰愛子。般指迦將所說真言。彼作障難。又摩	曰 愛 子 般 指 迦 將 所 說 真 言 彼 作 障 難 又 摩 
T18n0895b_001:0738a29	尼賢將兒名曰滿賢。於摩尼部所說真言。有	尼 賢 將 兒 名 曰 滿 賢 於 摩 尼 部 所 說 真 言 有 
T18n0895b_001:0738b01	持誦者。彼子滿賢而作障難。如是諸類毘那	持 誦 者 彼 子 滿 賢 而 作 障 難 如 是 諸 類 毘 那 
T18n0895b_001:0738b02	夜迦。各於本部而作障難。不樂行者令得成	夜 迦 各 於 本 部 而 作 障 難 不 樂 行 者 令 得 成 
T18n0895b_001:0738b03	就。自變化作本真言之主。成就行者受供養	就 自 變 化 作 本 真 言 之 主 成 就 行 者 受 供 養 
T18n0895b_001:0738b04	時。明主來見是已。却還本宮。求富貴純用銀	時 明 主 來 見 是 已 却 還 本 宮 求 富 貴 純 用 銀 
T18n0895b_001:0738b05	作。成就海龍王法。以熟銅作。入修羅宮。用	作 成 就 海 龍 王 法 以 熟 銅 作 入 修 羅 宮 用 
T18n0895b_001:0738b06	妙石作。欲通成就一切法。以金銅銀相和而	妙 石 作 欲 通 成 就 一 切 法 以 金 銅 銀 相 和 而 
T18n0895b_001:0738b07	作。若欲成就摧藥叉眾。應以鐵作。為欲得無	作 若 欲 成 就 摧 藥 叉 眾 應 以 鐵 作 為 欲 得 無 
T18n0895b_001:0738b08	病及求錢財。以失利般尼木。或察魯婆木而	病 及 求 錢 財 以 失 利 般 尼 木 或 察 魯 婆 木 而 
T18n0895b_001:0738b09	作金剛。欲療一切鬼魅所著。用却達羅木作	作 金 剛 欲 療 一 切 鬼 魅 所 著 用 却 達 羅 木 作 
T18n0895b_001:0738b10	拔折羅。若欲成就藥叉女者。用摩度迦木而	拔 折 羅 若 欲 成 就 藥 叉 女 者 用 摩 度 迦 木 而 
T18n0895b_001:0738b11	作拔折羅。欲求滅罪。阿說他作拔折羅。若欲	作 拔 折 羅 欲 求 滅 罪 阿 說 他 作 拔 折 羅 若 欲 
T18n0895b_001:0738b12	摧伏諸怨敵者。用害人木而作拔折羅。欲害	摧 伏 諸 怨 敵 者 用 害 人 木 而 作 拔 折 羅 欲 害 
T18n0895b_001:0738b13	極惡怨敵之者。用人骨作拔折羅。欲成幻化。	極 惡 怨 敵 之 者 用 人 骨 作 拔 折 羅 欲 成 幻 化 
T18n0895b_001:0738b14	用水精作。若令人極相憎者。用苦練木作拔	用 水 精 作 若 令 人 極 相 憎 者 用 苦 練 木 作 拔 
T18n0895b_001:0738b15	折羅。成就鬼類及令人枯瘁鬪諍等。而用毘	折 羅 成 就 鬼 類 及 令 人 枯 瘁 鬪 諍 等 而 用 毘 
T18n0895b_001:0738b16	梨勒木作拔折羅。若欲成就天龍藥叉乾闥	梨 勒 木 作 拔 折 羅 若 欲 成 就 天 龍 藥 叉 乾 闥 
T18n0895b_001:0738b17	婆修羅者。應以天木作拔折羅。若欲成就龍	婆 修 羅 者 應 以 天 木 作 拔 折 羅 若 欲 成 就 龍 
T18n0895b_001:0738b18	女敬念之法。以龍木根為拔折羅。若欲成	女 敬 念 之 法 以 龍 木 根 為 拔 折 羅 若 欲 成 
T18n0895b_001:0738b19	就變形之法。以泥作之。若欲成就起死法	就 變 形 之 法 以 泥 作 之 若 欲 成 就 起 死 法 
T18n0895b_001:0738b20	者。應用迦談婆木作之。若欲求財。應以閼迦	者 應 用 迦 談 婆 木 作 之 若 欲 求 財 應 以 閼 迦 
T18n0895b_001:0738b21	木。或用龍木或無憂木作之。若欲成就對敵	木 或 用 龍 木 或 無 憂 木 作 之 若 欲 成 就 對 敵 
T18n0895b_001:0738b22	者。應以失利般尼木。或奄沒羅木。或閼順	者 應 以 失 利 般 尼 木 或 奄 沒 羅 木 或 閼 順 
T18n0895b_001:0738b23	那木。或柳木作之。若求成就意樂法。用白	那 木 或 柳 木 作 之 若 求 成 就 意 樂 法 用 白 
T18n0895b_001:0738b24	檀木。或用紫檀木作拔折羅。如上所說諸	檀 木 或 用 紫 檀 木 作 拔 折 羅 如上所說 諸 
T18n0895b_001:0738b25	拔折羅杵。一一皆須而作五鈷三鈷。諸妙端	拔 折 羅 杵 一 一 皆 須 而 作 五 鈷 三 鈷 諸 妙 端 
T18n0895b_001:0738b26	巖使無缺壞。欲念誦時。以塗香等而作供	巖 使 無 缺 壞 欲 念 誦 時 以 塗 香 等 而 作 供 
T18n0895b_001:0738b27	養。發大慈心。手執金剛杵。念誦真言。法	養 發 大 慈 心 手 執 金 剛 杵 念 誦 真 言 法 
T18n0895b_001:0738b28	事畢已。復重供養。置尊足下。後念誦時亦	事 畢 已 復 重 供 養 置 尊 足 下 後 念 誦 時 亦 
T18n0895b_001:0738b29	如是。若不執持妙拔折羅。有毘那夜迦名曰	如 是 若 不 執 持 妙 拔 折 羅 有 毘 那 夜 迦 名 曰 
T18n0895b_001:0738c01	烏黑。其形極大。獻燒香時。法若有闕。彼從	烏 黑 其 形 極 大 獻 燒 香 時 法 若 有 闕 彼 從 
T18n0895b_001:0738c02	地出而便入身。遂令行者諸煩惱起。所為慳	地 出 而 便 入 身 遂 令 行 者 諸 煩 惱 起 所 為 慳 
T18n0895b_001:0738c03	貪諂曲忿恚。頻頻失精。令身不淨。復有毘那	貪 諂 曲 忿 恚 頻 頻 失 精 令 身 不 淨 復 有 毘 那 
T18n0895b_001:0738c04	夜迦名曰燈頂。獻燈之時。法若有闕。彼即入	夜 迦 名 曰 燈 頂 獻 燈 之 時 法 若 有 闕 彼 即 入 
T18n0895b_001:0738c05	身。遂令行者種種病生。所為心痛壯熱損	身 遂 令 行 者 種 種 病 生 所 為 心 痛 壯 熱 損 
T18n0895b_001:0738c06	心。復有毘那夜迦名曰笑花。獻花之時。法若	心 復 有 毘 那 夜 迦 名 曰 笑 花 獻 花 之 時 法 若 
T18n0895b_001:0738c07	闕。彼即得便遂令行者種種障起。所為壯熱	闕 彼 即 得 便 遂 令 行 者 種 種 障 起 所 為 壯 熱 
T18n0895b_001:0738c08	鼻塞噴啑。眼中淚出。支骨酸疼。及與伴侶相	鼻 塞 噴 啑 眼 中 淚 出 支 骨 酸 疼 及 與 伴 侶 相 
T18n0895b_001:0738c09	諍離散。復有毘那夜迦曰嚴髻。念誦之時。法	諍 離 散 復 有 毘 那 夜 迦 曰 嚴 髻 念 誦 之 時 法 
T18n0895b_001:0738c10	若有闕。彼即得便遂令行者有諸病起。所謂	若 有 闕 彼 即 得 便 遂 令 行 者 有 諸 病 起 所 謂 
T18n0895b_001:0738c11	壯熱便痢不出。諸毘那夜迦入身熾盛。令心	壯 熱 便 痢 不 出 諸 毘 那 夜 迦 入 身 熾 盛 令 心 
T18n0895b_001:0738c12	謎惑。以西為東。作諸異想。或即吟詠。或無	謎 惑 以 西 為 東 作 諸 異 想 或 即 吟 詠 或 無 
T18n0895b_001:0738c13	緣事欲得遊行。心懷異想。有所不決。便起邪	緣 事 欲 得 遊 行 心 懷 異 想 有 所 不 決 便 起 邪 
T18n0895b_001:0738c14	見。作如是言。或說無有大我真言。亦無天堂	見 作如是言 或 說 無 有 大 我 真 言 亦 無 天 堂 
T18n0895b_001:0738c15	及能居者。亦無善惡及彼因果。亦無纏縛及	及 能 居 者 亦 無 善 惡 及 彼 因 果 亦 無 纏 縛 及 
T18n0895b_001:0738c16	以解脫。說持誦者唐捐其功。以此邪見與心	以 解 脫 說 持 誦 者 唐 捐 其 功 以 此 邪 見 與 心 
T18n0895b_001:0738c17	相應。遂出此言。撥無因果。以手斷草。及弄土	相 應 遂 出 此 言 撥無因果 以 手 斷 草 及 弄 土 
T18n0895b_001:0738c18	塊。眠時嚙齒。或起欲想及欲娶妻。自愛樂者	塊 眠 時 嚙 齒 或 起 欲 想 及 欲 娶 妻 自 愛 樂 者 
T18n0895b_001:0738c19	彼不相愛。自不樂愛自不樂者彼即受愛樂。	彼 不 相 愛 自 不 樂 愛 自 不 樂 者 彼 即 受 愛 樂 
T18n0895b_001:0738c20	既不順意。臥而不睡。欲作邪行。竟夜不眠。設	既 不 順 意 臥 而 不 睡 欲 作 邪 行 竟 夜 不 眠 設 
T18n0895b_001:0738c21	若得睡。夢見大虫師子虎狼猪狗所趁。駝驢	若 得 睡 夢 見 大 虫 師 子 虎 狼 猪 狗 所 趁 駝 驢 
T18n0895b_001:0738c22	猫兒及鬼野干。鷲鳥鷺鴛及[狂王+薰]胡。或時夢見	猫 兒 及 鬼 野 干 鷲 鳥 鷺 鴛 及 [狂王薰] 胡 或 時 夢 見 
T18n0895b_001:0738c23	著故破衣不淨之人。或時夢見裸形髠髮黑	著 故 破 衣 不 淨 之 人 或 時 夢 見 裸 形 髠 髮 黑 
T18n0895b_001:0738c24	體之人。或時夢見裸形外道。或見枯池及以	體 之 人 或 時 夢 見 裸形外道 或 見 枯 池 及 以 
T18n0895b_001:0738c25	枯井。或見髑髏。或見骨聚。作如是念。云何如	枯 井 或 見 髑 髏 或 見 骨 聚 作如是念 云 何 如 
T18n0895b_001:0738c26	來許彼誓願。惱亂行人者。令法不成。如斯障	來 許 彼 誓 願 惱 亂 行 人 者 令 法 不 成 如 斯 障 
T18n0895b_001:0738c27	難假使梵王及憍尸迦諸天龍等。不能破彼	難 假 使 梵 王 及 憍 尸 迦 諸 天 龍 等 不 能 破 彼 
T18n0895b_001:0738c28	毘那夜迦障難誓願。唯有大明真言之教。如	毘 那 夜 迦 障 難 誓 願 唯 有 大 明 真 言 之 教 如 
T18n0895b_001:0738c29	法修行。免斯障難。是故行者誦數滿已。復應	法 修 行 免 斯 障 難 是 故 行 者 誦 數 滿 已 復 應 
T18n0895b_001:0739a01	更入成就諸事妙漫荼羅。作此法已。彼障難	更 入 成 就 諸 事 妙 漫 荼 羅 作 此 法 已 彼 障 難 
T18n0895b_001:0739a02	者便即退散。	者 便 即 退 散 
T18n0895b_001:0739a03	復次持誦供養及以護摩。不依法教。彼等得	復 次 持 誦 供 養 及 以 護 摩 不 依 法 教 彼 等 得 
T18n0895b_001:0739a04	便而作障難。又復行者心常猶豫。念念生疑。	便 而 作 障 難 又 復 行 者 心 常 猶 豫 念 念 生 疑 
T18n0895b_001:0739a05	為誦此明主。為誦彼耶。作如是念。彼亦得便。	為 誦 此 明 主 為 誦 彼 耶 作如是念 彼 亦 得 便 
T18n0895b_001:0739a06	又復行者多無義語談世俗事。或說興易。或	又 復 行 者 多 無 義 語 談 世 俗 事 或 說 興 易 或 
T18n0895b_001:0739a07	說田農。或論名利。說斯等語。彼障難者自	說 田 農 或 論 名 利 說 斯 等 語 彼 障 難 者 自 
T18n0895b_001:0739a08	然得便。步步隨遂令心散亂。譬如有人尋水	然 得 便 步 步 隨 遂 令 心 散 亂 譬 如 有 人 尋 水 
T18n0895b_001:0739a09	而行。影入水現。形影隨遂不相捨離。毘那	而 行 影 入 水 現 形 影 隨 遂 不相捨離 毘 那 
T18n0895b_001:0739a10	夜迦入行者身恒不捨離亦復如是。復有毘	夜 迦 入 行 者 身 恒 不 捨 離 亦復如是 復 有 毘 
T18n0895b_001:0739a11	那夜迦。澡浴之時得便入身。或有眼睡臥	那 夜 迦 澡 浴 之 時 得 便 入 身 或 有 眼 睡 臥 
T18n0895b_001:0739a12	時得便入身。有供養時得便入身。譬如日	時 得 便 入 身 有 供 養 時 得 便 入 身 譬 如 日 
T18n0895b_001:0739a13	光照以火珠而便火出。毘那夜迦入行者身。	光 照 以 火 珠 而 便 火 出 毘 那 夜 迦 入 行 者 身 
T18n0895b_001:0739a14	念誦之時。令心散亂。增長貪瞋無明等火	念 誦 之 時 令 心 散 亂 增 長 貪 瞋 無 明 等 火 
T18n0895b_001:0739a15	亦復如是。毘那夜迦名曰水行。洗浴之時。法	亦復如是 毘 那 夜 迦 名 曰 水 行 洗 浴 之 時 法 
T18n0895b_001:0739a16	若有闕。彼即入身。遂令行者種種病起。所	若 有 闕 彼 即 入 身 遂 令 行 者 種 種 病 起 所 
T18n0895b_001:0739a17	為飢渴咳嗽。懈怠多睡。四支沈重。加之多	為 飢 渴 咳 嗽 懈 怠 多 睡 四 支 沈 重 加 之 多 
T18n0895b_001:0739a18	瞋。復有毘那夜迦名曰食香。獻塗香時。法	瞋 復 有 毘 那 夜 迦 名 曰 食 香 獻 塗 香 時 法 
T18n0895b_001:0739a19	有闕。彼即入身。遂令行者腹有病起。所為	有 闕 彼 即 入 身 遂 令 行 者 腹 有 病 起 所 為 
T18n0895b_001:0739a20	思想憶生緣處。或思餘處。或思寡人而生懈	思 想 憶 生 緣 處 或 思 餘 處 或 思 寡 人 而 生 懈 
T18n0895b_001:0739a21	怠。或思欲想分別諸境。又四瓶次第應灌作	怠 或 思 欲 想 分 別 諸 境 又 四 瓶 次 第 應 灌 作 
T18n0895b_001:0739a22	法已。彼所著障即得解脫。此漫荼羅非獨能	法 已 彼 所 著 障 即 得 解 脫 此 漫 荼 羅 非 獨 能 
T18n0895b_001:0739a23	除毘那夜迦。亦滿眾生種種勝願。謂工商農	除 毘 那 夜 迦 亦 滿 眾 生 種 種 勝 願 謂 工 商 農 
T18n0895b_001:0739a24	土男女失昏。如是等事無不稱心。[(魍ㄙ)罔+(鹵├)]魎所	土 男 女 失 昏 如 是 等 事 無 不 稱 心 [魍ㄙ罔鹵] 魎 所 
T18n0895b_001:0739a25	著。及患壯熱。孩子鬼魅所著。及吸精靈鬼。常	著 及 患 壯 熱 孩 子 鬼 魅 所 著 及 吸 精 靈 鬼 常 
T18n0895b_001:0739a26	見惡夢。癲癎等病所一切病。作漫荼羅法。	見 惡 夢 癲 癎 等 病 所 一 切 病 作 漫 荼 羅 法 
T18n0895b_001:0739a27	自灌頂已。如上等類所求窺者悉皆滿足。諸	自 灌 頂 已 如 上 等 類 所 求 窺 者 悉 皆 滿 足 諸 
T18n0895b_001:0739a28	餘病疢亦復能除。又能消滅無量罪障。	餘 病 疢 亦 復 能 除 又 能 消 滅 無 量 罪 障 
T18n0895b_001:0739a29	蘇摩呼請問分別成就相分第五	蘇 摩 呼 請 問 分 別 成 就 相 分 第 五 
T18n0895b_001:0739b01	時彼行者於諸障難得解脫已。身心清淨。無	時 彼 行 者 於 諸 障 難 得 解 脫 已 身 心 清 淨 無 
T18n0895b_001:0739b02	諸垢穢。譬如明月出從於雲。風擊雲除。暉麗	諸 垢 穢 譬 如 明 月 出 從 於 雲 風 擊 雲 除 暉 麗 
T18n0895b_001:0739b03	乎光天。行者所修種種功德。毘那夜迦所作	乎 光 天 行 者 所 修 種 種 功 德 毘 那 夜 迦 所 作 
T18n0895b_001:0739b04	障難。皆悉消滅亦復如是。所以真言不得成	障 難 皆 悉 消 滅 亦復如是 所 以 真 言 不 得 成 
T18n0895b_001:0739b05	就。譬如種子因地及時。并雨溉澤調順好風。	就 譬 如 種 子 因 地 及 時 并 雨 溉 澤 調 順 好 風 
T18n0895b_001:0739b06	然可芽生乃至成就。然其種子若在倉中。芽	然 可 芽 生 乃 至 成 就 然 其 種 子 若 在 倉 中 芽 
T18n0895b_001:0739b07	尚不生。況復枝葉及花菓實。持誦真言不依	尚 不 生 況 復 枝 葉 及 花 菓 實 持 誦 真 言 不 依 
T18n0895b_001:0739b08	法則。及不供養。亦不清淨。其真言字或有加	法 則 及 不 供 養 亦 不 清 淨 其 真 言 字 或 有 加 
T18n0895b_001:0739b09	減。聲相不正。不成廣大諸妙悉地亦復如是。	減 聲 相 不 正 不 成 廣 大 諸 妙 悉 地 亦復如是 
T18n0895b_001:0739b10	譬如興雲下雨。隨諸草木而含滋茂大小花	譬 如 興 雲 下 雨 隨 諸 草 木 而 含 滋 茂 大 小 花 
T18n0895b_001:0739b11	菓差別不等。所說真言亦復如是。持誦之人	菓 差 別 不 等 所 說 真 言 亦復如是 持 誦 之 人 
T18n0895b_001:0739b12	所施功勞。隨其增減獲福多少。所獲成就亦	所 施 功 勞 隨 其 增 減 獲 福 多 少 所 獲 成 就 亦 
T18n0895b_001:0739b13	復如是。若其行者於清淨處。及依時節。所制	復 如 是 若 其 行 者 於 清 淨 處 及 依 時 節 所 制 
T18n0895b_001:0739b14	之法亦戲犯罪漸消滅。福聚圓滿。能獲真言	之 法 亦 戲 犯 罪 漸 消 滅 福 聚 圓 滿 能 獲 真 言 
T18n0895b_001:0739b15	霑及成就。若罪不滅。功德不生。不依法則。	霑 及 成 就 若 罪 不 滅 功 德 不 生 不 依 法 則 
T18n0895b_001:0739b16	夢見破壞人所棄捨。或見石磓。或見恐怖畏	夢 見 破 壞 人 所 棄 捨 或 見 石 磓 或 見 恐 怖 畏 
T18n0895b_001:0739b17	難之人。手執搶刀及諸器仗。欲來相害。夢中	難 之 人 手 執 搶 刀 及 諸 器 仗 欲 來 相 害 夢 中 
T18n0895b_001:0739b18	當見知是惡相。若有此相。則彼等毘那夜	當 見 知 是 惡 相 若 有 此 相 則 彼 等 毘 那 夜 
T18n0895b_001:0739b19	迦令作障難。行者即用軍荼利忿怒明主而	迦 令 作 障 難 行 者 即 用 軍 荼 利 忿 怒 明 主 而 
T18n0895b_001:0739b20	作護身。如上所說護摩。障難悉得解脫。不能	作 護 身 如上所說 護 摩 障 難 悉 得 解 脫 不 能 
T18n0895b_001:0739b21	惱亂。若有念誦彼真言者。諸毘那夜迦終不	惱 亂 若 有 念 誦 彼 真 言 者 諸 毘 那 夜 迦 終 不 
T18n0895b_001:0739b22	得便。	得 便 
T18n0895b_001:0739b23	復次欲除彼所著障為解脫者。即應依此妙	復 次 欲 除 彼 所 著 障 為 解 脫 者 即 應 依 此 妙 
T18n0895b_001:0739b24	漫荼羅。其有牛群所居之處。或樹下。或有神	漫 荼 羅 其 有 牛 群 所 居 之 處 或 樹 下 或 有 神 
T18n0895b_001:0739b25	廟。或四衢道。或空閑室。或於林中。以五色彩	廟 或 四 衢 道 或 空 閑 室 或 於 林 中 以 五 色 彩 
T18n0895b_001:0739b26	作漫荼羅。其五色者。謂白黃赤青黑之類。其	作 漫 荼 羅 其 五 色 者 謂 白 黃 赤 青 黑 之 類 其 
T18n0895b_001:0739b27	量頓方四肘。安立四門。於中二肘方量穿坑。	量 頓 方 四 肘 安 立 四 門 於 中 二 肘 方 量 穿 坑 
T18n0895b_001:0739b28	坑內布以茅草。坑外兩肘各分位座。安置明	坑 內 布 以 茅 草 坑 外 兩 肘 各 分 位 座 安 置 明 
T18n0895b_001:0739b29	王真言主等。於八方所各畫本方大神。復取	王 真 言 主 等 於 八 方 所 各 畫 本 方 大 神 復 取 
T18n0895b_001:0739c01	四箇新瓶。不得黑色大燋生者。盛滿香水。及	四 箇 新 瓶 不 得 黑 色 大 燋 生 者 盛 滿 香 水 及 
T18n0895b_001:0739c02	以五寶并赤蓮花諸花樹枝。皆內瓶中。以五	以 五 寶 并 赤 蓮 花 諸 花 樹 枝 皆 內 瓶 中 以 五 
T18n0895b_001:0739c03	線纏其瓶項。安於四方。然後應請彼明主等。	線 纏 其 瓶 項 安 於 四 方 然 後 應 請 彼 明 主 等 
T18n0895b_001:0739c04	以諸供養具而供養之。復以酒肉蘿蔔。及以	以 諸 供 養 具 而 供 養 之 復 以 酒 肉 蘿 蔔 及 以 
T18n0895b_001:0739c05	眾多波羅羅食。供養彼等八方大神。及諸一	眾 多 波 羅 羅 食 供 養 彼 等 八 方 大 神 及 諸 一 
T18n0895b_001:0739c06	切毘那夜迦。呼彼著障之人。令入坑中。向東	切 毘 那 夜 迦 呼 彼 著 障 之 人 令 入 坑 中 向 東 
T18n0895b_001:0739c07	而坐。然後取彼所置之瓶。以軍吒利明主囉	而 坐 然 後 取 彼 所 置 之 瓶 以 軍 吒 利 明 主 囉 
T18n0895b_001:0739c08	枳(二合)黨去伽(此云赤形)明主及繼唎(二合)吉囉(二合)明	枳 二 合 黨 去 伽 此 云 赤 形 明 主 及 繼 唎 二 合 吉 囉 二 合 明 
T18n0895b_001:0739c09	主。捺羅(二合)弭良拏(短二合)明主等真言。持誦其	主 捺 羅 二 合 弭 良 拏 短 二 合 明 主 等 真 言 持 誦 其 
T18n0895b_001:0739c10	瓶數過百。與灌彼頂。如是就應入夢中見示	瓶 數 過 百 與 灌 彼 頂 如 是 就 應 入 夢 中 見 示 
T18n0895b_001:0739c11	障因說真言。字有加減。或法不具。然諸明	障 因 說 真 言 字 有 加 減 或 法 不 具 然 諸 明 
T18n0895b_001:0739c12	主自說此法。有行用者示現於破相好。由如	主 自 說 此 法 有 行 用 者 示 現 於 破 相 好 由 如 
T18n0895b_001:0739c13	海湖終不違時。其實真言終不相破。亦不相	海 湖 終 不 違 時 其 實 真 言 終 不 相 破 亦 不 相 
T18n0895b_001:0739c14	斷。及與繼縛。譬如有二親友之人。於中有	斷 及 與 繼 縛 譬 如 有 二 親 友 之 人 於 中 有 
T18n0895b_001:0739c15	一語彼友言。從今以去勿往某家。乃至語彼	一 語 彼 友 言 從 今 以 去 勿 往 某 家 乃 至 語 彼 
T18n0895b_001:0739c16	人。敬是友故。不違言誨。即不往之。乃至語	人 敬 是 友 故 不 違 言 誨 即 不 往 之 乃 至 語 
T18n0895b_001:0739c17	話。其真言法亦復如是。故行人不應相破。明	話 其 真 言 法 亦復如是 故 行 人 不 應 相 破 明 
T18n0895b_001:0739c18	主及真言乃至繼縛。及以禁斷。妙漫荼羅不	主 及 真 言 乃 至 繼 縛 及 以 禁 斷 妙 漫 荼 羅 不 
T18n0895b_001:0739c19	應授與加減。真言亦復不應迴換。彼法亦復	應 授 與 加 減 真 言 亦 復 不 應 迴 換 彼 法 亦 復 
T18n0895b_001:0739c20	不應阿吠設那。不應打縛。為害彼故。不應	不 應 阿 吠 設 那 不 應 打 縛 為 害 彼 故 不 應 
T18n0895b_001:0739c21	護摩。及損支節。摧滅鬼族。亦復不應令他癡	護 摩 及 損 支 節 摧 滅 鬼 族 亦 復 不 應 令 他 癡 
T18n0895b_001:0739c22	鈍及以悶眠。不應科罰龍魅之類。不應令人	鈍 及 以 悶 眠 不 應 科 罰 龍 魅 之 類 不 應 令 人 
T18n0895b_001:0739c23	發起相憎及損厭縛。不應治療嬰兒之魅。不	發 起 相 憎 及 損 厭 縛 不 應 治 療 嬰 兒 之 魅 不 
T18n0895b_001:0739c24	應捕網諸眾生類令所損害。	應 捕 網 諸 眾 生 類 令 所 損 害 
T18n0895b_001:0739c25	復次餘外宗說具十種法真言得成。所為行	復 次 餘 外 宗 說 具 十 種 法 真 言 得 成 所 為 行 
T18n0895b_001:0739c26	人真言伴侶所成就物精勤處所淨地時節本	人 真 言 伴 侶 所 成 就 物 精 勤 處 所 淨 地 時 節 本 
T18n0895b_001:0739c27	尊財物。具此十法真言得成就。又餘宗說具	尊 財 物 具 此 十 法 真 言 得 成 就 又 餘 宗 說 具 
T18n0895b_001:0739c28	三種法真言及成。所謂為真言行人伴侶。又	三 種 法 真 言 及 成 所 謂 為 真 言 行 人 伴 侶 又 
T18n0895b_001:0739c29	餘宗說具四種法真言乃成。謂處所精勤	餘 宗 說 具 四 種 法 真 言 乃 成 謂 處 所 精 勤 
T18n0895b_001:0740a01	時節依法。又餘宗說具五種法真言乃成。謂	時 節 依 法 又 餘 宗 說 具 五 種 法 真 言 乃 成 謂 
T18n0895b_001:0740a02	真言所成就物處所本尊物。如是諸宗或說	真 言 所 成 就 物 處 所 本 尊 物 如 是 諸 宗 或 說 
T18n0895b_001:0740a03	十法。或說八法。或六或四。或三或二。各於	十 法 或 說 八 法 或 六 或 四 或 三 或 二 各 於 
T18n0895b_001:0740a04	本法演說不同。然此釋教具二種法真言乃	本 法 演 說 不 同 然 此 釋 教 具 二 種 法 真 言 乃 
T18n0895b_001:0740a05	成。一者行人。二者真言。行人具以戒律。正勤	成 一 者 行 人 二 者 真 言 行 人 具 以 戒 律 正 勤 
T18n0895b_001:0740a06	精進。於他利養。不起貪嫉。於身命財。常無戀	精 進 於 他 利 養 不 起 貪 嫉 於 身 命 財 常 無 戀 
T18n0895b_001:0740a07	著。真言文字圓滿。聲相分明。可成就法皆悉	著 真 言 文 字 圓 滿 聲 相 分 明 可 成 就 法 皆 悉 
T18n0895b_001:0740a08	具足。於佛菩薩所居之處言不成翻上應知。	具 足 於 佛 菩 薩 所 居 之 處 言 不 成 翻 上 應 知 
T18n0895b_001:0740a09	復次行者於念誦時。中間有所闕犯。或有間	復 次 行 者 於 念 誦 時 中 間 有 所 闕 犯 或 有 間 
T18n0895b_001:0740a10	斷。棄本所誦。別持餘明主。自所持者授與他	斷 棄 本 所 誦 別 持 餘 明 主 自 所 持 者 授 與 他 
T18n0895b_001:0740a11	人。念誦遍數雖滿不成。復更應須每日三時	人 念 誦 遍 數 雖 滿 不 成 復 更 應 須 每 日 三 時 
T18n0895b_001:0740a12	如法供養。念誦數滿十萬遍。即應如法護摩。	如 法 供 養 念 誦 數 滿 十 萬 遍 即 應 如 法 護 摩 
T18n0895b_001:0740a13	當以大麥。用稻花。或以巨勝以白芥子。隨	當 以 大 麥 用 稻 花 或 以 巨 勝 以 白 芥 子 隨 
T18n0895b_001:0740a14	取其一。與蘇相和。數滿十千。或八十千。或	取 其 一 與 蘇 相 和 數 滿 十 千 或 八 十 千 或 
T18n0895b_001:0740a15	四三千。以憂曇鉢羅木。或阿說他木。或波羅	四 三 千 以 憂 曇 鉢 羅 木 或 阿 說 他 木 或 波 羅 
T18n0895b_001:0740a16	賒木。或閼迦木。或以龍木或用無憂木。或蜜	賒 木 或 閼 迦 木 或 以 龍 木 或 用 無 憂 木 或 蜜 
T18n0895b_001:0740a17	魯婆木。或尼俱陀木。或奄沒羅木。或却羅	魯 婆 木 或 尼 俱 陀 木 或 奄 沒 羅 木 或 却 羅 
T18n0895b_001:0740a18	木。或賒彌木。或鉢落木。或阿波末伽木。或末	木 或 賒 彌 木 或 鉢 落 木 或 阿 波 末 伽 木 或 末 
T18n0895b_001:0740a19	度迦木。或湛母迦木。隨取一木。麁細如指長	度 迦 木 或 湛 母 迦 木 隨 取 一 木 麁 細 如 指 長 
T18n0895b_001:0740a20	十指截於蘇蜜酪榅柴兩頭。每日護摩。數如	十 指 截 於 蘇 蜜 酪 榅 柴 兩 頭 每 日 護 摩 數 如 
T18n0895b_001:0740a21	上說。前所闕犯。還得清淨。然後方求真言悉	上 說 前 所 闕 犯 還 得 清 淨 然 後 方 求 真 言 悉 
T18n0895b_001:0740a22	地無所障難。	地 無 所 障 難 
T18n0895b_001:0740a23	復次行者所持真言餘持誦繫縛明主。或若	復 次 行 者 所 持 真 言 餘 持 誦 繫 縛 明 主 或 若 
T18n0895b_001:0740a24	釘打。或斷或破。令不成就。即須應作本尊形	釘 打 或 斷 或 破 令 不 成 就 即 須 應 作 本 尊 形 
T18n0895b_001:0740a25	像。當置於各部部主足下。面須相對。然後	像 當 置 於 各 部 部 主 足 下 面 須 相 對 然 後 
T18n0895b_001:0740a26	以繼利吉羅等諸部明主大威真言誦持。蘇	以 繼 利 吉 羅 等 諸 部 明 主 大 威 真 言 誦 持 蘇 
T18n0895b_001:0740a27	蜜灌浴本尊。如是十日。作此法已。被餘所縛	蜜 灌 浴 本 尊 如 是 十 日 作 此 法 已 被 餘 所 縛 
T18n0895b_001:0740a28	即得解脫。	即 得 解 脫 
T18n0895b_001:0740a29	復次行者於真言中所制諸法。並皆修行。一	復 次 行 者 於 真 言 中 所 制 諸 法 並 皆 修 行 一 
T18n0895b_001:0740b01	無遺闕。仍不成者。即應以諸猛毒作彼尊形。	無 遺 闕 仍 不 成 者 即 應 以 諸 猛 毒 作 彼 尊 形 
T18n0895b_001:0740b02	繼利吉羅等諸部明主真言。截其像形。段段	繼 利 吉 羅 等 諸 部 明 主 真 言 截 其 像 形 段 段 
T18n0895b_001:0740b03	而片。和白芥子油。每日三時而作護摩。如	而 片 和 白 芥 子 油 每 日 三 時 而 作 護 摩 如 
T18n0895b_001:0740b04	是七日即得悉地。若不成。敗壞之樂。是故諸	是 七 日 即 得 悉 地 若 不 成 敗 壞 之 樂 是 故 諸 
T18n0895b_001:0740b05	法皆從心生。非自然現。亦不由時。復非自在	法 皆 從 心 生 非 自 然 現 亦 不 由 時 復 非 自 在 
T18n0895b_001:0740b06	之天。非無因緣。亦不從我能生諸法。但由無	之 天 非 無 因 緣 亦 不 從 我 能 生 諸 法 但 由 無 
T18n0895b_001:0740b07	明流轉生死。四大和合假名為色。色非是我。	明 流轉生死 四 大 和 合 假 名 為 色 色 非 是 我 
T18n0895b_001:0740b08	我非是色。色非我所。我所非色。如是四蘊應	我 非 是 色 色 非 我 所 我 所 非 色 如 是 四 蘊 應 
T18n0895b_001:0740b09	知是空。色是無常。由如聚沫。受如浮泡。想	知 是 空 色 是 無 常 由 如 聚 沫 受 如 浮 泡 想 
T18n0895b_001:0740b10	如陽炎。行如芭蕉。識如幻化。如是之見名為	如 陽 炎 行 如 芭 蕉 識 如 幻 化 如 是 之 見 名 為 
T18n0895b_001:0740b11	正見。若異見者名為邪見。	正 見 若 異 見 者 名 為 邪 見 
T18n0895b_001:0740b12	復次念誦數足悉地欲近即推夢中見如是	復 次 念 誦 數 足 悉 地 欲 近 即 推 夢 中 見 如 是 
T18n0895b_001:0740b13	事。或見自身登高樓閣。或昇大樹。或騎師子	事 或 見 自 身 登 高 樓 閣 或 昇 大 樹 或 騎 師 子 
T18n0895b_001:0740b14	大虫及馬昇大高山。於虛空中聞大雷聲。或	大 虫 及 馬 昇 大 高 山 於 虛 空 中 聞 大 雷 聲 或 
T18n0895b_001:0740b15	騎犀牛白象特牛。或得錢財花鬘及衣。或得	騎 犀 牛 白 象 特 牛 或 得 錢 財 花 鬘 及 衣 或 得 
T18n0895b_001:0740b16	酒肉水類之果。或得紅蓮花經及尊客。或得	酒 肉 水 類 之 果 或 得 紅 蓮 花 經 及 尊 客 或 得 
T18n0895b_001:0740b17	駱駝並與犢子。或獲滿載之車白線蠅拂。並	駱 駝 並 與 犢 子 或 獲 滿 載 之 車 白 線 蠅 拂 並 
T18n0895b_001:0740b18	獲舄履。或得橫刀孔雀尾扇金瓔寶珠螺貝	獲 舄 履 或 得 橫 刀 孔 雀 尾 扇 金 瓔 寶 珠 螺 貝 
T18n0895b_001:0740b19	傷却端嚴美女。或見己母。或得諸寶嚴身之	傷 却 端 嚴 美 女 或 見 己 母 或 得 諸 寶 嚴 身 之 
T18n0895b_001:0740b20	具。及得臥具覆以白衣。或見自身汎過大海。	具 及 得 臥 具 覆 以 白 衣 或 見 自 身 汎 過 大 海 
T18n0895b_001:0740b21	及度江河龍池陂泊。及以飲浴。或見以血澡	及 度 江 河 龍 池 陂 泊 及 以 飲 浴 或 見 以 血 澡 
T18n0895b_001:0740b22	浴自身。或見入寺制底僧房。或見如來菩薩	浴 自 身 或 見 入 寺 制 底 僧 房 或 見 如 來 菩 薩 
T18n0895b_001:0740b23	緣覺無漏聖僧。比丘及與比丘尼眾。優婆私	緣 覺 無 漏 聖 僧 比 丘 及 與 比 丘 尼 眾 優 婆 私 
T18n0895b_001:0740b24	迦天神國王。或見大刀阿修羅眾淨婆羅門。	迦 天 神 國 王 或 見 大 刀 阿 修 羅 眾 淨 婆 羅 門 
T18n0895b_001:0740b25	或見意樂丈夫及以女人富政直善心長者。	或 見 意 樂 丈 夫 及 以 女 人 富 政 直 善 心 長 者 
T18n0895b_001:0740b26	或見父母及以親眷相會一處。或見持明主諸	或 見 父 母 及 以 親 眷 相 會 一 處 或 見 持 明 主 諸 
T18n0895b_001:0740b27	仙妙持誦人。或見吞納日月。或見自隨於屎	仙 妙 持 誦 人 或 見 吞 納 日 月 或 見 自 隨 於 屎 
T18n0895b_001:0740b28	坑。或飲人精及喫人肉。入於火聚。或見女人	坑 或 飲 人 精 及 喫 人 肉 入 於 火 聚 或 見 女 人 
T18n0895b_001:0740b29	入於身內。如是等殊勝夢已。應知一月及已	入 於 身 內 如 是 等 殊 勝 夢 已 應 知 一 月 及 已 
T18n0895b_001:0740c01	半月當獲成就。	半 月 當 獲 成 就 
T18n0895b_001:0740c02	蘇摩呼童子經卷上	蘇 摩 呼 童 子 經 卷 上 
T18n0895b_002:0740c06	蘇磨呼漸近悉地持誦相分第六	蘇 磨 呼 漸 近 悉 地 持 誦 相 分 第 六 
T18n0895b_002:0740c07	卷下	卷 下 
T18n0895b_002:0740c09	復次如法念誦。即便當獲意樂成就。譬如師	復 次 如 法 念 誦 即 便 當 獲 意 樂 成 就 譬 如 師 
T18n0895b_002:0740c10	子飢餓所逼。以大勢力殺害大象。若殺野干	子 飢 餓 所 逼 以 大 勢 力 殺 害 大 象 若 殺 野 干 
T18n0895b_002:0740c11	及諸小獸。所施勢力與彼殺象。一無有異。行	及 諸 小 獸 所 施 勢 力 與 彼 殺 象 一 無 有 異 行 
T18n0895b_002:0740c12	者成就上中下事。所發精勤亦復如是。行者	者 成 就 上 中 下 事 所 發 精 勤 亦復如是 行 者 
T18n0895b_002:0740c13	若住闠鬧之處。即蚊虻冷熱諸苦逼身。及聞	若 住 闠 鬧 之 處 即 蚊 虻 冷 熱 諸 苦 逼 身 及 聞 
T18n0895b_002:0740c14	種種鼓樂音聲。或聞諸人歌詠舞聲。或諸鳥	種 種 鼓 樂 音 聲 或 聞 諸 人 歌 詠 舞 聲 或 諸 鳥 
T18n0895b_002:0740c15	并江水聲。或聞婦人瓔珞音聲。以斯緣故。令	并 江 水 聲 或 聞 婦 人 瓔 珞 音 聲 以 斯 緣 故 令 
T18n0895b_002:0740c16	心散亂。是故行人常須遠離。	心 散 亂 是 故 行 人 常 須 遠 離 
T18n0895b_002:0740c17	復次行人念誦。不應太緩。不應太急。聲不應	復 次 行 人 念 誦 不 應 太 緩 不 應 太 急 聲 不 應 
T18n0895b_002:0740c18	高。亦不應小。不應間斷語話勿令緣餘境。名	高 亦 不 應 小 不 應 間 斷 語 話 勿 令 緣 餘 境 名 
T18n0895b_002:0740c19	謀字體不應訛錯。譬如大河日夜流注。恒無	謀 字 體 不 應 訛 錯 譬 如 大 河 日 夜 流 注 恒 無 
T18n0895b_002:0740c20	休息。持誦之人所作供養。禮歎諸餘功德。日	休 息 持 誦 之 人 所 作 供 養 禮 歎 諸 餘 功 德 日 
T18n0895b_002:0740c21	夜增流亦復如。念誦之時。心若攀緣雜染之	夜 增 流 亦 復 如 念 誦 之 時 心 若 攀 緣 雜 染 之 
T18n0895b_002:0740c22	境。或赴懈怠。或生欲想。應速迴心。攀真言	境 或 赴 懈 怠 或 生 欲 想 應 速 迴 心 攀 真 言 
T18n0895b_002:0740c23	字。或觀本尊或觀手印。譬如觀行之人。置心	字 或 觀 本 尊 或 觀 手 印 譬 如 觀 行 之 人 置 心 
T18n0895b_002:0740c24	眉間令不散亂。後時境至心若不動。彼人即	眉 間 令 不 散 亂 後 時 境 至 心 若 不 動 彼 人 即 
T18n0895b_002:0740c25	名觀行成就。念誦之人。所緣心處若不動搖。	名 觀 行 成 就 念 誦 之 人 所 緣 心 處 若 不 動 搖 
T18n0895b_002:0740c26	即名成就。是故行者欲求悉地。當須攝心一	即 名 成 就 是 故 行 者 欲 求 悉 地 當 須 攝 心 一 
T18n0895b_002:0740c27	境。其心調伏即生歡喜。隨其歡喜即身輕安。	境 其 心 調 伏 即 生 歡 喜 隨 其 歡 喜 即 身 輕 安 
T18n0895b_002:0740c28	隨身輕安即身安樂。隨身安樂即得心定。隨	隨 身 輕 安 即 身 安 樂 隨 身 安 樂 即 得 心 定 隨 
T18n0895b_002:0740c29	其心定即於念誦心無疑惑。隨其念誦即便	其 心 定 即 於 念 誦 心 無 疑 惑 隨 其 念 誦 即 便 
T18n0895b_002:0741a01	罪滅。隨其罪滅即心清淨。心清淨故即得成	罪 滅 隨 其 罪 滅 即 心 清 淨 心 清 淨 故 即 得 成 
T18n0895b_002:0741a02	就。是故如來作如是說。一切諸法以心為本。	就 是 故 如 來 作如是說 一切諸法 以 心 為 本 
T18n0895b_002:0741a03	由心清淨。獲得人天殊勝快樂。由心雜染。便	由 心 清 淨 獲 得 人 天 殊 勝 快 樂 由 心 雜 染 便 
T18n0895b_002:0741a04	墮地獄乃至傍生貧窮之苦。由心極淨。乃證	墮 地 獄 乃 至 傍 生 貧 窮 之 苦 由 心 極 淨 乃 證 
T18n0895b_002:0741a05	遠離地水火風生老病死。不著二邊寂滅解	遠 離 地水火風 生老病死 不 著 二 邊 寂 滅 解 
T18n0895b_002:0741a06	脫。由心少淨。真言亦成。當獲無常供養本	脫 由 心 少 淨 真 言 亦 成 當 獲 無 常 供 養 本 
T18n0895b_002:0741a07	尊之主。次復供養自部明主。然後供養本所	尊 之 主 次 復 供 養 自 部 明 主 然 後 供 養 本 所 
T18n0895b_002:0741a08	持尊。次復重發妙菩提心。廣大慈悲為度一	持 尊 次 復 重 發 妙 菩 提 心 廣 大 慈 悲 為 度 一 
T18n0895b_002:0741a09	切生老病死所溺眾生。復次應次讀大集經。	切 生老病死 所 溺 眾 生 復 次 應 次 讀 大 集 經 
T18n0895b_002:0741a10	或吉祥偈。或法輪經。或如來祕密。或大燈經。	或 吉 祥 偈 或 法 輪 經 或 如 來 祕 密 或 大 燈 經 
T18n0895b_002:0741a11	於中隨讀一部經已然。後即應專心結八方。	於 中 隨 讀 一 部 經 已 然 後 即 應 專 心 結 八 方 
T18n0895b_002:0741a12	結八方界。并結虛空及地界。之又以真言自	結 八 方 界 并 結 虛 空 及 地 界 之 又 以 真 言 自 
T18n0895b_002:0741a13	身被甲。如上所說。諸漫荼羅以淨彩色隨意	身 被 甲 如上所說 諸 漫 荼 羅 以 淨 彩 色 隨 意 
T18n0895b_002:0741a14	作一。護八方神。要須安置彼等。能摧諸部難	作 一 護 八 方 神 要 須 安 置 彼 等 能 摧 諸 部 難 
T18n0895b_002:0741a15	者。次復應以師子座明王。誦念其座。安漫	者 次 復 應 以 師 子 座 明 王 誦 念 其 座 安 漫 
T18n0895b_002:0741a16	荼羅內。其護身法。取所成物安於彼土。持誦	荼 羅 內 其 護 身 法 取 所 成 物 安 於 彼 土 持 誦 
T18n0895b_002:0741a17	彼物須臾之間復香水灑。以相應法。護摩一	彼 物 須臾之間 復 香 水 灑 以 相 應 法 護 摩 一 
T18n0895b_002:0741a18	千。先取三箇阿說他葉。所成就物置於其上。	千 先 取 三 箇 阿 說 他 葉 所 成 就 物 置 於 其 上 
T18n0895b_002:0741a19	復取四葉而覆其物。即如法專念誦。乃至當	復 取 四 葉 而 覆 其 物 即 如 法 專 念 誦 乃 至 當 
T18n0895b_002:0741a20	見三種相現。增長氣炯光現。次第成就三種	見 三 種 相 現 增 長 氣 炯 光 現 次 第 成 就 三 種 
T18n0895b_002:0741a21	悉地。若得氣出。即是悉地。諸人敬念。若得炯	悉 地 若 得 氣 出 即 是 悉 地 諸 人 敬 念 若 得 炯 
T18n0895b_002:0741a22	出。轉形悉地。若得光出。即是成就持明之仙	出 轉 形 悉 地 若 得 光 出 即 是 成 就 持 明 之 仙 
T18n0895b_002:0741a23	變得清淨微細之身。譬如死至冷觸遍身。復	變 得 清 淨 微 細 之 身 譬 如 死 至 冷 觸 遍 身 復 
T18n0895b_002:0741a24	如中陰來入處胎。譬如日光以照火珠便出	如 中 陰 來 入 處 胎 譬 如 日 光 以 照 火 珠 便 出 
T18n0895b_002:0741a25	其火。悉地入身。亦復如是名成就之法。若以	其 火 悉 地 入 身 亦復如是 名 成 就 之 法 若 以 
T18n0895b_002:0741a26	內成就事者。其相若現即便。悉地謂彼像上	內 成 就 事 者 其 相 若 現 即 便 悉 地 謂 彼 像 上 
T18n0895b_002:0741a27	見花鬘動。見眉動。或見嚴身諸瓔珞動。或見	見 花 鬘 動 見 眉 動 或 見 嚴 身 諸 瓔 珞 動 或 見 
T18n0895b_002:0741a28	空中種種天花微風動。或墮細雨。或覺地動。	空 中 種 種 天 花 微 風 動 或 墮 細 雨 或 覺 地 動 
T18n0895b_002:0741a29	或聞空聲。作如是言。汝所求願今當說之。或	或 聞 空 聲 作如是言 汝 所 求 願 今 當 說 之 或 
T18n0895b_002:0741b01	見燈炎增長。其色潤澤輝曜。如金光。或復油	見 燈 炎 增 長 其 色 潤 澤 輝 曜 如 金 光 或 復 油 
T18n0895b_002:0741b02	盡燈光轉增。見斯等相。便得悉地。或覺白毫	盡 燈 光 轉 增 見 斯 等 相 便 得 悉 地 或 覺 白 毫 
T18n0895b_002:0741b03	毛遍竪。或聞空中天樂之音。或聞諸天瓔珞	毛 遍 竪 或 聞 空 中 天 樂 之 音 或 聞 諸 天 瓔 珞 
T18n0895b_002:0741b04	之聲。或於空中見本尊。復次我說成就轉近	之 聲 或 於 空 中 見 本 尊 復 次 我 說 成 就 轉 近 
T18n0895b_002:0741b05	悉地。於念誦事。極以愛樂心。不攀緣雜染之	悉 地 於 念 誦 事 極 以 愛 樂 心 不 攀 緣 雜 染 之 
T18n0895b_002:0741b06	境。亦無飢渴寒熱等苦。於諸違法外相之境。	境 亦 無 飢 渴 寒 熱 等 苦 於 諸 違 法 外 相 之 境 
T18n0895b_002:0741b07	心不動搖。蜎及虻蛇等諸毒虫。皆不敢害。	心 不 動 搖 蜎 及 虻 蛇 等 諸 毒 虫 皆 不 敢 害 
T18n0895b_002:0741b08	毘舍闍鬼富單那等諸餘鬼類。不敢近過。行	毘 舍 闍 鬼 富 單 那 等 諸 餘 鬼 類 不 敢 近 過 行 
T18n0895b_002:0741b09	者影中所出言教。皆悉信受。轉加聰慧。善綴	者 影 中 所 出 言 教 皆 悉 信 受 轉 加 聰 慧 善 綴 
T18n0895b_002:0741b10	文章。於諸書算。轉成巧妙。心樂善法。勤勇靜	文 章 於 諸 書 算 轉 成 巧 妙 心 樂 善 法 勤 勇 靜 
T18n0895b_002:0741b11	行。復見地藏。亦無身病及污垢膩。身有香氣。	行 復 見 地 藏 亦 無 身 病 及 污 垢 膩 身 有 香 氣 
T18n0895b_002:0741b12	若有人見及已聞名。生敬念心。亦諸媚女自	若 有 人 見 及 已 聞 名 生 敬 念 心 亦 諸 媚 女 自 
T18n0895b_002:0741b13	來呼名。以心淨故。無欲染意。於虛空中。聞	來 呼 名 以 心 淨 故 無 欲 染 意 於 虛 空 中 聞 
T18n0895b_002:0741b14	諸天語言。復見彼形及乾闥婆夜叉之類。其	諸 天 語 言 復 見 彼 形 及 乾 闥 婆 夜 叉 之 類 其 
T18n0895b_002:0741b15	持誦者若見斯等勝妙好相已。即應自知。我	持 誦 者 若 見 斯 等 勝 妙 好 相 已 即 應 自 知 我 
T18n0895b_002:0741b16	今近於真言悉地。即應須辨成就法事。	今 近 於 真 言 悉 地 即 應 須 辨 成 就 法 事 
T18n0895b_002:0741b17	復次行者起首悉地。應具八戒。或二三日。亦	復 次 行 者 起 首 悉 地 應 具 八 戒 或 二 三 日 亦 
T18n0895b_002:0741b18	須斷食。然後起成。爾時妙膊童子白執金剛	須 斷 食 然 後 起 成 爾 時 妙 膊 童 子 白 執 金 剛 
T18n0895b_002:0741b19	菩薩言。尊者先說不由食故獲得清淨。云何	菩 薩 言 尊 者 先 說 不 由 食 故 獲 得 清 淨 云 何 
T18n0895b_002:0741b20	復言應須斷食。世尊說。食如油膏車。未知斷	復 言 應 須 斷 食 世 尊 說 食 如 油 膏 車 未 知 斷 
T18n0895b_002:0741b21	食。其事云何。執金剛菩薩語妙膞言。聲如雷	食 其 事 云 何 執 金 剛 菩 薩 語 妙 膞 言 聲 如 雷 
T18n0895b_002:0741b22	音。作如是說。不為心淨故。教令斷食。但諸眾	音 作如是說 不 為 心 淨 故 教 令 斷 食 但 諸 眾 
T18n0895b_002:0741b23	生以皮纏縛血肉腦肝膓腎肺。脂膩痰膜屎	生 以 皮 纏 縛 血 肉 腦 肝 膓 腎 肺 脂 膩 痰 膜 屎 
T18n0895b_002:0741b24	尿。常流不淨種種穢物。如是之身。地水火風	尿 常 流 不 淨 種 種 穢 物 如 是 之 身 地水火風 
T18n0895b_002:0741b25	假合成立。如四毒蛇置於一篋。欲令彼等屎	假 合 成 立 如 四 毒 蛇 置 於 一 篋 欲 令 彼 等 屎 
T18n0895b_002:0741b26	尿涕涶血腦臭穢不令流出故。為斷食。非為	尿 涕 涶 血 腦 臭 穢 不 令 流 出 故 為 斷 食 非 為 
T18n0895b_002:0741b27	妨道故令斷食。行者若生婬想。如上所說。不	妨 道 故 令 斷 食 行 者 若 生 婬 想 如上所說 不 
T18n0895b_002:0741b28	淨之身以惠觀察。所起欲心即便消滅。於身	淨 之 身 以 惠 觀 察 所 起 欲 心 即 便 消 滅 於 身 
T18n0895b_002:0741b29	命財亦無應著。行者具新真言法已。復知	命 財 亦 無 應 著 行 者 具 新 真 言 法 已 復 知 
T18n0895b_002:0741c01	自身成就不遠。即應白月八日。或十四日或	自 身 成 就 不 遠 即 應 白 月 八 日 或 十 四 日 或 
T18n0895b_002:0741c02	十五日。用以瞿摩塗地淨之。次塗香等及以	十 五 日 用 以 瞿 摩 塗 地 淨 之 次 塗 香 等 及 以 
T18n0895b_002:0741c03	讚歎。先供養佛。次復下者以花供養燈亦如	讚 歎 先 供 養 佛 次 復 下 者 以 花 供 養 燈 亦 如 
T18n0895b_002:0741c04	是。欲知如法。乃至夢中為說諸事。如上所說。	是 欲 知 如 法 乃 至 夢 中 為 說 諸 事 如上所說 
T18n0895b_002:0741c05	下私那法具悉修行。仍不下者。即應一日斷	下 私 那 法 具 悉 修 行 仍 不 下 者 即 應 一 日 斷 
T18n0895b_002:0741c06	食。具持八戒。發大慈悲。或於制底。或於端嚴	食 具 持 八 戒 發 大 慈 悲 或 於 制 底 或 於 端 嚴 
T18n0895b_002:0741c07	尊像之前。取部母真言。或取部主真言。作是	尊 像 之 前 取 部 母 真 言 或 取 部 主 真 言 作 是 
T18n0895b_002:0741c08	押法念誦。極須專心不得動搖身及眉眼坐。	押 法 念 誦 極 須 專 心 不 得 動 搖 身 及 眉 眼 坐 
T18n0895b_002:0741c09	於茅草數滿落叉。或二落叉。或意將足。若作	於 茅 草 數 滿 落 叉 或 二 落 叉 或 意 將 足 若 作 
T18n0895b_002:0741c10	此法。呼我唵字。枯木尚入。何況人處。若欲令	此 法 呼 我 唵 字 枯 木 尚 入 何 況 人 處 若 欲 令 
T18n0895b_002:0741c11	於童子所下者。即應簡取十箇或八。或七五	於 童 子 所 下 者 即 應 簡 取 十 箇 或 八 或 七 五 
T18n0895b_002:0741c12	四三二。年十二或十歲。身分血脈及諸骨節	四 三 二 年 十 二 或 十 歲 身 分 血 脈 及 諸 骨 節 
T18n0895b_002:0741c13	並皆不現。圓滿具足。眼目端正。青白分明。由	並 皆 不 現 圓 滿 具 足 眼 目 端 正 青 白 分 明 由 
T18n0895b_002:0741c14	如具齒白齊密。手指纖長。亦無孔罅脛臂(腕字)	如 具 齒 白 齊 密 手 指 纖 長 亦 無 孔 罅 脛 臂 腕 字 
T18n0895b_002:0741c15	[糸*龍]圓。嬭房嵩高。股肱圓滿。毫毛一一而出。頭	[糸龍] 圓 嬭 房 嵩 高 股 肱 圓 滿 毫 毛 一 一 而 出 頭 
T18n0895b_002:0741c16	髮黑密。臍深腰細。心有三物。色相具足。有人	髮 黑 密 臍 深 腰 細 心 有 三 物 色 相 具 足 有 人 
T18n0895b_002:0741c17	見者。心生愛樂。若得如是童及女。於白月	見 者 心 生 愛 樂 若 得 如 是 童 及 女 於 白 月 
T18n0895b_002:0741c18	八日。或十四。或十五日。澡浴清淨。著新白	八 日 或 十 四 或 十 五 日 澡 浴 清 淨 著 新 白 
T18n0895b_002:0741c19	衣。與授八戒。其日斷食。令坐前說漫荼羅內。	衣 與 授 八 戒 其 日 斷 食 令 坐 前 說 漫 荼 羅 內 
T18n0895b_002:0741c20	次即以花燃燈塗香燒香種種飲食。供養本	次 即 以 花 燃 燈 塗 香 燒 香 種 種 飲 食 供 養 本 
T18n0895b_002:0741c21	尊。及八方等大神。及阿修羅諸餘鬼類。一	尊 及 八 方 等 大 神 及 阿 修 羅 諸 餘 鬼 類 一 
T18n0895b_002:0741c22	一復已妙花散彼童子。及以塗身等。然後手	一 復 已 妙 花 散 彼 童 子 及 以 塗 身 等 然 後 手 
T18n0895b_002:0741c23	執香鑪。頂戴念誦。於其真言。先置[合*牛]字。中	執 香 鑪 頂 戴 念 誦 於 其 真 言 先 置 [合牛] 字 中 
T18n0895b_002:0741c24	間應呼吃[口*栗](二合)訶(上)拏(二合)之句(云捉也)又呼阿	間 應 呼 吃 [口栗] 二 合 訶 上 拏 二 合 之 句 云 捉 也 又 呼 阿 
T18n0895b_002:0741c25	鼻舍(云遍入)字。又呼乞澁(二合)鉢囉(二合云速)私那下已。	鼻 舍 云 遍 入 字 又 呼 乞 澁 二 合 鉢 囉 二 合 云 速 私 那 下 已 
T18n0895b_002:0741c26	即有此相現所為眼目歡悅。視物不瞬。無出	即 有 此 相 現 所 為 眼 目 歡 悅 視 物 不 瞬 無 出 
T18n0895b_002:0741c27	入息。即當應知。私那已下。即以閼伽燒香供	入 息 即 當 應 知 私 那 已 下 即 以 閼 伽 燒 香 供 
T18n0895b_002:0741c28	養。心念最勝明真言。即應敬問。尊是何類。自	養 心 念 最 勝 明 真 言 即 應 敬 問 尊 是 何 類 自 
T18n0895b_002:0741c29	他所有疑惑。即應速問。彼尊身眷屬圍繞。即	他 所 有 疑 惑 即 應 速 問 彼 尊 身 眷 屬 圍 繞 即 
T18n0895b_002:0742a01	應以花於淨器中盛。滿香水。復置五寶。是為	應 以 花 於 淨 器 中 盛 滿 香 水 復 置 五 寶 是 為 
T18n0895b_002:0742a02	閼迦。即讚歎相應供養。以深恭敬。[跍*月]跪叩頭。	閼 迦 即 讚 歎 相 應 供 養 以 深 恭 敬 [跍月] 跪 叩 頭 
T18n0895b_002:0742a03	量本功夫。即應求願。既得願已。歡喜禮拜。復	量 本 功 夫 即 應 求 願 既 得 願 已 歡 喜 禮 拜 復 
T18n0895b_002:0742a04	以閼迦供養讚歎。所持真言對彼誦已。然後	以 閼 迦 供 養 讚 歎 所 持 真 言 對 彼 誦 已 然 後 
T18n0895b_002:0742a05	即應如法發遣。一切真言法應如是。	即 應 如 法 發 遣 一 切 真 言 法 應 如 是 
T18n0895b_002:0742a06	蘇磨呼請問下鉢私那分第八	蘇 磨 呼 請 問 下 鉢 私 那 分 第 八 
T18n0895b_002:0742a07	若欲問事下。鉢私那者於如是處。應當請召。	若 欲 問 事 下 鉢 私 那 者 於 如 是 處 應 當 請 召 
T18n0895b_002:0742a08	所謂手指銅鏡。清水橫刀。燈炎寶地。虛空尊	所 謂 手 指 銅 鏡 清 水 橫 刀 燈 炎 寶 地 虛 空 尊 
T18n0895b_002:0742a09	像。童子真珠。火聚石等。於如是處。鉢私那下	像 童 子 真 珠 火 聚 石 等 於 如 是 處 鉢 私 那 下 
T18n0895b_002:0742a10	請召來已。當自說天上人間。及過去未來現	請 召 來 已 當 自 說 天 上 人 間 及 過去未來 現 
T18n0895b_002:0742a11	在。超越三世善惡等事。一一具說。法若聞不	在 超 越 三 世 善 惡 等 事 一 一 具 說 法 若 聞 不 
T18n0895b_002:0742a12	依法。持真言字數或有加減。不經誦。不具正	依 法 持 真 言 字 數 或 有 加 減 不 經 誦 不 具 正 
T18n0895b_002:0742a13	信。亦不供養。於不淨地。天不睛明。童子身分	信 亦 不 供 養 於 不 淨 地 天 不 睛 明 童 子 身 分 
T18n0895b_002:0742a14	或勝或劣。有斯過等。私那不下。若欲請下。	或 勝 或 劣 有 斯 過 等 私 那 不 下 若 欲 請 下 
T18n0895b_002:0742a15	初應持誦私那真言。持誦功畢。即於白月八	初 應 持 誦 私 那 真 言 持 誦 功 畢 即 於 白 月 八 
T18n0895b_002:0742a16	日。或十四日。十五日。是日不食。以瞿摩用	日 或 十 四 日 十 五 日 是 日 不 食 以 瞿 摩 用 
T18n0895b_002:0742a17	塗其地。如牛皮像。即持童子澡浴清淨。著新	塗 其 地 如 牛 皮 像 即 持 童 子 澡 浴 清 淨 著 新 
T18n0895b_002:0742a18	白衣。坐於其上。以花香等。而為供養。自亦於	白 衣 坐 於 其 上 以 花 香 等 而 為 供 養 自 亦 於 
T18n0895b_002:0742a19	內面向東。坐茅草上。若欲令彼鏡面手下看。	內 面 向 東 坐 茅 草 上 若 欲 令 彼 鏡 面 手 下 看 
T18n0895b_002:0742a20	先取其鏡。以梵行婆羅門護摩之灰。揩拭令	先 取 其 鏡 以 梵 行 婆 羅 門 護 摩 之 灰 揩 拭 令 
T18n0895b_002:0742a21	淨。或七八遍乃十遍。即時置於漫荼羅內。處	淨 或 七 八 遍 乃 十 遍 即 時 置 於 漫 荼 羅 內 處 
T18n0895b_002:0742a22	中仰看。鏡中即現世出世事。若復欲下橫刀	中 仰 看 鏡 中 即 現 世 出 世 事 若 復 欲 下 橫 刀 
T18n0895b_002:0742a23	法。亦如鏡。若欲令於手指所下看。先以紫穬	法 亦 如 鏡 若 欲 令 於 手 指 所 下 看 先 以 紫 穬 
T18n0895b_002:0742a24	水。洗自指頭。後已香油塗之。若欲令於水中	水 洗 自 指 頭 後 已 香 油 塗 之 若 欲 令 於 水 中 
T18n0895b_002:0742a25	下看。淨濾之水瀉於瓶內。然後童子於中見	下 看 淨 濾 之 水 瀉 於 瓶 內 然 後 童 子 於 中 見 
T18n0895b_002:0742a26	事。若欲令下於空地及真珠看。以淨水灑。	事 若 欲 令 下 於 空 地 及 真 珠 看 以 淨 水 灑 
T18n0895b_002:0742a27	若欲令於尊像所身或殺持戒清淨比丘比丘	若 欲 令 於 尊 像 所 身 或 殺 持 戒 清 淨 比 丘 比 丘 
T18n0895b_002:0742a28	尼。優婆塞迦優婆私迦。或燒伽藍。犯斯罪者。	尼 優 婆 塞 迦 優 婆 私 迦 或 燒 伽 藍 犯 斯 罪 者 
T18n0895b_002:0742a29	假令勤苦亦不成就。於三寶處。有所害心。少	假 令 勤 苦 亦 不 成 就 於 三 寶 處 有 所 害 心 少 
T18n0895b_002:0742b01	分損害。我今略說彼所受報。如是人等墮無	分 損 害 我 今 略 說 彼 所 受 報 如 是 人 等 墮 無 
T18n0895b_002:0742b02	間獄。從彼得出。以不善業故。生貧賤家。雖初	間 獄 從 彼 得 出 以 不 善 業 故 生 貧 賤 家 雖 初 
T18n0895b_002:0742b03	發無上菩提之心。後還禮拜外道天等。彼諸	發 無上菩提 之 心 後 還 禮 拜 外 道 天 等 彼 諸 
T18n0895b_002:0742b04	天神於其人所。却生瞋害。持誦真言。終不成	天 神 於 其 人 所 却 生 瞋 害 持 誦 真 言 終 不 成 
T18n0895b_002:0742b05	就。彼從發菩提心後。諸天及人即應供養。彼	就 彼 從 發菩提心 後 諸 天 及 人 即 應 供 養 彼 
T18n0895b_002:0742b06	亦荷檐一切眾生。及施無畏。紹繼三寶。是故	亦 荷 檐 一 切 眾 生 及 施 無 畏 紹 繼 三 寶 是 故 
T18n0895b_002:0742b07	不應禮拜諸天。或作猛害之事。及殺仙人。破	不 應 禮 拜 諸 天 或 作 猛 害 之 事 及 殺 仙 人 破 
T18n0895b_002:0742b08	明主真言。瞋心故不復供養。眾無故以手斷	明 主 真 言 瞋 心 故 不 復 供 養 眾 無 故 以 手 斷 
T18n0895b_002:0742b09	壞草木。以足踐蹋蓮花及諸契印。亦復禮拜	壞 草 木 以 足 踐 蹋 蓮 花 及 諸 契 印 亦 復 禮 拜 
T18n0895b_002:0742b10	藥叉等類。復喫供養及祭祀鬼神之食。或喫	藥 叉 等 類 復 喫 供 養 及 祭 祀 鬼 神 之 食 或 喫 
T18n0895b_002:0742b11	所棄著地之食。或於畜生行非法行。或與女	所 棄 著 地 之 食 或 於 畜 生 行 非 法 行 或 與 女 
T18n0895b_002:0742b12	人於清淨處行非法事。以無明及藥捉諸蛇	人 於 清 淨 處 行 非 法 事 以 無 明 及 藥 捉 諸 蛇 
T18n0895b_002:0742b13	類。或乘象馬及狗牛驢。欲令去故。以杖打之。	類 或 乘 象 馬 及 狗 牛 驢 欲 令 去 故 以 杖 打 之 
T18n0895b_002:0742b14	於病患者及遭苦難。於彼等處不發慈悲。如	於 病 患 者 及 遭 苦 難 於 彼 等 處 不 發 慈 悲 如 
T18n0895b_002:0742b15	是人等真言不成。譬如虛空終不可量。於三	是 人 等 真 言 不 成 譬 如 虛 空 終 不 可 量 於 三 
T18n0895b_002:0742b16	寶處。行欲益反損。獲善惡報。亦復如是。又	寶 處 行 欲 益 反 損 獲 善 惡 報 亦復如是 又 
T18n0895b_002:0742b17	復以網羂索及諸方便。傷害眾生。及畜獚兒	復 以 網 羂 索 及 諸 方 便 傷 害 眾 生 及 畜 獚 兒 
T18n0895b_002:0742b18	羖羊。籠禁鸚鵡及諸鳥類。如是之人。今世後	羖 羊 籠 禁 鸚 鵡 及 諸 鳥 類 如 是 之 人 今 世 後 
T18n0895b_002:0742b19	世亦不成就。是故不應受用供養世尊之物。	世 亦 不 成 就 是 故 不 應 受 用 供 養 世 尊 之 物 
T18n0895b_002:0742b20	所供養食亦不應踐。不應食蹋墮地之食。供	所 供 養 食 亦 不 應 踐 不 應 食 蹋 墮 地 之 食 供 
T18n0895b_002:0742b21	養之物。不應頂戴。不應禮拜大自在及日月	養 之 物 不 應 頂 戴 不 應 禮 拜 大 自 在 及 日 月 
T18n0895b_002:0742b22	天火天及以那羅延天。假令遭苦。亦不應禮。	天 火 天 及 以 那 羅 延 天 假 令 遭 苦 亦 不 應 禮 
T18n0895b_002:0742b23	彼所說教不應習讀。不應供養行彼法人。於	彼 所 說 教 不 應 習 讀 不 應 供 養 行 彼 法 人 於 
T18n0895b_002:0742b24	彼自當說三世之事得利失利及得苦樂等。	彼 自 當 說 三 世 之 事 得 利 失 利 及 得 苦 樂 等 
T18n0895b_002:0742b25	所聞之教宜甘受持。勿生疑惑。所問事畢。即	所 聞 之 教 宜 甘 受 持 勿 生 疑 惑 所 問 事 畢 即 
T18n0895b_002:0742b26	速發遣。若具此法。私那速下。若不依法。不得	速 發 遣 若 具 此 法 私 那 速 下 若 不 依 法 不 得 
T18n0895b_002:0742b27	成就。為人所笑。復次私那自下。彼童子等面	成 就 為 人 所 笑 復 次 私 那 自 下 彼 童 子 等 面 
T18n0895b_002:0742b28	貌熙怡。容顏滋潤。眼目廣長。遶黑睛。外微有	貌 熙 怡 容 顏 滋 潤 眼 目 廣 長 遶 黑 睛 外 微 有 
T18n0895b_002:0742b29	赤色。精神意氣有大人相。出入息斷眼亦不	赤 色 精 神 意 氣 有 大 人 相 出 入 息 斷 眼 亦 不 
T18n0895b_002:0742c01	瞬。即當應知。是真私那。若魔等下。即別有	瞬 即 當 應 知 是 真 私 那 若 魔 等 下 即 別 有 
T18n0895b_002:0742c02	相。眼赤復圓。如人瞋視。眼睛不轉。張口怖	相 眼 赤 復 圓 如 人 瞋 視 眼 睛 不 轉 張 口 怖 
T18n0895b_002:0742c03	畏。亦無出入之息。眼亦不瞬。即應當知。藥叉	畏 亦 無 出 入 之 息 眼 亦 不 瞬 即 應 當 知 藥 叉 
T18n0895b_002:0742c04	等下。速須發遣。若不肯去。即便應誦妙吉祥	等 下 速 須 發 遣 若 不 肯 去 即 便 應 誦 妙 吉 祥 
T18n0895b_002:0742c05	偈。或誦不淨忿怒金剛真言。或誦杭斯尼使	偈 或 誦 不 淨 忿 怒 金 剛 真 言 或 誦 杭 斯 尼 使 
T18n0895b_002:0742c06	者真言。或誦金剛真言。或讀大集陀羅尼經。	者 真 言 或 誦 金 剛 真 言 或 讀 大 集 陀 羅 尼 經 
T18n0895b_002:0742c07	如上讀誦。若不去者。即以師子座真言。用閼	如 上 讀 誦 若 不 去 者 即 以 師 子 座 真 言 用 閼 
T18n0895b_002:0742c08	迦木。或波羅賒木。與藉相應護摩百遍。或以	迦 木 或 波 羅 賒 木 與 藉 相 應 護 摩 百 遍 或 以 
T18n0895b_002:0742c09	胡麻。或稻穀花蘇蜜相和。護摩百遍。最後已	胡 麻 或 稻 穀 花 蘇 蜜 相 和 護 摩 百 遍 最 後 已 
T18n0895b_002:0742c10	軍荼利真言。護摩七遍。或已三遍即便捨去。	軍 荼 利 真 言 護 摩 七 遍 或 已 三 遍 即 便 捨 去 
T18n0895b_002:0742c11	智者善解如是妙法。復能一一如法修行。不	智 者 善 解 如 是 妙 法 復 能 一一如法 修 行 不 
T18n0895b_002:0742c12	久勞苦而獲成就。	久 勞 苦 而 獲 成 就 
T18n0895b_002:0742c13	蘇磨呼童子請問經分別遮難分第九	蘇 磨 呼 童 子 請 問 經 分 別 遮 難 分 第 九 
T18n0895b_002:0742c14	復次殺阿羅漢。及殺父母。破和合僧。以懷瞋	復 次 殺阿羅漢 及 殺 父 母 破 和 合 僧 以 懷 瞋 
T18n0895b_002:0742c15	心。出佛身血求悉地者。終不成就。又破窣覩	心 出佛身血 求 悉 地 者 終 不 成 就 又 破 窣 覩 
T18n0895b_002:0742c16	波。及殺菩薩。污母羅漢。教人令殺。盜僧物	波 及 殺 菩 薩 污 母 羅 漢 教 人 令 殺 盜 僧 物 
T18n0895b_002:0742c17	財。或少或多。世尊說。是五類無間。若犯此	財 或 少 或 多 世 尊 說 是 五 類 無 間 若 犯 此 
T18n0895b_002:0742c18	罪。於無間獄。受苦一劫。假使勤苦念誦真言。	罪 於 無 間 獄 受 苦 一 劫 假 使 勤 苦 念 誦 真 言 
T18n0895b_002:0742c19	終不獲得成就。又諸佛所說微妙經典。瞋心	終 不 獲 得 成 就 又 諸佛所說 微妙經典 瞋 心 
T18n0895b_002:0742c20	損壞。或放火燒。或棄水中。或謗法正分別也。	損 壞 或 放 火 燒 或 棄 水 中 或 謗 法 正 分 別 也 
T18n0895b_002:0742c21	不應相鬪象馬牛羊雞犬等類。及令男女相	不 應 相 鬪 象 馬 牛 羊 雞 犬 等 類 及 令 男 女 相 
T18n0895b_002:0742c22	叉相撲。亦不往觀如上之戲。名正念。不說王	叉 相 撲 亦 不 往 觀 如 上 之 戲 名 正 念 不 說 王 
T18n0895b_002:0742c23	國及處所論。鬪戰相撲婬女之論。及以謎語。	國 及 處 所 論 鬪 戰 相 撲 婬 女 之 論 及 以 謎 語 
T18n0895b_002:0742c24	說往昔所經之事。及與染污家業之事。行者	說 往 昔 所 經 之 事 及 與 染 污 家 業 之 事 行 者 
T18n0895b_002:0742c25	依真言法念誦之時。乃至成就已還中間。不	依 真 言 法 念 誦 之 時 乃 至 成 就 已 還 中 間 不 
T18n0895b_002:0742c26	應入城村落生緣伽藍[撘合+言]底外道神祀。及彼	應 入 城 村 落 生 緣 伽 藍 [撘合言] 底 外 道 神 祀 及 彼 
T18n0895b_002:0742c27	居處。園林池河。如此等處並不應往。復次若	居 處 園 林 池 河 如 此 等 處 並 不 應 往 復 次 若 
T18n0895b_002:0742c28	當不獲如前所說上妙勝處。應居閑空神廟。	當 不 獲 如前所說 上 妙 勝 處 應 居 閑 空 神 廟 
T18n0895b_002:0742c29	或居樹下。或住河邊。或居山側。或泉池林。或	或 居 樹 下 或 住 河 邊 或 居 山 側 或 泉 池 林 或 
T18n0895b_002:0743a01	無人處。或居空室。一心念誦。或一年之中。除	無 人 處 或 居 空 室 一 心 念 誦 或 一 年 之 中 除 
T18n0895b_002:0743a02	安居外春秋二時。隨意遊行。山林河邊泉池	安 居 外 春 秋 二 時 隨 意 遊 行 山 林 河 邊 泉 池 
T18n0895b_002:0743a03	空室。專心念誦。譬如苾芻夏月安居。念誦之	空 室 專 心 念 誦 譬 如 苾 芻 夏 月 安 居 念 誦 之 
T18n0895b_002:0743a04	人亦復如是。行人念誦雖滿遍數。夏安居至。	人 亦復如是 行 人 念 誦 雖 滿 遍 數 夏 安 居 至 
T18n0895b_002:0743a05	莫作成就之法。准前念誦不得間斷。解夏以	莫 作 成 就 之 法 准 前 念 誦 不 得 間 斷 解 夏 以 
T18n0895b_002:0743a06	後。如法護身。方可成就。	後 如 法 護 身 方 可 成 就 
T18n0895b_002:0743a07	蘇磨呼分別護摩分第十	蘇 磨 呼 分 別 護 摩 分 第 十 
T18n0895b_002:0743a08	復次當說護摩差別置爐之法。或作團圓。成	復 次 當 說 護 摩 差 別 置 爐 之 法 或 作 團 圓 成 
T18n0895b_002:0743a09	作三角。或作四方。或如蓮花之形。並須有基。	作 三 角 或 作 四 方 或 如 蓮 花 之 形 並 須 有 基 
T18n0895b_002:0743a10	爐口安脣。泥拭細滑。外邊基階並須牢固。作	爐 口 安 脣 泥 拭 細 滑 外 邊 基 階 並 須 牢 固 作 
T18n0895b_002:0743a11	善事及求錢財。令他敬念。行息災法。其鑪須	善 事 及 求 錢 財 令 他 敬 念 行 息 災 法 其 鑪 須 
T18n0895b_002:0743a12	圓。若求成就一切諸事。或求女人及童子等。	圓 若 求 成 就 一 切 諸 事 或 求 女 人 及 童 子 等 
T18n0895b_002:0743a13	其鑪須作蓮花之形。若作行惡之法。或令走	其 鑪 須 作 蓮 花 之 形 若 作 行 惡 之 法 或 令 走 
T18n0895b_002:0743a14	等事。鑪須作三角。若欲調伏諸龍及餘鬼類。	等 事 鑪 須 作 三 角 若 欲 調 伏 諸 龍 及 餘 鬼 類 
T18n0895b_002:0743a15	或令火燒。或令苦痛。其鑪須方。基脣及爐以	或 令 火 燒 或 令 苦 痛 其 鑪 須 方 基 脣 及 爐 以 
T18n0895b_002:0743a16	瞿摩塗。復用茅草布於基上。階下四遍邊亦	瞿 摩 塗 復 用 茅 草 布 於 基 上 階 下 四 遍 邊 亦 
T18n0895b_002:0743a17	塗瞿摩。遍滿茅草。護摩之物安置基上。及安	塗 瞿 摩 遍 滿 茅 草 護 摩 之 物 安 置 基 上 及 安 
T18n0895b_002:0743a18	基下。所塗之處花。彼等法不生瞋恚。行彼法	基 下 所 塗 之 處 花 彼 等 法 不 生 瞋 恚 行 彼 法 
T18n0895b_002:0743a19	者亦不隨喜。不應誦彼真言讚歎。設若有財。	者 亦 不 隨 喜 不 應 誦 彼 真 言 讚 歎 設 若 有 財 
T18n0895b_002:0743a20	以慈悲施。先當禮拜一切諸佛及所居處。次	以 慈 悲 施 先 當 禮 拜 一切諸佛 及 所 居 處 次 
T18n0895b_002:0743a21	應禮諸菩薩眾。次禮緣覺聲聞之眾。譬如初	應 禮 諸 菩 薩 眾 次 禮 緣 覺 聲 聞 之 眾 譬 如 初 
T18n0895b_002:0743a22	月雖未圓滿。然諸人等致敬禮拜。菩薩亦爾。	月 雖 未 圓 滿 然 諸 人 等 致 敬 禮 拜 菩 薩 亦 爾 
T18n0895b_002:0743a23	雖未覺滿。漸漸當成菩提滿月。是故禮拜諸	雖 未 覺 滿 漸 漸 當 成 菩 提 滿 月 是 故 禮 拜 諸 
T18n0895b_002:0743a24	菩薩眾。彼等荷負一切眾生。以救濟故。發大	菩 薩 眾 彼 等 荷 負 一 切 眾 生 以 救 濟 故 發 大 
T18n0895b_002:0743a25	慈悲。熟有愚癡下劣眾生。不肯禮拜彼諸菩	慈 悲 熟 有 愚 癡 下 劣 眾 生 不 肯 禮 拜 彼 諸 菩 
T18n0895b_002:0743a26	薩。神力不思具大精進。若不禮者。非直真言	薩 神 力 不 思 具 大 精 進 若 不 禮 者 非 直 真 言 
T18n0895b_002:0743a27	不成。亦及乃毀謗諸佛。譬如從花乃成菓實。	不 成 亦 及 乃 毀 謗 諸 佛 譬 如 從 花 乃 成 菓 實 
T18n0895b_002:0743a28	花如菩薩。菓喻菩提。菩薩雖復於行欲者示	花 如 菩 薩 菓 喻 菩 提 菩 薩 雖 復 於 行 欲 者 示 
T18n0895b_002:0743a29	現行慾。於剛強者示現剛強。於柔軟者示現	現 行 慾 於 剛 強 者 示 現 剛 強 於 柔 軟 者 示 現 
T18n0895b_002:0743b01	慈悲。然彼菩薩實無憎愛。云何不禮彼等菩	慈 悲 然 彼 菩 薩 實 無 憎 愛 云 何 不 禮 彼 等 菩 
T18n0895b_002:0743b02	薩。復以種種真言主形。隨類能滿諸眾生心。	薩 復 以 種 種 真 言 主 形 隨 類 能 滿 諸 眾 生 心 
T18n0895b_002:0743b03	復能了知一切業果。是故應禮真言尊師。	復 能 了 知 一 切 業 果 是 故 應 禮 真 言 尊 師 
T18n0895b_002:0743b04	蘇磨呼童子請問分別聖道分第十一	蘇 磨 呼 童 子 請 問 分 別 聖 道 分 第 十 一 
T18n0895b_002:0743b05	復次當說八聖道法。為正見正分別正語正	復 次 當 說 八 聖 道 法 為 正 見 正 分 別 正 語 正 
T18n0895b_002:0743b06	業正命正勤正念正定。此是諸佛所行之道。	業 正 命 正 勤 正 念 正 定 此 是 諸 佛 所 行 之 道 
T18n0895b_002:0743b07	行此道者真言乃成。復生人天勝上妙處。過	行 此 道 者 真 言 乃 成 復 生 人 天 勝 上 妙 處 過 
T18n0895b_002:0743b08	去諸佛行此道故成等正覺。現在未來亦復	去 諸 佛 行 此 道 故 成等正覺 現在未來 亦 復 
T18n0895b_002:0743b09	如是。身口意業所修功德常依正教。不生廢	如 是 身口意業 所 修 功 德 常 依 正 教 不 生 廢 
T18n0895b_002:0743b10	惓。如是修行乃名正業。飲食衣服臥具湯藥	惓 如 是 修 行 乃 名 正 業 飲 食 衣 服 臥 具 湯 藥 
T18n0895b_002:0743b11	常懷知足。不生染者。是名正命。不讚己身。	常 懷 知 足 不 生 染 者 是 名 正 命 不 讚 己 身 
T18n0895b_002:0743b12	不毀他人。遠離諸過。如避炎火及以猛狩。常	不 毀 他 人 遠 離 諸 過 如 避 炎 火 及 以 猛 狩 常 
T18n0895b_002:0743b13	樂寂靜。是名正語。不學占相吉凶。男女等	樂 寂 靜 是 名 正 語 不 學 占 相 吉 凶 男 女 等 
T18n0895b_002:0743b14	事。天文地理。調象調馬法。射藝書算。世間	事 天 文 地 理 調 象 調 馬 法 射 藝 書 算 世 間 
T18n0895b_002:0743b15	言論。無益之典。遠離斯過。是名正見。言者不	言 論 無 益 之 典 遠 離 斯 過 是 名 正 見 言 者 不 
T18n0895b_002:0743b16	依法則。非直不成。亦當自害。念誦之人縱不	依 法 則 非 直 不 成 亦 當 自 害 念 誦 之 人 縱 不 
T18n0895b_002:0743b17	依法。諸真言主終不損害。其侍從見彼過故	依 法 諸 真 言 主 終 不 損 害 其 侍 從 見 彼 過 故 
T18n0895b_002:0743b18	即便損害。	即 便 損 害 
T18n0895b_002:0743b19	復次若欲念誦及欲成就。并行諸事。無諸難	復 次 若 欲 念 誦 及 欲 成 就 并 行 諸 事 無 諸 難 
T18n0895b_002:0743b20	事。速悉地者。以諸飲食。祭祀諸天修羅藥叉	事 速 悉 地 者 以 諸 飲 食 祭 祀 諸 天 修 羅 藥 叉 
T18n0895b_002:0743b21	龍伽路荼共命鳥等。揭吒布單那。乾闥婆部	龍 伽 路 荼 共 命 鳥 等 揭 吒 布 單 那 乾 闥 婆 部 
T18n0895b_002:0743b22	多。諸鬼魅等。或居地上。或在虛空。行者右膝	多 諸 鬼 魅 等 或 居 地 上 或 在 虛 空 行 者 右 膝 
T18n0895b_002:0743b23	著地。啟請言曰。居妙高山諸天部多。居住歡	著 地 啟 請 言 曰 居 妙 高 山 諸 天 部 多 居 住 歡 
T18n0895b_002:0743b24	喜園及餘天宮。居日月宮及七金山。或居河	喜 園 及 餘 天 宮 居 日 月 宮 及 七 金 山 或 居 河 
T18n0895b_002:0743b25	所。或住海邊居陂澤。或居泉井。或居村落	所 或 住 海 邊 居 陂 澤 或 居 泉 井 或 居 村 落 
T18n0895b_002:0743b26	及諸神廟。或居空室。或居天室。或在伽藍。或	及 諸 神 廟 或 居 空 室 或 居 天 室 或 在 伽 藍 或 
T18n0895b_002:0743b27	居制底。或居外道草庵。或居象室。或居庫藏。	居 制 底 或 居 外 道 草 庵 或 居 象 室 或 居 庫 藏 
T18n0895b_002:0743b28	或居街巷。或居四衢道所。或居獨樹。或居大	或 居 街 巷 或 居 四 衢 道 所 或 居 獨 樹 或 居 大 
T18n0895b_002:0743b29	路。或居塚間。或居大林。或居師子大虫遊行	路 或 居 塚 間 或 居 大 林 或 居 師 子 大 虫 遊 行 
T18n0895b_002:0743c01	之處。或居大磧。或居諸洲上妙處所。並生歡	之 處 或 居 大 磧 或 居 諸 洲 上 妙 處 所 並 生 歡 
T18n0895b_002:0743c02	喜。與諸眷屬降臨來此。我所營辦花鬘塗香。	喜 與 諸 眷 屬 降 臨 來 此 我 所 營 辦 花 鬘 塗 香 
T18n0895b_002:0743c03	燒香飲食。及妙燈明。願垂韶饗。我所求事滿	燒 香 飲 食 及 妙 燈 明 願 垂 韶 饗 我 所 求 事 滿 
T18n0895b_002:0743c04	足其果。是供養諸鬼神已。後應別日供養護	足 其 果 是 供 養 諸 鬼 神 已 後 應 別 日 供 養 護 
T18n0895b_002:0743c05	方諸神。如前辨供。[跍*月]跪合掌。即應請言。謹請	方 諸 神 如 前 辨 供 [跍月] 跪 合 掌 即 應 請 言 謹 請 
T18n0895b_002:0743c06	東方憍尸迦天。與諸眷屬來降於此。我所供	東 方 憍 尸 迦 天 與 諸 眷 屬 來 降 於 此 我 所 供 
T18n0895b_002:0743c07	養願垂納受。次東南請火天仙。次南方請焰	養 願 垂 納 受 次 東 南 請 火 天 仙 次 南 方 請 焰 
T18n0895b_002:0743c08	摩。次西南方請泥理底(平)部多大王。次西方請	摩 次 西 南 方 請 泥 理 底 平 部 多 大 王 次 西 方 請 
T18n0895b_002:0743c09	縛嚕拏龍王。次西北方請風神王。次北方請	縛 嚕 拏 龍 王 次 西 北 方 請 風 神 王 次 北 方 請 
T18n0895b_002:0743c10	多聞天王。次東北方請伊舍那。次上方請梵	多 聞 天 王 次 東 北 方 請 伊 舍 那 次 上 方 請 梵 
T18n0895b_002:0743c11	天王等。塗香等隨所辨物。供養三寶及本部	天 王 等 塗 香 等 隨 所 辨 物 供養三寶 及 本 部 
T18n0895b_002:0743c12	主。并諸明主真言主等。火已扇生。不應口吹。	主 并 諸 明 主 真 言 主 等 火 已 扇 生 不 應 口 吹 
T18n0895b_002:0743c13	以稻蘇。或胡麻和蘇。以本部明主真言。護摩	以 稻 蘇 或 胡 麻 和 蘇 以 本 部 明 主 真 言 護 摩 
T18n0895b_002:0743c14	七遍或八或十。乃至二十。供養明主。布以茅	七 遍 或 八 或 十 乃 至 二 十 供 養 明 主 布 以 茅 
T18n0895b_002:0743c15	草。面向東坐。蘇密及酪和置一器。所護摩木	草 面 向 東 坐 蘇 密 及 酪 和 置 一 器 所 護 摩 木 
T18n0895b_002:0743c16	榅其頭。然後為成就本真言。故如法護摩。於	榅 其 頭 然 後 為 成 就 本 真 言 故 如 法 護 摩 於 
T18n0895b_002:0743c17	其火中。以炮焰聲。應觀成就不成就相。其火	其 火 中 以 炮 焰 聲 應 觀 成 就 不 成 就 相 其 火 
T18n0895b_002:0743c18	無烟。炎如金色。所起火焰右旋宛轉。焰峯亦	無 烟 炎 如 金 色 所 起 火 焰 右 旋 宛 轉 焰 峯 亦 
T18n0895b_002:0743c19	多。其色或白。或如紅色。或變極赤。由如珊	多 其 色 或 白 或 如 紅 色 或 變 極 赤 由 如 珊 
T18n0895b_002:0743c20	瑚。色相滋潤。其焰上已。復流下廣。或如白月	瑚 色 相 滋 潤 其 焰 上 已 復 流 下 廣 或 如 白 月 
T18n0895b_002:0743c21	色光。其火焰形狀若瓶幢傘蓋吉祥子。形為	色 光 其 火 焰 形 狀 若 瓶 幢 傘 蓋 吉 祥 子 形 為 
T18n0895b_002:0743c22	萬字。是螺貝蓮花。或如護摩蘇杓。如三古叉	萬 字 是 螺 貝 蓮 花 或 如 護 摩 蘇 杓 如 三 古 叉 
T18n0895b_002:0743c23	及拔析羅。或如橫刀。如草束形。或如車形。或	及 拔 析 羅 或 如 橫 刀 如 草 束 形 或 如 車 形 或 
T18n0895b_002:0743c24	如蠅拂。聲如吹笛篳篥等聲種種音聲。或如	如 蠅 拂 聲 如 吹 笛 篳 篥 等 聲 種 種 音 聲 或 如 
T18n0895b_002:0743c25	螺聲。其氣由如燒蘇之香。復無炮烈。其火不	螺 聲 其 氣 由 如 燒 蘇 之 香 復 無 炮 烈 其 火 不 
T18n0895b_002:0743c26	扇。自然而著。如斯相現。必當獲得廣大成就。	扇 自 然 而 著 如 斯 相 現 必 當 獲 得 廣 大 成 就 
T18n0895b_002:0743c27	或起多焰。亦復炮烈。其焰難發。假令發。以復	或 起 多 焰 亦 復 炮 烈 其 焰 難 發 假 令 發 以 復 
T18n0895b_002:0743c28	不增長。復時頓滅。由若無火。焰色燋悴。黑如	不 增 長 復 時 頓 滅 由 若 無 火 焰 色 燋 悴 黑 如 
T18n0895b_002:0743c29	闇雲。如波羅賒。形由如一古叉簸箕男根牛	闇 雲 如 波 羅 賒 形 由 如 一 古 叉 簸 箕 男 根 牛 
T18n0895b_002:0744a01	角等相。聲若驢鳴。其火迸燒持誦之人。其氣	角 等 相 聲 若 驢 鳴 其 火 迸 燒 持 誦 之 人 其 氣 
T18n0895b_002:0744a02	由若燒屍之氣。如斯相現。即不成就。行者見	由 若 燒 屍 之 氣 如 斯 相 現 即 不 成 就 行 者 見 
T18n0895b_002:0744a03	斯不祥之相。即應以赤身主。或繼唎吉羅。	斯 不 祥 之 相 即 應 以 赤 身 主 或 繼 唎 吉 羅 
T18n0895b_002:0744a04	或已不淨忿怒真言。而作護摩。其不吉相即	或 已 不 淨 忿 怒 真 言 而 作 護 摩 其 不 吉 相 即 
T18n0895b_002:0744a05	當消滅。	當 消 滅 
T18n0895b_002:0744a06	復次行者不應以剃三處之毛。亦不應燒塗	復 次 行 者 不 應 以 剃 三 處 之 毛 亦 不 應 燒 塗 
T18n0895b_002:0744a07	藥落及以手拔。譬如有人手執利刀。若不善	藥 落 及 以 手 拔 譬 如 有 人 手 執 利 刀 若 不 善 
T18n0895b_002:0744a08	解。自當損害。持其世尊所說無量明及諸	解 自 當 損 害 持 其 世 尊 所 說 無 量 明 及 諸 
T18n0895b_002:0744a09	真言。其中有入金剛部內。亦有入於蓮花部	真 言 其 中 有 入 金 剛 部 內 亦 有 入 於 蓮 花 部 
T18n0895b_002:0744a10	中。亦有入於般支迦部。亦有入於摩尼部內。	中 亦 有 入 於 般 支 迦 部 亦 有 入 於 摩 尼 部 內 
T18n0895b_002:0744a11	亦有如是非部所貫。如上所說真言略教種	亦 有 如 是 非 部 所 貫 如上所說 真 言 略 教 種 
T18n0895b_002:0744a12	種法則。於此五部。並應修行。復有諸天所說	種 法 則 於 此 五 部 並 應 修 行 復 有 諸 天 所 說 
T18n0895b_002:0744a13	真言依世尊者。亦應修行。如是法則行者若	真 言 依 世 尊 者 亦 應 修 行 如 是 法 則 行 者 若 
T18n0895b_002:0744a14	乘此法。乘者即得意欲成就。	乘 此 法 乘 者 即 得 意 欲 成 就 
T18n0895b_002:0744a15	復次世尊於三有內勝上妙寶。從此復流究	復 次 世 尊 於 三 有 內 勝 上 妙 寶 從 此 復 流 究 
T18n0895b_002:0744a16	竟法寶。從此復生八大丈夫不退眾寶。如是	竟 法 寶 從 此 復 生 八 大 丈 夫 不 退 眾 寶 如 是 
T18n0895b_002:0744a17	三寶世所稱寶。是故若欲行者滅罪生福。本	三 寶 世 所 稱 寶 是 故 若 欲 行 者 滅 罪 生 福 本 
T18n0895b_002:0744a18	尊速得現前。於念誦時。初應歸命三寶。若復	尊 速 得 現 前 於 念 誦 時 初 應 歸 命 三 寶 若 復 
T18n0895b_002:0744a19	持誦金剛部內真言者。初歸三寶已。次言那	持 誦 金 剛 部 內 真 言 者 初 歸 三 寶 已 次 言 那 
T18n0895b_002:0744a20	(上)謨室戰拏拔折羅皤嬭曳摩訶藥叉細那鉢	 上 謨 室 戰 拏 拔 折 羅 皤 嬭 曳 摩 訶 藥 叉 細 那 鉢 
T18n0895b_002:0744a21	怛曳。次即誦真言。	怛 曳 次 即 誦 真 言 
T18n0895b_002:0744a22	復次蓮花部明亦然。般支迦部摩尼部等亦	復 次 蓮 花 部 明 亦 然 般 支 迦 部 摩 尼 部 等 亦 
T18n0895b_002:0744a23	復如是。初歸三寶。次歸三寶。次歸部主。然	復 如 是 初 歸 三 寶 次 歸 三 寶 次 歸 部 主 然 
T18n0895b_002:0744a24	後乃可誦持真言。若不歸信釋教。復行聲聞	後 乃 可 誦 持 真 言 若 不 歸 信 釋 教 復 行 聲 聞 
T18n0895b_002:0744a25	乘及緣覺乘。信不具足。內懷腐朽。外示精進。	乘 及 緣 覺 乘 信 不 具 足 內 懷 腐 朽 外 示 精 進 
T18n0895b_002:0744a26	復懷慳悋者。不應執我此拔析羅教。若有一	復 懷 慳 悋 者 不 應 執 我 此 拔 析 羅 教 若 有 一 
T18n0895b_002:0744a27	苾芻苾芻尼。優婆塞迦優婆私迦。毀訾深妙	苾 芻 苾 芻 尼 優 婆 塞 迦 優 婆 私 迦 毀 訾 深 妙 
T18n0895b_002:0744a28	大乘。言此所說皆是魔教。復懷愚癡。為執金	大 乘 言 此 所 說 皆 是 魔 教 復 懷 愚 癡 為 執 金 
T18n0895b_002:0744a29	剛言是藥叉。復不敬禮諸大菩薩。持誦如是	剛 言 是 藥 叉 復 不 敬 禮 諸 大 菩 薩 持 誦 如 是 
T18n0895b_002:0744b01	妙真言者。不久自當損害軀命。諸佛菩薩終	妙 真 言 者 不 久 自 當 損 害 軀 命 諸佛菩薩 終 
T18n0895b_002:0744b02	不害人。然於部內有諸鬼類。見彼癡人謬執	不 害 人 然 於 部 內 有 諸 鬼 類 見 彼 癡 人 謬 執 
T18n0895b_002:0744b03	金剛杵。次地居所有諸大神王。與諸眷屬來	金 剛 杵 次 地 居 所 有 諸 大 神 王 與 諸 眷 屬 來 
T18n0895b_002:0744b04	降於此。各住本方。我所辦供。願垂納受。復願	降 於 此 各 住 本 方 我 所 辦 供 願 垂 納 受 復 願 
T18n0895b_002:0744b05	常時衛護於我。如是供養諸鬼神等。及護方	常 時 衛 護 於 我 如 是 供 養 諸 鬼 神 等 及 護 方 
T18n0895b_002:0744b06	神。行者無諸難事意所求願皆悉滿足。	神 行 者 無 諸 難 事 意 所 求 願 皆 悉 滿 足 
T18n0895b_002:0744b07	蘇磨呼童子諸問分別諸部分第十二	蘇 磨 呼 童 子 諸 問 分 別 諸 部 分 第 十 二 
T18n0895b_002:0744b08	復次世尊為利益眾生故。說三俱胝五落叉	復 次 世 尊 為 利 益 眾 生 故 說 三 俱 胝 五 落 叉 
T18n0895b_002:0744b09	真言及明。名曰持明藏。又聖觀自在說三俱	真 言 及 明 名 曰 持 明 藏 又 聖 觀 自 在 說 三 俱 
T18n0895b_002:0744b10	胝五落叉真言。於此部中。真言主名曰何耶	胝 五 落 叉 真 言 於 此 部 中 真 言 主 名 曰 何 耶 
T18n0895b_002:0744b11	訖[口*栗]皤(馬頭)此部漫荼羅曰儞毘耶(二合)復有七	訖 [口栗] 皤 馬 頭 此 部 漫 荼 羅 曰 儞 毘 耶 二 合 復 有 七 
T18n0895b_002:0744b12	真言主。謂十二臂真言主。六臂。上髻。滿如	真 言 主 謂 十 二 臂 真 言 主 六 臂 上 髻 滿 如 
T18n0895b_002:0744b13	意願。四面。不空羂索。二臂。由如日光照輝世	意 願 四 面 不 空 羂 索 二 臂 由 如 日 光 照 輝 世 
T18n0895b_002:0744b14	間。此等七真言主並是馬頭漫荼羅所貫。復	間 此 等 七 真 言 主 並 是 馬 頭 漫 荼 羅 所 貫 復 
T18n0895b_002:0744b15	有八明妃。謂目精。妙白。居白。觀世。獨髻。金	有 八 明 妃 謂 目 精 妙 白 居 白 觀 世 獨 髻 金 
T18n0895b_002:0744b16	頰。名稱。苾句胝。此等皆是蓮花部中明妃。	頰 名 稱 苾 句 胝 此 等 皆 是 蓮 花 部 中 明 妃 
T18n0895b_002:0744b17	復說種種妙漫荼羅及諸手印。我為利益貧	復 說 種 種 妙 漫 荼 羅 及 諸 手 印 我 為 利 益 貧 
T18n0895b_002:0744b18	窮眾生。及摧諸鬼類故。說七俱胝真言及漫	窮 眾 生 及 摧 諸 鬼 類 故 說 七 俱 胝 真 言 及 漫 
T18n0895b_002:0744b19	荼羅。	荼 羅 
T18n0895b_002:0744b20	復有十使者七明妃。又有六十四嬪。又有八	復 有 十 使 者 七 明 妃 又 有 六 十 四 嬪 又 有 八 
T18n0895b_002:0744b21	大心真言。又有軍荼利等無量忿怒。又最勝	大 心 真 言 又 有 軍 荼 利 等 無 量 忿 怒 又 最 勝 
T18n0895b_002:0744b22	明等無量真言主。是故此部名曰廣大拔析	明 等 無 量 真 言 主 是 故 此 部 名 曰 廣 大 拔 析 
T18n0895b_002:0744b23	羅部。	羅 部 
T18n0895b_002:0744b24	復有大神名般支迦。說二萬真言。彼神有妃	復 有 大 神 名 般 支 迦 說 二 萬 真 言 彼 神 有 妃 
T18n0895b_002:0744b25	名彌却羅。說一萬真言。此復名曰般支迦部	名 彌 却 羅 說 一 萬 真 言 此 復 名 曰 般 支 迦 部 
T18n0895b_002:0744b26	復有大神。名摩尼拔陀羅(二合)說十萬真言。多	復 有 大 神 名 摩 尼 拔 陀 羅 二 合 說 十 萬 真 言 多 
T18n0895b_002:0744b27	聞天王說三萬真言。此復名曰摩尼部	聞 天 王 說 三 萬 真 言 此 復 名 曰 摩 尼 部 
T18n0895b_002:0744b28	復有諸天及阿修羅。求於法則。復具修行。念	復 有 諸 天 及 阿 修 羅 求 於 法 則 復 具 修 行 念 
T18n0895b_002:0744b29	誦不間。如是之人速得成就。救脫諸苦。復能	誦 不 間 如 是 之 人 速 得 成 就 救 脫 諸 苦 復 能 
T18n0895b_002:0744c01	滅罪。能與今世及後世樂。真言之外更無異	滅 罪 能 與 今 世 及 後 世 樂 真 言 之 外 更 無 異 
T18n0895b_002:0744c02	法。譬如天火下降及與霜雹。能損諸物。無可	法 譬 如 天 火 下 降 及 與 霜 雹 能 損 諸 物 無 可 
T18n0895b_002:0744c03	避脫。真言威力亦復如是。能摧苦惱及諸罪	避 脫 真 言 威 力 亦復如是 能 摧 苦 惱 及 諸 罪 
T18n0895b_002:0744c04	障。如意寶樹能果有情種種意願。真言妙法	障 如 意 寶 樹 能 果 有 情 種 種 意 願 真 言 妙 法 
T18n0895b_002:0744c05	亦復如是。或與成就。或與富貴。色力長壽皆	亦復如是 或 與 成 就 或 與 富 貴 色 力 長 壽 皆 
T18n0895b_002:0744c06	悉能與。有諸菩薩。觀有情遭諸苦難。及餘怖	悉 能 與 有 諸 菩 薩 觀 有 情 遭 諸 苦 難 及 餘 怖 
T18n0895b_002:0744c07	畏。王難惡賊火雹等苦。即自變身為真言主	畏 王 難 惡 賊 火 雹 等 苦 即 自 變 身 為 真 言 主 
T18n0895b_002:0744c08	形。救濟眾生。若復有人。雖處居家受諸愛樂。	形 救 濟 眾 生 若 復 有 人 雖 處 居 家 受 諸 愛 樂 
T18n0895b_002:0744c09	於真言內所說法則。彼人每日不虧。念誦數	於 真 言 內 所 說 法 則 彼 人 每 日 不 虧 念 誦 數 
T18n0895b_002:0744c10	不滿足。以或時滿已。或驗現已。即離五欲。	不 滿 足 以 或 時 滿 已 或 驗 現 已 即 離 五 欲 
T18n0895b_002:0744c11	清淨具戒。入於淨室。更誦真言滿十萬遍。後	清 淨 具 戒 入 於 淨 室 更 誦 真 言 滿 十 萬 遍 後 
T18n0895b_002:0744c12	求成就。不久即得任意所樂真言悉地。復次	求 成 就 不 久 即 得 任 意 所 樂 真 言 悉 地 復 次 
T18n0895b_002:0744c13	行者若欲澡洗。淨土和水。遍塗其身。然後入	行 者 若 欲 澡 洗 淨 土 和 水 遍 塗 其 身 然 後 入 
T18n0895b_002:0744c14	於清淨大水。隨意洗已。或面向東。或面向北。	於 清 淨 大 水 隨 意 洗 已 或 面 向 東 或 面 向 北 
T18n0895b_002:0744c15	洗手足已。但蹲踞坐。應其兩手置於膝間。已	洗 手 足 已 但 蹲 踞 坐 應 其 兩 手 置 於 膝 間 已 
T18n0895b_002:0744c16	水遍灑於身。水勿令有聲。即用右手作掬水	水 遍 灑 於 身 水 勿 令 有 聲 即 用 右 手 作 掬 水 
T18n0895b_002:0744c17	法。於其手掌勿令有沫。呪水三遍。吸水三迴。	法 於 其 手 掌 勿 令 有 沫 呪 水 三 遍 吸 水 三 迴 
T18n0895b_002:0744c18	勿使有聲。以手母指兩遍拭口。及以灑身。即	勿 使 有 聲 以 手 母 指 兩 遍 拭 口 及 以 灑 身 即 
T18n0895b_002:0744c19	作護身已。忽然後有齒罅垢穢舌中覺觸。或	作 護 身 已 忽 然 後 有 齒 罅 垢 穢 舌 中 覺 觸 或 
T18n0895b_002:0744c20	復咳嗽唾涕。或復剋臆。更須如上誦水吸水。	復 咳 嗽 唾 涕 或 復 剋 臆 更 須 如 上 誦 水 吸 水 
T18n0895b_002:0744c21	乃至拭口澡浴畢已。即往淨室。中間不應與	乃 至 拭 口 澡 浴 畢 已 即 往 淨 室 中 間 不 應 與 
T18n0895b_002:0744c22	餘外人。或男或女。出家淨婆羅門。童男童女。	餘 外 人 或 男 或 女 出 家 淨 婆 羅 門 童 男 童 女 
T18n0895b_002:0744c23	及黃門等語。及與相觸。若有相觸。復如前澡	及 黃 門 等 語 及 與 相 觸 若 有 相 觸 復 如 前 澡 
T18n0895b_002:0744c24	浴。及餘水拭口。然後念誦。若樂澡浴後樂念	浴 及 餘 水 拭 口 然 後 念 誦 若 樂 澡 浴 後 樂 念 
T18n0895b_002:0744c25	誦。諸有情所具憐愍。復不愛他利養。乞食	誦 諸 有 情 所 具 憐 愍 復 不 愛 他 利 養 乞 食 
T18n0895b_002:0744c26	而食真言非法。便生瞋怒。即害彼命。若有	而 食 真 言 非 法 便 生 瞋 怒 即 害 彼 命 若 有 
T18n0895b_002:0744c27	持誦方廣大乘。復能信受。亦樂為他廣說。勇	持 誦 方 廣 大 乘 復 能 信 受 亦 樂 為 他 廣 說 勇 
T18n0895b_002:0744c28	猛精進堅固菩提勝心。如是之人持誦真言。	猛 精 進 堅 固 菩 提 勝 心 如 是 之 人 持 誦 真 言 
T18n0895b_002:0744c29	不久當得意樂成就。汝所請問。我已為汝正	不 久 當 得 意 樂 成 就 汝 所 請 問 我 已 為 汝 正 
T18n0895b_002:0745a01	說。一切佛教真言都教法。	說 一 切 佛 教 真 言 都 教 法 
T18n0895b_002:0745a02	復次傍說外道言教。汝當聽。摩醯首羅天說	復 次 傍 說 外 道 言 教 汝 當 聽 摩 醯 首 羅 天 說 
T18n0895b_002:0745a03	十俱胝真言。已下諸天龍等及妃等。各各俱	十 俱 胝 真 言 已 下 諸 天 龍 等 及 妃 等 各 各 俱 
T18n0895b_002:0745a04	說數千萬真言及手印漫荼羅。依法受持。若	說 數 千 萬 真 言 及 手 印 漫 荼 羅 依 法 受 持 若 
T18n0895b_002:0745a05	違此教非直不成。亦當自害。	違 此 教 非 直 不 成 亦 當 自 害 
T18n0895b_002:0745a06	蘇磨呼童子請問分別八法分第十三	蘇 磨 呼 童 子 請 問 分 別 八 法 分 第 十 三 
T18n0895b_002:0745a07	復次世間所有成就之法。總有八種。所為成	復 次 世 間 所 有 成 就 之 法 總 有 八 種 所 為 成 
T18n0895b_002:0745a08	真言法。成長年法。出伏藏法。入修羅宮法。合	真 言 法 成 長 年 法 出 伏 藏 法 入 修 羅 宮 法 合 
T18n0895b_002:0745a09	成金法。土成金法。成金水法。成無價寶法。是	成 金 法 土 成 金 法 成 金 水 法 成 無 價 寶 法 是 
T18n0895b_002:0745a10	名八法。於中有三。成真言法。入修羅宮法。成	名 八 法 於 中 有 三 成 真 言 法 入 修 羅 宮 法 成 
T18n0895b_002:0745a11	長年法。是三為上。成無價寶法。土成金法。出	長 年 法 是 三 為 上 成 無 價 寶 法 土 成 金 法 出 
T18n0895b_002:0745a12	伏藏法是三為中。成合成金法。成金水法。是	伏 藏 法 是 三 為 中 成 合 成 金 法 成 金 水 法 是 
T18n0895b_002:0745a13	二為下。若有眾生。具有戒惠。亦復樂法。如是	二 為 下 若 有 眾 生 具 有 戒 惠 亦 復 樂 法 如 是 
T18n0895b_002:0745a14	之人作樂上成就。若有眾生。性多貪欲者。如	之 人 作 樂 上 成 就 若 有 眾 生 性 多 貪 欲 者 如 
T18n0895b_002:0745a15	是之人作中成就。若有眾生。多愚癡者。作下	是 之 人 作 中 成 就 若 有 眾 生 多 愚 癡 者 作 下 
T18n0895b_002:0745a16	成就。不應求下。若遺貧窮行不自在。應求中	成 就 不 應 求 下 若 遺 貧 窮 行 不 自 在 應 求 中 
T18n0895b_002:0745a17	品。仍不求下。若欲獲得如上所說種種成就。	品 仍 不 求 下 若 欲 獲 得 如上所說 種 種 成 就 
T18n0895b_002:0745a18	應須修福。具福之者求人天樂。設求敬念延	應 須 修 福 具 福 之 者 求 人 天 樂 設 求 敬 念 延 
T18n0895b_002:0745a19	命長壽。威力自在端正聰慧聞持等事。皆得	命 長 壽 威 力 自 在 端 正 聰 慧 聞 持 等 事 皆 得 
T18n0895b_002:0745a20	成就若無戀著樂。修行善行。佛法僧寶常不	成 就 若 無 戀 著 樂 修 行 善 行 佛 法 僧 寶 常 不 
T18n0895b_002:0745a21	離心。真言藥叉婦亦復如是。雖復共居。終無	離 心 真 言 藥 叉 婦 亦復如是 雖 復 共 居 終 無 
T18n0895b_002:0745a22	善意。假求過失。當便損害。以愚癡故。若成此	善 意 假 求 過 失 當 便 損 害 以 愚 癡 故 若 成 此 
T18n0895b_002:0745a23	法。非直犯斯邪行之過。亦乃自當有損。諸佛	法 非 直 犯 斯 邪 行 之 過 亦 乃 自 當 有 損 諸 佛 
T18n0895b_002:0745a24	菩薩緣覺聲聞所說真言。及天龍藥叉修羅	菩 薩 緣 覺 聲 聞 所 說 真 言 及 天 龍 藥 叉 修 羅 
T18n0895b_002:0745a25	等類。對於佛前所說真言。如來為利諸有情	等 類 對 於 佛 前 所 說 真 言 如 來 為 利 諸 有 情 
T18n0895b_002:0745a26	故。皆悉證許。復懷加被。彼等真言皆有三品。	故 皆 悉 證 許 復 懷 加 被 彼 等 真 言 皆 有 三 品 
T18n0895b_002:0745a27	成上品者。謂昇空行入修羅宮。自在變形。作	成 上 品 者 謂 昇 空 行 入 修 羅 宮 自 在 變 形 作 
T18n0895b_002:0745a28	藥叉女。天主長年成幼化法自變己身。為密	藥 叉 女 天 主 長 年 成 幼 化 法 自 變 己 身 為 密 
T18n0895b_002:0745a29	迹等。成中品者。獲得錢財乃至富貴。其下品	迹 等 成 中 品 者 獲 得 錢 財 乃 至 富 貴 其 下 品 
T18n0895b_002:0745b01	者。令人相增。及能攝來。從國令去。乃至令	者 令 人 相 增 及 能 攝 來 從 國 令 去 乃 至 令 
T18n0895b_002:0745b02	枯。下中下者。為療鬼魅等類。龍魅孆兒之魅。	枯 下 中 下 者 為 療 鬼 魅 等 類 龍 魅 孆 兒 之 魅 
T18n0895b_002:0745b03	令人惛睡。誦手令擢拳推縛抱。及遺耳語。	令 人 惛 睡 誦 手 令 擢 拳 推 縛 抱 及 遺 耳 語 
T18n0895b_002:0745b04	及阿(引乎)吠設那。便朾令去。乃至損害。及令	及 阿 引 乎 吠 設 那 便 朾 令 去 乃 至 損 害 及 令 
T18n0895b_002:0745b05	眾人共誦真言。或令眾人以脚蹋地。鬼魅所	眾 人 共 誦 真 言 或 令 眾 人 以 脚 蹋 地 鬼 魅 所 
T18n0895b_002:0745b06	著悶絕躄地。置於四衢。以白[疊*毛]覆來者令唱	著 悶 絕 躄 地 置 於 四 衢 以 白 [疊毛] 覆 來 者 令 唱 
T18n0895b_002:0745b07	看看。復令一人從脚徐白[疊*毛]隨起[疊*毛]盡。還復	看 看 復 令 一 人 從 脚 徐 白 [疊毛]隨起[疊毛] 盡 還 復 
T18n0895b_002:0745b08	本心。及療鼠毒。攝門人口。呼召諸龍縛眾多	本 心 及 療 鼠 毒 攝 門 人 口 呼 召 諸 龍 縛 眾 多 
T18n0895b_002:0745b09	人。及令不種療治被毒。及能移毒。及與人毒。	人 及 令 不 種 療 治 被 毒 及 能 移 毒 及 與 人 毒 
T18n0895b_002:0745b10	毒成人眼。亦復治得。被毒之人禁令不引。發	毒 成 人 眼 亦 復 治 得 被 毒 之 人 禁 令 不 引 發 
T18n0895b_002:0745b11	遣蛇令傷他人。及成使者。亦現人龍。以音樂	遣 蛇 令 傷 他 人 及 成 使 者 亦 現 人 龍 以 音 樂 
T18n0895b_002:0745b12	法。著魅者差。如是等是外法。復有毒蛇。類有	法 著 魅 者 差 如 是 等 是 外 法 復 有 毒 蛇 類 有 
T18n0895b_002:0745b13	八十。數中二十舉頭而行。於中六種住即般	八 十 數 中 二 十 舉 頭 而 行 於 中 六 種 住 即 般 
T18n0895b_002:0745b14	身。中有十二種。雖螫無毒。數內十三地中之	身 中 有 十 二 種 雖 螫 無 毒 數 內 十 三 地 中 之 
T18n0895b_002:0745b15	王。有外之餘蛇類。雖復螫人。有時被毒。如	王 有 外 之 餘 蛇 類 雖 復 螫 人 有 時 被 毒 如 
T18n0895b_002:0745b16	是之人。妙真言之法。皎然入身求成就故。念	是 之 人 妙 真 言 之 法 皎 然 入 身 求 成 就 故 念 
T18n0895b_002:0745b17	誦之時。若有施主。惠施衣裳金銀珍寶鞍乘	誦 之 時 若 有 施 主 惠 施 衣 裳 金 銀 珍 寶 鞍 乘 
T18n0895b_002:0745b18	嚴具塗香燒香飲食臥具。如上等物。乃至分	嚴 具 塗 香 燒 香 飲 食 臥 具 如 上 等 物 乃 至 分 
T18n0895b_002:0745b19	毫不應納受。	毫 不 應 納 受 
T18n0895b_002:0745b20	復次大小便利畢已。應用五聚土。三聚洗後。	復 次 大小便利 畢 已 應 用 五 聚 土 三 聚 洗 後 
T18n0895b_002:0745b21	一聚洗前。其一觸洗即出惡處。應就淨處分	一 聚 洗 前 其 一 觸 洗 即 出 惡 處 應 就 淨 處 分 
T18n0895b_002:0745b22	土十聚。先用三聚觸洗左手。復用七聚洗其	土 十 聚 先 用 三 聚 觸 洗 左 手 復 用 七 聚 洗 其 
T18n0895b_002:0745b23	兩手。於中三聚先洗左內。一聚道背。其後三	兩 手 於 中 三 聚 先 洗 左 內 一 聚 道 背 其 後 三 
T18n0895b_002:0745b24	聚二手內外通洗令淨。然後以意任用土水	聚 二 手 內 外 通 洗 令 淨 然 後 以 意 任 用 土 水 
T18n0895b_002:0745b25	清淨洗之。若小行處即用三土。二用便處。一	清 淨 洗 之 若 小 行 處 即 用 三 土 二 用 便 處 一 
T18n0895b_002:0745b26	用觸洗。即於淨處更用三土。復淨洗之。譬如	用 觸 洗 即 於 淨 處 更 用 三 土 復 淨 洗 之 譬 如 
T18n0895b_002:0745b27	春時風楷。樹木自然出火。以無功用。并燒諸	春 時 風 楷 樹 木 自 然 出 火 以 無 功 用 并 燒 諸 
T18n0895b_002:0745b28	草。以念誦火。用淨戒風。以勤相楷。盡燒罪	草 以 念 誦 火 用 淨 戒 風 以 勤 相 楷 盡 燒 罪 
T18n0895b_002:0745b29	草。亦復如是。復如寒霜日曜即消。以用戒日	草 亦復如是 復 如 寒 霜 日 曜 即 消 以 用 戒 日 
T18n0895b_002:0745c01	念誦之光曜令消罪雪。亦復如是。譬如室內	念 誦 之 光 曜 令 消 罪 雪 亦復如是 譬 如 室 內 
T18n0895b_002:0745c02	久來有闇。若將燈入即便闇滅。以念誦燈照	久 來 有 闇 若 將 燈 入 即 便 闇 滅 以 念 誦 燈 照 
T18n0895b_002:0745c03	罪闇身。亦復如是。行者持誦乃至護摩所持	罪 闇 身 亦復如是 行 者 持 誦 乃 至 護 摩 所 持 
T18n0895b_002:0745c04	真言仍不成者。應以香泥。或近江河。以淨砂。	真 言 仍 不 成 者 應 以 香 泥 或 近 江 河 以 淨 砂 
T18n0895b_002:0745c05	敬造十萬窣堵波塔像。無始已來所造業障	敬 造 十 萬 窣 堵 波 塔 像 無始已來 所 造 業 障 
T18n0895b_002:0745c06	即得消滅。此世當獲成就現報。真言之法以	即 得 消 滅 此 世 當 獲 成 就 現 報 真 言 之 法 以 
T18n0895b_002:0745c07	戒為根。次復精進及以忍辱。於諸佛所深懷	戒 為 根 次 復 精 進 及 以 忍 辱 於 諸 佛 所 深 懷 
T18n0895b_002:0745c08	恭敬。菩提之心未曾退轉。於彼念誦亦無懈	恭 敬 菩提之心 未 曾 退 轉 於 彼 念 誦 亦 無 懈 
T18n0895b_002:0745c09	怠。譬如國王具七種法。能理人民及自安樂。	怠 譬 如 國 王 具 七 種 法 能 理 人 民 及 自 安 樂 
T18n0895b_002:0745c10	持誦之人具此七法。即滅諸罪乃獲成就。初	持 誦 之 人 具 此 七 法 即 滅 諸 罪 乃 獲 成 就 初 
T18n0895b_002:0745c11	應如法念誦真言。次復護摩。以護摩故。本尊	應 如 法 念 誦 真 言 次 復 護 摩 以 護 摩 故 本 尊 
T18n0895b_002:0745c12	歡喜。即便施與意樂成就。	歡 喜 即 便 施 與 意 樂 成 就 
T18n0895b_002:0745c13	復次若欲成就攝喜人法。或乃至從遠百由	復 次 若 欲 成 就 攝 喜 人 法 或 乃 至 從 遠 百 由 
T18n0895b_002:0745c14	旬來。皆是藥叉之婦。若為欲故成藥叉女者。	旬 來 皆 是 藥 叉 之 婦 若 為 欲 故 成 藥 叉 女 者 
T18n0895b_002:0745c15	假令悉地。還與藥叉之婦。譬如衒賣女色。為	假 令 悉 地 還 與 藥 叉 之 婦 譬 如 衒 賣 女 色 為 
T18n0895b_002:0745c16	窺財故與人。為欲其餓故。擊捉眾生。令人心	窺 財 故 與 人 為 欲 其 餓 故 擊 捉 眾 生 令 人 心 
T18n0895b_002:0745c17	亂。或歌或舞。或喜或悲。或懷愁惱。或時亂語。	亂 或 歌 或 舞 或 喜 或 悲 或 懷 愁 惱 或 時 亂 語 
T18n0895b_002:0745c18	作如是等種種異相。令人怪笑。即應以金剛	作 如 是 等 種 種 異 相 令 人 怪 笑 即 應 以 金 剛 
T18n0895b_002:0745c19	鉤。或以甘露瓶忿怒金剛等真言。療治得除	鉤 或 以 甘 露 瓶 忿 怒 金 剛 等 真 言 療 治 得 除 
T18n0895b_002:0745c20	差。又有火神真言。風神摩醯首羅。及日月天。	差 又 有 火 神 真 言 風 神 摩 醯 首 羅 及 日 月 天 
T18n0895b_002:0745c21	大梵天王。龍王。那羅延神。多聞天王。諸藥	大 梵 天 王 龍 王 那 羅 延 神 多 聞 天 王 諸 藥 
T18n0895b_002:0745c22	叉王。金翅鳥王。忉利天王。彼等鬼魅不懼。如	叉 王 金翅鳥王 忉 利 天 王 彼 等 鬼 魅 不 懼 如 
T18n0895b_002:0745c23	是餘外天神。若聞金剛鉤之名號。自然退散。	是 餘 外 天 神 若 聞 金 剛 鉤 之 名 號 自 然 退 散 
T18n0895b_002:0745c24	智者知彼鬼魅性行及療治法。然後無畏摧	智 者 知 彼 鬼 魅 性 行 及 療 治 法 然 後 無 畏 摧 
T18n0895b_002:0745c25	伏鬼魅。諸佛菩薩所說真言。以如來加被之。	伏 鬼 魅 諸佛菩薩 所 說 真 言 以 如 來 加 被 之 
T18n0895b_002:0745c26	餘外種種天神真言不能破壞如來真言	餘 外 種 種 天 神 真 言 不 能 破 壞 如 來 真 言 
T18n0895b_002:0745c27	又欲滅罪。於空閑靜處。應以香泥。或近江河。	又 欲 滅 罪 於 空 閑 靜 處 應 以 香 泥 或 近 江 河 
T18n0895b_002:0745c28	以砂造制底。中安緣起法身之偈。爾時梵王	以 砂 造 制 底 中 安 緣 起 法 身 之 偈 爾 時 梵 王 
T18n0895b_002:0745c29	諸天藥叉持明大仙迦樓羅乾闥婆部多等	諸 天 藥 叉 持 明 大 仙 迦 樓 羅 乾 闥 婆 部 多 等 
T18n0895b_002:0746a01	類。見聞此法已。恭敬頂禮。一時合掌。作如是	類 見 聞 此 法 已 恭 敬 頂 禮 一 時 合 掌 作 如 是 
T18n0895b_002:0746a02	言。希有尊者。愍念眾生。希有如是微妙勝行。	言 希 有 尊 者 愍 念 眾 生 希 有 如 是 微 妙 勝 行 
T18n0895b_002:0746a03	或見尊者手執爀燿大拔折羅。或手執堅固	或 見 尊 者 手 執 爀 燿 大 拔 折 羅 或 手 執 堅 固 
T18n0895b_002:0746a04	鐵杵。或手執猛利大輪。或見手執不空羂索。	鐵 杵 或 手 執 猛 利 大 輪 或 見 手 執 不 空 羂 索 
T18n0895b_002:0746a05	或見手執三般大叉。或見手執大橫刀。或見	或 見 手 執 三 般 大 叉 或 見 手 執 大 橫 刀 或 見 
T18n0895b_002:0746a06	手執弓。或見執棒。或見具被種種器仗殊特	手 執 弓 或 見 執 棒 或 見 具 被 種 種 器 仗 殊 特 
T18n0895b_002:0746a07	怖畏希有。或見相好端嚴令人可樂。或見尊	怖 畏 希 有 或 見 相 好 端 嚴 令 人 可 樂 或 見 尊 
T18n0895b_002:0746a08	者為藥叉將。我等歸命如是菩薩天阿修羅	者 為 藥 叉 將 我 等 歸 命 如 是 菩 薩 天 阿 修 羅 
T18n0895b_002:0746a09	等所恭敬者。若有人民歸依尊者。不久得持	等 所 恭 敬 者 若 有 人 民 歸 依 尊 者 不 久 得 持 
T18n0895b_002:0746a10	明大仙乃至富貴。若有修行如是正法。彼人	明 大 仙 乃 至 富 貴 若 有 修 行 如 是 正 法 彼 人 
T18n0895b_002:0746a11	速離貧窮大苦威耀。有時無毒。復有蝦蟆守	速 離 貧 窮 大 苦 威 耀 有 時 無 毒 復 有 蝦 蟆 守 
T18n0895b_002:0746a12	宮蝪蜡蚖蛛等類。及作毒虫。如是分別其數	宮 蝪 蜡 蚖 蛛 等 類 及 作 毒 虫 如 是 分 別 其 數 
T18n0895b_002:0746a13	雖多。然所行毒數有六種。一者其虫屎穢著。	雖 多 然 所 行 毒 數 有 六 種 一 者 其 虫 屎 穢 著 
T18n0895b_002:0746a14	身即便有毒。二者尿著其身即便有毒。三者	身 即 便 有 毒 二 者 尿 著 其 身 即 便 有 毒 三 者 
T18n0895b_002:0746a15	所觸著身即便有毒。四者泄延唾著身即便	所 觸 著 身 即 便 有 毒 四 者 泄 延 唾 著 身 即 便 
T18n0895b_002:0746a16	有毒。五者眼所視看即便有毒。六者齒著之	有 毒 五 者 眼 所 視 看 即 便 有 毒 六 者 齒 著 之 
T18n0895b_002:0746a17	處即便有毒。如是諸毒上中下品分別便成	處 即 便 有 毒 如 是 諸 毒 上 中 下 品 分 別 便 成 
T18n0895b_002:0746a18	數種。是故餘神天說此療毒真言等法。如是	數 種 是 故 餘 神 天 說 此 療 毒 真 言 等 法 如 是 
T18n0895b_002:0746a19	諸虫或以毒惛醉故而放猛毒。或以瞋故。或	諸 虫 或 以 毒 惛 醉 故 而 放 猛 毒 或 以 瞋 故 或 
T18n0895b_002:0746a20	恐怖故。或飢餓故。或懷怨故。死時至故。而放	恐 怖 故 或 飢 餓 故 或 懷 怨 故 死 時 至 故 而 放 
T18n0895b_002:0746a21	猛毒。其所嚙毒。復有四種。一者傷。二者血塗。	猛 毒 其 所 嚙 毒 復 有 四 種 一 者 傷 二 者 血 塗 
T18n0895b_002:0746a22	三者極損。四者命終。所嚙之處有一齒痕。其	三 者 極 損 四 者 命 終 所 嚙 之 處 有 一 齒 痕 其 
T18n0895b_002:0746a23	毒微少。為是名傷。所嚙之處有二齒痕致有	毒 微 少 為 是 名 傷 所 嚙 之 處 有 二 齒 痕 致 有 
T18n0895b_002:0746a24	血出。名曰血塗。所齒之處有三齒痕致傷其	血 出 名 曰 血 塗 所 齒 之 處 有 三 齒 痕 致 傷 其 
T18n0895b_002:0746a25	內。名曰極損。所嚙之處有四齒痕便纏其身。	內 名 曰 極 損 所 嚙 之 處 有 四 齒 痕 便 纏 其 身 
T18n0895b_002:0746a26	是名命終。此之一毒。縱以真言妙藥。不復治	是 名 命 終 此 之 一 毒 縱 以 真 言 妙 藥 不 復 治 
T18n0895b_002:0746a27	差。譬如猛火燒身。或以刀割。被毒之者亦復	差 譬 如 猛 火 燒 身 或 以 刀 割 被 毒 之 者 亦 復 
T18n0895b_002:0746a28	如是。若以藥治。不及真言。如大火興盛。若以	如 是 若 以 藥 治 不 及 真 言 如 大 火 興 盛 若 以 
T18n0895b_002:0746a29	兩灑。其火便息。真言攝毒亦如是。智者妙	兩 灑 其 火 便 息 真 言 攝 毒 亦 如 是 智 者 妙 
T18n0895b_002:0746b01	解種種毒類。亦復持誦大威真言。共諸毒戲	解 種 種 毒 類 亦 復 持 誦 大 威 真 言 共 諸 毒 戲 
T18n0895b_002:0746b02	一無怖畏。由如師子入牛群內。復次天魅。阿	一 無 怖 畏 由 如 師 子 入 牛 群 內 復 次 天 魅 阿 
T18n0895b_002:0746b03	修羅魅藥叉魅。龍魅。持明魅。乾闥婆魅。餓	修 羅 魅 藥 叉 魅 龍 魅 持 明 魅 乾 闥 婆 魅 餓 
T18n0895b_002:0746b04	鬼之魅。毘舍遮等種種諸魅。求祭祀故。或戲	鬼 之 魅 毘 舍 遮 等 種 種 諸 魅 求 祭 祀 故 或 戲 
T18n0895b_002:0746b05	弄故。或殺害故。遊行世間。常噉血肉。伺求過	弄 故 或 殺 害 故 遊 行 世 間 常 噉 血 肉 伺 求 過 
T18n0895b_002:0746b06	失。或以瞋故。擊捉眾生。或煩惱故。或飢世間	失 或 以 瞋 故 擊 捉 眾 生 或 煩 惱 故 或 飢 世 間 
T18n0895b_002:0746b07	如日出現。我等衛護如是行者不令心亂。乃	如 日 出 現 我 等 衛 護 如 是 行 者 不 令 心 亂 乃 
T18n0895b_002:0746b08	至常獲如意成就。梵王天等作是語已。甚大	至 常 獲 如 意 成 就 梵 王 天 等 作是語已 甚 大 
T18n0895b_002:0746b09	歡喜。頭面禮足。各乘大座。退散而去。諸天去	歡 喜 頭面禮足 各 乘 大 座 退 散 而 去 諸 天 去 
T18n0895b_002:0746b10	已。執金剛聖者重告妙膊童子。我今所說天	已 執 金 剛 聖 者 重 告 妙 膊 童 子 我 今 所 說 天 
T18n0895b_002:0746b11	等已聞。汝今可往人間流行。妙膊受教頂禮	等 已 聞 汝 今 可 往 人 間 流 行 妙 膊 受 教 頂 禮 
T18n0895b_002:0746b12	而退。即於世間廣為人說。	而 退 即 於 世 間 廣 為 人 說 
T18n0895b_002:0746b13	其第十二品中八明妃主。謂多羅(此云妙目精)從多	其 第 十 二 品 中 八 明 妃 主 謂 多 羅 此 云 妙 目 精 從 多 
T18n0895b_002:0746b14	閼枳耶(二合此云白明)半拏囉嚩從寧(此云服白衣)微路羯寧	閼 枳 耶 二 合 此 云 白 明 半 拏 囉 嚩 從 寧 此 云 服 白 衣 微 路 羯 寧 
T18n0895b_002:0746b15	(此云觀也)曀迦熱吒(此云獨髻)嶠哩(此為金色相)野捨末底(此云名稱慧)	 此 云 觀 也 曀 迦 熱 吒 此 云 獨 髻 嶠 哩 此 為 金 色 相 野 捨 末 底 此 云 名 稱 慧 
T18n0895b_002:0746b16	苾句胝(此云忿像)此等皆是蓮花部中明妃之主。	苾 句 胝 此 云 忿 像 此 等 皆 是 蓮 花 部 中 明 妃 之 主 
T18n0895b_002:0746b17	蘇磨呼童子請問經卷下	蘇 磨 呼 童 子 請 問 經 卷 下 
