T19n0974E_001:0389a04	佛頂尊勝陀羅尼真言	佛 頂 尊 勝 陀 羅 尼 真 言 
T19n0974E_001:0389a06	那(上)慕薄誐嚩(無我反)帝(一)怛[口*賴](力界反二合彈舌)路迦(吉耶	那 上 慕 薄 誐 嚩 無 我 反 帝 一 怛 [口賴] 力 界 反 二 合 彈 舌 路 迦 吉 耶 
T19n0974E_001:0389a07	反)鉢囉(二合彈舌)底(丁以反下同)尾始瑟吒(二合)耶(二)母馱	反 鉢 囉 二 合 彈 舌 底 丁 以 反 下 同 尾 始 瑟 吒 二 合 耶 二 母 馱 
T19n0974E_001:0389a08	耶(三)薄誐嚩帝(四)怛儞野(二合)他(五)唵(引六)尾戍	耶 三 薄 誐 嚩 帝 四 怛 儞 野 二 合 他 五 唵 引 六 尾 戍 
T19n0974E_001:0389a09	馱耶(七)娑(上)麼娑(上)漫多(八)嚩婆(去)娑(九)塞頗(二合)	馱 耶 七 娑 上 麼 娑 上 漫 多 八 嚩 婆 去 娑 九 塞 頗 二 合 
T19n0974E_001:0389a10	羅拏(十)誐底誐訶那(十一)娑嚩婆嚩尾秫提(十二)	羅 拏 十 誐 底 誐 訶 那 十 一 娑 嚩 婆 嚩 尾 秫 提 十 二 
T19n0974E_001:0389a11	阿鼻詵(去)者[牟*含](牟含反十三)素誐多嚩囉嚩者那(引十四)	阿 鼻 詵 去 者 [牟含] 牟 含 反 十 三 素 誐 多 嚩 囉 嚩 者 那 引 十 四 
T19n0974E_001:0389a12	阿蜜哩(二合彈)多鼻曬罽(十五)阿訶羅(十六)阿訶羅	阿 蜜 哩 二 合 彈 多 鼻 曬 罽 十 五 阿 訶 羅 十 六 阿 訶 羅 
T19n0974E_001:0389a13	(十七)阿庾散陀羅尼(十八)戍馱那(十九)戍馱耶(二十)	 十 七 阿 庾 散 陀 羅 尼 十 八 戍 馱 那 十 九 戍 馱 耶 二 十 
T19n0974E_001:0389a14	誐誐那尾秫提(二十一)鄔瑟抳(二合)沙惹耶惹耶	誐 誐 那 尾 秫 提 二 十 一 鄔 瑟 抳 二 合 沙 惹 耶 惹 耶 
T19n0974E_001:0389a15	尾秫提(二十二)娑賀薩囉(二合彈)曷囉濕弭(二合)散注	尾 秫 提 二 十 二 娑 賀 薩 囉 二 合 彈 曷 囉 濕 弭 二 合 散 注 
T19n0974E_001:0389a16	儞帝(二十三)薩婆怛他(去)誐多地瑟吒(二合)那地瑟	儞 帝 二 十 三 薩 婆 怛 他 去 誐 多 地 瑟 吒 二 合 那 地 瑟 
T19n0974E_001:0389a17	恥(二合)多母捺嚟(二合二十四)嚩日羅(二合彈)迦(去)耶僧(去)	恥 二 合 多 母 捺 嚟 二 合 二 十 四 嚩 日 羅 二 合 彈 迦 去 耶 僧 去 
T19n0974E_001:0389a18	訶多那尾秫提(二十五)薩婆(去)嚩囉拏尾秫提(二十六)	訶 多 那 尾 秫 提 二 十 五 薩 婆 去 嚩 囉 拏 尾 秫 提 二 十 六 
T19n0974E_001:0389a19	鉢囉(二合)底儞嚩多耶阿(去)庾秫提(二十七)娑麼耶	鉢 囉 二 合 底 儞 嚩 多 耶 阿 去 庾 秫 提 二 十 七 娑 麼 耶 
T19n0974E_001:0389a20	地瑟恥帝(二十八)麼儞麼儞(二十九)多他(去)多步多句	地 瑟 恥 帝 二 十 八 麼 儞 麼 儞 二 十 九 多 他 去 多 步 多 句 
T19n0974E_001:0389a21	胝跛(上)哩秫提(三十)尾塞普(二合)吒母地秫提	胝 跛 上 哩 秫 提 三 十 尾 塞 普 二 合 吒 母 地 秫 提 
T19n0974E_001:0389a22	(三十一)惹耶惹耶(三十二)尾惹耶(三十三)尾惹耶(三十四)塞	 三 十 一 惹 耶 惹 耶 三 十 二 尾 惹 耶 三 十 三 尾 惹 耶 三 十 四 塞 
T19n0974E_001:0389a23	麼(二合)囉(三十六)薩婆母馱地瑟恥(二合)多秫提(三十	麼 二 合 囉 三 十 六 薩 婆 母 馱 地 瑟 恥 二 合 多 秫 提 三 十 
T19n0974E_001:0389a24	七)嚩日[口*(隸木+士)](二合)嚩日囉(二合彈)誐陛(三十八)嚩日[口*藍](二合)	七 嚩 日 [口隸木士]二合嚩日囉二合彈誐陛三十八嚩日[口藍] 二 合 
T19n0974E_001:0389a25	婆嚩都(三十九)麼麼寫(四十)薩婆薩埵(去)南(去引)者	婆 嚩 都 三 十 九 麼 麼 寫 四 十 薩 婆 薩 埵 去 南 去 引 者 
T19n0974E_001:0389a26	(四十一)迦那尾秫提(四十二)薩婆誐底跛(去)哩秫	 四 十 一 迦 那 尾 秫 提 四 十 二 薩 婆 誐 底 跛 去 哩 秫 
T19n0974E_001:0389a27	提(四十三)薩婆怛他(去)誐多(四十四)娑麼濕嚩娑地	提 四 十 三 薩 婆 怛 他 去 誐 多 四 十 四 娑 麼 濕 嚩 娑 地 
T19n0974E_001:0389a28	瑟恥帝(四十五)母地野(二合四十六)母地野(二合四十七)母馱耶	瑟 恥 帝 四 十 五 母 地 野 二 合 四 十 六 母 地 野 二 合 四 十 七 母 馱 耶 
T19n0974E_001:0389a29	(四十八)母馱耶(四十九)娑縵多跛(上)哩秫提(五十)薩婆	 四 十 八 母 馱 耶 四 十 九 娑 縵 多 跛 上 哩 秫 提 五 十 薩 婆 
T19n0974E_001:0389b01	怛他(去)誐多地瑟吒(二合)那地瑟恥帝(五十一)麼訶	怛 他 去 誐 多 地 瑟 吒 二 合 那 地 瑟 恥 帝 五 十 一 麼 訶 
T19n0974E_001:0389b02	(去)母涅梨(五十二)莎婆賀	 去 母 涅 梨 五 十 二 莎 婆 賀 
T19n0974E_001:0389b03	尊勝陀羅尼心真言	尊 勝 陀 羅 尼 心 真 言 
T19n0974E_001:0389b04	唵阿密[口*栗]都妬婆鞞娑婆訶	唵 阿 密 [口栗] 都 妬 婆 鞞 娑 婆 訶 
T19n0974E_001:0389b05	學念梵音法	學 念 梵 音 法 
T19n0974E_001:0389b06	夫誦陀羅尼。務存梵音。但取其聲。不取其義。	夫 誦 陀 羅 尼 務 存 梵 音 但 取 其 聲 不 取 其 義 
T19n0974E_001:0389b07	比來多失本音。良由翻譯文字有異。遂使學	比 來 多 失 本 音 良 由 翻 譯 文 字 有 異 遂 使 學 
T19n0974E_001:0389b08	者多疑不決。例不審看側注。輒自文外紐彈。	者 多 疑 不 決 例 不 審 看 側 注 輒 自 文 外 紐 彈 
T19n0974E_001:0389b09	謂言令然。豈知訛舛。今所翻者。稍殊往譯。	謂 言 令 然 豈 知 訛 舛 今 所 翻 者 稍 殊 往 譯 
T19n0974E_001:0389b10	應合彈紐。具注其側。幸請審看。萬不失一。	應 合 彈 紐 具 注 其 側 幸 請 審 看 萬 不 失 一 
T19n0974E_001:0389b11	不應彈紐而彈紐者。是陀羅尼之大病也。若	不 應 彈 紐 而 彈 紐 者 是 陀 羅 尼 之 大 病 也 若 
T19n0974E_001:0389b12	無側注。不假紐聲。但依其文。自當周正。所	無 側 注 不 假 紐 聲 但 依 其 文 自 當 周 正 所 
T19n0974E_001:0389b13	有口邊字者。皆須彈舌而言之。側注平上去	有 口 邊 字 者 皆 須 彈 舌 而 言 之 側 注 平 上 去 
T19n0974E_001:0389b14	入者。依四聲而紐之。所注二合者。兩字相和。	入 者 依 四 聲 而 紐 之 所 注 二 合 者 兩 字 相 和 
T19n0974E_001:0389b15	一時急呼。是為二合也。此陀羅尼真言。凡	一 時 急 呼 是 為 二 合 也 此 陀 羅 尼 真 言 凡 
T19n0974E_001:0389b16	有五十三句。其中亦有小歇。請後學者審	有 五 十 三 句 其 中 亦 有 小 歇 請 後 學 者 審 
T19n0974E_001:0389b17	詳其句。無令差失。一切佛部陀羅尼真言。	詳 其 句 無 令 差 失 一 切 佛 部 陀 羅 尼 真 言 
T19n0974E_001:0389b18	一切菩薩金剛等陀羅尼真言。悉皆如是。只	一切菩薩 金 剛 等 陀 羅 尼 真 言 悉 皆 如 是 只 
T19n0974E_001:0389b19	如漢語名。謀文字。即有平上去入四聲。聲	如 漢 語 名 謀 文 字 即 有 平 上 去 入 四 聲 聲 
T19n0974E_001:0389b20	相呼准如五天竺國梵音。與上界諸天語音	相 呼 准 如 五 天 竺 國 梵 音 與 上 界 諸 天 語 音 
T19n0974E_001:0389b21	一種。如擬學梵音念誦者。先須學梵音。旨	一 種 如 擬 學 梵 音 念 誦 者 先 須 學 梵 音 旨 
T19n0974E_001:0389b22	有十四音。與唐校十音。看涅槃經文字品中。	有 十 四 音 與 唐 校 十 音 看 涅 槃 經 文 字 品 中 
T19n0974E_001:0389b23	即悟梵音。前翻譯經居上別將直中書迦葉	即 悟 梵 音 前 翻 譯 經 居 上 別 將 直 中 書 迦 葉 
T19n0974E_001:0389b24	利沙譯。如學者於師所授真言已。應建立道	利 沙 譯 如 學 者 於 師 所 授 真 言 已 應 建 立 道 
T19n0974E_001:0389b25	場。每日洗浴。著新淨衣。依時念誦。如不獲	場 每 日 洗 浴 著 新 淨 衣 依 時 念 誦 如 不 獲 
T19n0974E_001:0389b26	四時。二時不可闕。凡初入道場。雙膝長跪。結	四 時 二 時 不 可 闕 凡 初 入 道 場 雙 膝 長 跪 結 
T19n0974E_001:0389b27	金剛起印。二羽金剛拳。檀慧互相鉤。進力拄	金 剛 起 印 二 羽 金 剛 拳 檀 慧 互 相 鉤 進 力 拄 
T19n0974E_001:0389b28	三招。真言曰。	三 招 真 言 曰 
T19n0974E_001:0389b29	唵麼折路底瑟吒	唵 麼 折 路 底 瑟 吒 
T19n0974E_001:0389c01	三招每一遍一招。即觀諸佛如恒沙。集左道	三 招 每 一 遍 一 招 即 觀 諸 佛 如 恒 沙 集 左 道 
T19n0974E_001:0389c02	場內。作此心觀得成。即須畫像。	場 內 作 此 心 觀 得 成 即 須 畫 像 
T19n0974E_001:0389c03	畫像法	畫 像 法 
T19n0974E_001:0389c04	凡欲作法受持尊勝真言句者。先須畫像。取	凡 欲 作 法 受 持 尊 勝 真 言 句 者 先 須 畫 像 取 
T19n0974E_001:0389c05	上妙好白[疊*毛]。或用童女織絹三幅高一丈。應	上 妙 好 白 [疊毛] 或 用 童 女 織 絹 三 幅 高 一 丈 應 
T19n0974E_001:0389c06	彩色中不得用膠。須用香汁。畫匠須受三歸	彩 色 中 不 得 用 膠 須 用 香 汁 畫 匠 須 受 三 歸 
T19n0974E_001:0389c07	五戒。著新淨衣。一上廁一洗浴。畫至畢功。事	五 戒 著 新 淨 衣 一 上 廁 一 洗 浴 畫 至 畢 功 事 
T19n0974E_001:0389c08	須清齋。不得與婦人同居。畫匠處不得近養	須 清 齋 不 得 與 婦 人 同 居 畫 匠 處 不 得 近 養 
T19n0974E_001:0389c09	鷄狗家。不得喫酒肉人到畫像處。如有此色	鷄 狗 家 不 得 喫 酒 肉 人 到 畫 像 處 如 有 此 色 
T19n0974E_001:0389c10	到對此像。作法不成。直至畢功。功德主及	到 對 此 像 作 法 不 成 直 至 畢 功 功 德 主 及 
T19n0974E_001:0389c11	畫人。更不得雜人至畫像所。從月一日起	畫 人 更 不 得 雜 人 至 畫 像 所 從 月 一 日 起 
T19n0974E_001:0389c12	首。如得從正月一日起首。更是上妙畫作五	首 如 得 從 正 月 一 日 起 首 更 是 上 妙 畫 作 五 
T19n0974E_001:0389c13	峯甘露山。山中種種樹木華菓。流泉浴池。迦	峯 甘 露 山 山 中 種 種 樹 木 華 菓 流 泉 浴 池 迦 
T19n0974E_001:0389c14	陵頻伽共命之鳥。及師子之群。山中峯作神	陵 頻 伽 共 命 之 鳥 及 師 子 之 群 山 中 峯 作 神 
T19n0974E_001:0389c15	窟。窟中畫釋迦像結跏趺坐。像右邊畫天主	窟 窟 中 畫 釋 迦 像 結跏趺坐 像 右 邊 畫 天 主 
T19n0974E_001:0389c16	帝釋一切天家眷屬圍繞。像左邊畫作乾闥	帝 釋 一 切 天 家 眷 屬 圍 繞 像 左 邊 畫 作 乾 闥 
T19n0974E_001:0389c17	婆兒名善住。容貌端正狀如菩薩。頭髮衣冠	婆 兒 名 善 住 容 貌 端 正 狀 如 菩 薩 頭 髮 衣 冠 
T19n0974E_001:0389c18	亦似菩薩。以種種瓔珞華冠莊嚴。又以白[疊*毛]	亦 似 菩 薩 以 種 種 瓔 珞 華 冠 莊 嚴 又 以 白 [疊毛] 
T19n0974E_001:0389c19	巾勒左膊上。右手把毬杖。後畫乾闥婆眷屬。	巾 勒 左 膊 上 右 手 把 毬 杖 後 畫 乾 闥 婆 眷 屬 
T19n0974E_001:0389c20	圍繞善住。歌舞作樂。佛左右作四天王像及	圍 繞 善 住 歌 舞 作 樂 佛 左 右 作 四 天 王 像 及 
T19n0974E_001:0389c21	侍從部落像。左邊向下畫梵王立魔王像。	侍 從 部 落 像 左 邊 向 下 畫 梵 王 立 魔 王 像 
T19n0974E_001:0389c22	右邊向下畫魔醯首羅像。向下山水有龍王。	右 邊 向 下 畫 魔醯首羅 像 向 下 山 水 有 龍 王 
T19n0974E_001:0389c23	白色赤色龍王。如畫像畢。設四十九僧齋。齋	白 色 赤 色 龍 王 如 畫 像 畢 設 四 十 九 僧 齋 齋 
T19n0974E_001:0389c24	後張設道場。四十九日念誦人不得出道場。	後 張 設 道 場 四 十 九 日 念 誦 人 不 得 出 道 場 
T19n0974E_001:0389c25	雜人不得入道場所。是供養物一一自將入。	雜 人 不 得 入 道 場 所 是 供 養 物 一 一 自 將 入 
T19n0974E_001:0389c26	唯燒好沈香。每日好飲食。不得著菜。酥蜜乳	唯 燒 好 沈 香 每 日 好 飲 食 不 得 著 菜 酥 蜜 乳 
T19n0974E_001:0389c27	酪須常貯瓷器中盛之供養。每日摘取好妙	酪 須 常 貯 瓷 器 中 盛 之 供 養 每 日 摘 取 好 妙 
T19n0974E_001:0389c28	雜樹及草好華。如有刺華及穢處不堪供養。	雜 樹 及 草 好 華 如 有 刺 華 及 穢 處 不 堪 供 養 
T19n0974E_001:0389c29	經七日。即須取福德地作壇。別有啟請法。同	經 七 日 即 須 取 福 德 地 作 壇 別 有 啟 請 法 同 
T19n0974E_001:0390a01	華嚴經啟請。	華 嚴 經 啟 請 
T19n0974E_001:0390a02	作尊勝壇法	作 尊 勝 壇 法 
T19n0974E_001:0390a03	夫造壇第一深山絕人行到處。第二阿蘭若	夫 造 壇 第 一 深 山 絕 人 行 到 處 第 二 阿 蘭 若 
T19n0974E_001:0390a04	有泉源處。第三有形勢山寺。第四城郭有大	有 泉 源 處 第 三 有 形 勢 山 寺 第 四 城 郭 有 大 
T19n0974E_001:0390a05	福德寺。先於作壇處。念誦君荼利金剛心真	福 德 寺 先 於 作 壇 處 念 誦 君 荼 利 金 剛 心 真 
T19n0974E_001:0390a06	言。七日看境解。夢見上妙好華。及婆羅門	言 七 日 看 境 解 夢 見 上 妙 好 華 及 婆 羅 門 
T19n0974E_001:0390a07	僧。及天人。及道士形。及乾闥婆天眾。金剛菩	僧 及 天 人 及 道 士 形 及 乾 闥 婆 天 眾 金 剛 菩 
T19n0974E_001:0390a08	薩佛等。及樓閣寶塔空中天宮。下如此相皆	薩 佛 等 及 樓 閣 寶 塔 空 中 天 宮 下 如 此 相 皆 
T19n0974E_001:0390a09	是相應如夢。若見猪兒狗六畜。即須重更	是 相 應 如 夢 若 見 猪 兒 狗 六 畜 即 須 重 更 
T19n0974E_001:0390a10	洗浴啟請。移改諸處。依前誦君荼利真言。	洗 浴 啟 請 移 改 諸 處 依 前 誦 君 荼 利 真 言 
T19n0974E_001:0390a11	以應為度。如德合聖心。即須拄地。去其瓦	以 應 為 度 如 德 合 聖 心 即 須 拄 地 去 其 瓦 
T19n0974E_001:0390a12	石搏惡物。於福德土。取填令高於諸處。地	石 搏 惡 物 於 福 德 土 取 填 令 高 於 諸 處 地 
T19n0974E_001:0390a13	方圓八肘。於中作四肘壇。壇高側撗手取好	方 圓 八 肘 於 中 作 四 肘 壇 壇 高 側 撗 手 取 好 
T19n0974E_001:0390a14	黃土作泥。其泥取[卄/補]華。為及取白檀香末一	黃 土 作 泥 其 泥 取 [卄補] 華 為 及 取 白 檀 香 末 一 
T19n0974E_001:0390a15	斤。和泥呪泥。真言在陀羅尼集第八烏芻沙	斤 和 泥 呪 泥 真 言 在 陀 羅 尼 集 第 八 烏 芻 沙 
T19n0974E_001:0390a16	摩事法。具說呪泥及水法。須一童子十歲已	摩 事 法 具 說 呪 泥 及 水 法 須 一 童 子 十 歲 已 
T19n0974E_001:0390a17	上十五已下。壇場驅使如掘得雜井。更是	上 十 五 已 下 壇 場 驅 使 如 掘 得 雜 井 更 是 
T19n0974E_001:0390a18	精妙。其壇四角各安一瓶。瓶口插柏枝。壇前	精 妙 其 壇 四 角 各 安 一 瓶 瓶 口 插 柏 枝 壇 前 
T19n0974E_001:0390a19	置一器水。或銅或瓷。取五股香。沈牋蘇合	置 一 器 水 或 銅 或 瓷 取 五 股 香 沈 牋 蘇 合 
T19n0974E_001:0390a20	白檀龍腦。取香水汁名曰閼伽水。別取一	白 檀 龍 腦 取 香 水 汁 名 曰 閼 伽 水 別 取 一 
T19n0974E_001:0390a21	盞。或金或銀。盛欝金香水。[跍*月]跪把香水。啟請	盞 或 金 或 銀 盛 欝 金 香 水 [跍月] 跪 把 香 水 啟 請 
T19n0974E_001:0390a22	三世諸佛恒沙菩薩遍法界金剛三十三天主	三世諸佛 恒 沙 菩 薩 遍 法 界 金 剛 三十三天 主 
T19n0974E_001:0390a23	帝釋梵王持呪仙眾。今日今時受我供養。我	帝 釋 梵 王 持 呪 仙 眾 今 日 今 時 受 我 供 養 我 
T19n0974E_001:0390a24	今於此結壇。持念佛頂尊勝真言。伏願聖眾	今 於 此 結 壇 持 念 佛 頂 尊 勝 真 言 伏 願 聖 眾 
T19n0974E_001:0390a25	慈悲降臨道場。受我供養。為法界安寧無諸	慈 悲 降 臨 道 場 受 我 供 養 為 法 界 安 寧 無 諸 
T19n0974E_001:0390a26	苦惱。有苦惱者。願得離苦解脫。發是願已。	苦 惱 有 苦 惱 者 願 得 離 苦 解 脫 發 是 願 已 
T19n0974E_001:0390a27	將香水盞。置於壇上。繞誦尊勝四十遍。想	將 香 水 盞 置 於 壇 上 繞 誦 尊 勝 四 十 遍 想 
T19n0974E_001:0390a28	恒沙諸佛在此道場。如地天王在此道場內。	恒 沙 諸 佛 在 此 道 場 如 地 天 王 在 此 道 場 內 
T19n0974E_001:0390a29	作如此恐懼。不得諸餘言話及嗔諸人等。應	作 如 此 恐 懼 不 得 諸 餘 言 話 及 嗔 諸 人 等 應 
T19n0974E_001:0390b01	有諸外人來。亦須細語。不得高聲。供養食。准	有 諸 外 人 來 亦 須 細 語 不 得 高 聲 供 養 食 准 
T19n0974E_001:0390b02	前壇上安四十九尺幡。縵屋四面懸四天王	前 壇 上 安 四 十 九 尺 幡 縵 屋 四 面 懸 四 天 王 
T19n0974E_001:0390b03	幡及金剛幡。加持一呪索。繞八肘外作界。壇	幡 及 金 剛 幡 加 持 一 呪 索 繞 八 肘 外 作 界 壇 
T19n0974E_001:0390b04	開四門。每門出一香爐。爐內燒種種上妙好	開 四 門 每 門 出 一 香 爐 爐 內 燒 種 種 上 妙 好 
T19n0974E_001:0390b05	香。切不得鷄狗婦人到壇側近。日夜六時及	香 切 不 得 鷄 狗 婦 人 到 壇 側 近 日 夜 六 時 及 
T19n0974E_001:0390b06	四時念誦。	四 時 念 誦 
T19n0974E_001:0390b07	尊勝念誦法	尊 勝 念 誦 法 
T19n0974E_001:0390b08	夫欲念誦尊勝真言者。於壇東面坐向西。每	夫 欲 念 誦 尊 勝 真 言 者 於 壇 東 面 坐 向 西 每 
T19n0974E_001:0390b09	日四時六時如一時。約一百八遍為定。每時	日 四 時 六 時 如 一 時 約 一百八遍 為 定 每 時 
T19n0974E_001:0390b10	遍數畢。發弘誓願。永不退轉。其畫像即放大	遍 數 畢 發弘誓願 永 不 退 轉 其 畫 像 即 放 大 
T19n0974E_001:0390b11	光明。當爾之時。即是法成。更莫疑耳。念誦除	光 明 當 爾 之 時 即 是 法 成 更 莫 疑 耳 念 誦 除 
T19n0974E_001:0390b12	本數。每日啟請。長舒二臂。於頂上金剛合掌。	本 數 每 日 啟 請 長 舒 二 臂 於 頂 上 金 剛 合 掌 
T19n0974E_001:0390b13	長展二足。以身委地。禮東方不動如來。於	長 展 二 足 以 身 委 地 禮 東 方 不動如來 於 
T19n0974E_001:0390b14	心海流出奉獻。真言曰。	心 海 流 出 奉 獻 真 言 曰 
T19n0974E_001:0390b15	唵薩婆怛他揭多布儒波薩他那耶(引)阿答摩	唵 薩 婆 怛 他 揭 多 布 儒 波 薩 他 那 耶 引 阿 答 摩 
T19n0974E_001:0390b16	南(三)涅哩耶多夜弭(四)薩婆怛他揭多(五)拔折	南 三 涅 哩 耶 多 夜 弭 四 薩 婆 怛 他 揭 多 五 拔 折 
T19n0974E_001:0390b17	羅(二合)薩埵地瑟吒薩嚩[牟*含]吽	羅 二 合 薩 埵 地 瑟 吒 薩 嚩 [牟含] 吽 
T19n0974E_001:0390b18	作如是供養。心海默念。為欲承事一切如來	作 如 是 供 養 心 海 默 念 為 欲 承 事 一 切 如 來 
T19n0974E_001:0390b19	故。我今奉獻己身。唯願一切如來哀愍加護	故 我 今 奉 獻 己 身 唯 願 一 切 如 來 哀 愍 加 護 
T19n0974E_001:0390b20	又歛二足。以金剛合掌置於心上。以額著地。	又 歛 二 足 以 金 剛 合 掌 置 於 心 上 以 額 著 地 
T19n0974E_001:0390b21	禮南方寶生如來。以心海流出奉獻。真言曰。	禮 南 方 寶 生 如 來 以 心 海 流 出 奉 獻 真 言 曰 
T19n0974E_001:0390b22	唵(一)薩婆怛他蘖多(二)布惹(引)毘曬迦耶答摩	唵 一 薩 婆 怛 他 蘖 多 二 布 惹 引 毘 曬 迦 耶 答 摩 
T19n0974E_001:0390b23	南涅哩夜多夜弭薩婆怛他誐多拔折囉囉怛	南 涅 哩 夜 多 夜 弭 薩 婆 怛 他 誐 多 拔 折 囉 囉 怛 
T19n0974E_001:0390b24	那阿毘詵者[牟*含]怛咯	那 阿 毘 詵 者 [牟含] 怛 咯 
T19n0974E_001:0390b25	作如是念。為供養一切如來求請灌頂故。我	作如是念 為 供 養 一 切 如 來 求 請 灌 頂 故 我 
T19n0974E_001:0390b26	今奉獻己身。願一切如來。以金剛寶與我灌	今 奉 獻 己 身 願 一 切 如 來 以 金 剛 寶 與 我 灌 
T19n0974E_001:0390b27	頂。	頂 
T19n0974E_001:0390b28	又以金剛合掌置於頂上。以口著地。禮西方	又 以 金 剛 合 掌 置 於 頂 上 以 口 著 地 禮 西 方 
T19n0974E_001:0390b29	無量壽如來。以身奉獻。真言曰。	無 量 壽 如 來 以 身 奉 獻 真 言 曰 
T19n0974E_001:0390c01	唵(一)薩婆怛他蘖多(二)布惹鉢囉勿[口*栗](三合)多	唵 一 薩 婆 怛 他 蘖 多 二 布 惹 鉢 囉 勿 [口栗] 三 合 多 
T19n0974E_001:0390c02	那耶答摩南(四)涅哩耶多夜弭(五)薩婆怛他蘖	那 耶 答 摩 南 四 涅 哩 耶 多 夜 弭 五 薩 婆 怛 他 蘖 
T19n0974E_001:0390c03	多(六)拔折羅達摩(七)鉢羅勿[口*栗](二合)多耶[牟*含]紇喇	多 六 拔 折 羅 達 摩 七 鉢 羅 勿 [口栗]二合多耶[牟含] 紇 喇 
T19n0974E_001:0390c04	作如是念。我今為展轉供養一切如來故。奉	作如是念 我 今 為 展 轉 供 養 一 切 如 來 故 奉 
T19n0974E_001:0390c05	獻己身願一切如來。為我轉金剛法輪。	獻 己 身 願 一 切 如 來 為 我 轉 金 剛 法 輪 
T19n0974E_001:0390c06	又以金剛合掌置於心上。以頂著地。禮北方	又 以 金 剛 合 掌 置 於 心 上 以 頂 著 地 禮 北 方 
T19n0974E_001:0390c07	不空成就如來。以身奉獻。真言曰。	不 空 成 就 如 來 以 身 奉 獻 真 言 曰 
T19n0974E_001:0390c08	唵(一)薩婆怛他蘖多(二)布惹羯摩尼(三)阿答摩	唵 一 薩 婆 怛 他 蘖 多 二 布 惹 羯 摩 尼 三 阿 答 摩 
T19n0974E_001:0390c09	南(三)涅哩耶多夜弭(四)薩婆怛他揭多(五)拔折	南 三 涅 哩 耶 多 夜 弭 四 薩 婆 怛 他 揭 多 五 拔 折 
T19n0974E_001:0390c10	羅羯摩句嚕[牟*含](六)惡	羅 羯 摩 句 嚕 [牟含] 六 惡 
T19n0974E_001:0390c11	作如是念。我今為供養一切如來事業故。奉	作如是念 我 今 為 供 養 一 切 如來事業 故 奉 
T19n0974E_001:0390c12	獻己身願一切如來。為我作金剛事業。	獻 己 身 願 一 切 如 來 為 我 作 金 剛 事 業 
T19n0974E_001:0390c13	然後結金剛持印。右膝著地。置於頂上。想普	然 後 結 金 剛 持 印 右膝著地 置 於 頂 上 想 普 
T19n0974E_001:0390c14	禮一切如來及菩薩足。右覆右仰。大小指互	禮 一 切 如 來 及 菩 薩 足 右 覆 右 仰 大 小 指 互 
T19n0974E_001:0390c15	相鉤。是為持印。真言曰。	相 鉤 是 為 持 印 真 言 曰 
T19n0974E_001:0390c16	唵拔折囉勿(微一反)	唵 拔 折 囉 勿 微 一 反 
T19n0974E_001:0390c17	便懺悔。懺悔已結印。誦清淨真言。真言曰。	便 懺 悔 懺 悔 已 結 印 誦 清 淨 真 言 真 言 曰 
T19n0974E_001:0390c18	唵薩嚩婆嚩戍馱薩婆達磨薩嚩婆嚩戍度唅	唵 薩 嚩 婆 嚩 戍 馱 薩 婆 達 磨 薩 嚩 婆 嚩 戍 度 唅 
T19n0974E_001:0390c19	其印合十度。如未敷蓮。誦真言。印心額喉頂。	其 印 合 十 度 如 未 敷 蓮 誦 真 言 印 心 額 喉 頂 
T19n0974E_001:0390c20	即一切罪垢清淨(自法我)。	即 一 切 罪 垢 清 淨 自 法 我 
T19n0974E_001:0390c21	次隨喜勸請。迴向發願。然後半跏坐。二羽	次 隨 喜 勸 請 迴 向 發 願 然 後 半 跏 坐 二 羽 
T19n0974E_001:0390c22	金剛拳。置於二膝上。心舌及二手。吽字騰金	金 剛 拳 置 於 二 膝 上 心 舌 及 二 手 吽 字 騰 金 
T19n0974E_001:0390c23	光猶如於如來。住於說法相。身處淨月輪。如	光 猶 如 於 如 來 住 於 說 法 相 身 處 淨 月 輪 如 
T19n0974E_001:0390c24	敷明鏡坐。光明遍法界。普淨眾生界。即以	敷 明 鏡 坐 光 明 遍 法 界 普 淨 眾 生 界 即 以 
T19n0974E_001:0390c25	眼。瞻視虛空佛。旋轉視八方。散射金剛焰。	眼 瞻 視 虛 空 佛 旋 轉 視 八 方 散 射 金 剛 焰 
T19n0974E_001:0390c26	結界及辟除。處等金剛城。	結 界 及 辟 除 處 等 金 剛 城 
T19n0974E_001:0390c27	次住四無量心三摩地。於心月中觀羯摩金	次 住 四無量心 三 摩 地 於 心 月 中 觀 羯 摩 金 
T19n0974E_001:0390c28	剛。以大悲心斷一切眾生苦。觀羯摩輪。周	剛 以 大 悲 心 斷 一 切 眾 生 苦 觀 羯 摩 輪 周 
T19n0974E_001:0390c29	遍法界。真言曰。	遍 法 界 真 言 曰 
T19n0974E_001:0391a01	摩訶迦嚕拏耶薩泮羅	摩 訶 迦 嚕 拏 耶 薩 泮 羅 
T19n0974E_001:0391a02	次運慈心。羯摩輪遍眾生界。與無量樂。真	次 運 慈 心 羯 摩 輪 遍 眾 生 界 與 無 量 樂 真 
T19n0974E_001:0391a03	言曰。	言 曰 
T19n0974E_001:0391a04	唵摩訶迷怛哩薩泮羅	唵 摩 訶 迷 怛 哩 薩 泮 羅 
T19n0974E_001:0391a05	次以喜心運羯摩輪。遍眾生界。真言曰。	次 以 喜 心 運 羯 摩 輪 遍 眾 生 界 真 言 曰 
T19n0974E_001:0391a06	唵薩婆勃馱鉢囉母那薩泮羅	唵 薩 婆 勃 馱 鉢 囉 母 那 薩 泮 羅 
T19n0974E_001:0391a07	次運羯磨輪。遍眾生界。成就大捨。真言曰。	次 運 羯 磨 輪 遍 眾 生 界 成 就 大 捨 真 言 曰 
T19n0974E_001:0391a08	唵摩呼閉訖灑薩泮羅	唵 摩 呼 閉 訖 灑 薩 泮 羅 
T19n0974E_001:0391a09	然後示三昧耶印。堅固縛。申合二大。真言	然 後 示 三 昧 耶 印 堅 固 縛 申 合 二 大 真 言 
T19n0974E_001:0391a10	曰。	曰 
T19n0974E_001:0391a11	唵三磨耶薩怛[口*梵]　一遍已	唵 三 磨 耶 薩 怛 [口梵] 一 遍 已 
T19n0974E_001:0391a12	次結悅喜三昧耶印。如前縛。忍願入交合。地	次 結 悅 喜 三 昧 耶 印 如 前 縛 忍 願 入 交 合 地 
T19n0974E_001:0391a13	空皆合竪。真言曰。	空 皆 合 竪 真 言 曰 
T19n0974E_001:0391a14	唵三摩耶穀素囉多薩怛梵	唵 三 摩 耶 穀 素 囉 多 薩 怛 梵 
T19n0974E_001:0391a15	次結開心印。先於右乳上安梵怛羅。右乳上	次 結 開 心 印 先 於 右 乳 上 安 梵 怛 羅 右 乳 上 
T19n0974E_001:0391a16	安吒字。如戶扇。如金剛縛。契與真言。俱三	安 吒 字 如 戶 扇 如 金 剛 縛 契 與 真 言 俱 三 
T19n0974E_001:0391a17	掣撥心上。真言曰。	掣 撥 心 上 真 言 曰 
T19n0974E_001:0391a18	唵嚩日羅滿馱怛羅吒	唵 嚩 日 羅 滿 馱 怛 羅 吒 
T19n0974E_001:0391a19	次當前一肘觀八葉蓮華。於其上置梵阿字。	次 當 前 一 肘 觀 八 葉 蓮 華 於 其 上 置 梵 阿 字 
T19n0974E_001:0391a20	放大光明。如水精白色。即以金剛縛出二風。	放大光明 如 水 精 白 色 即 以 金 剛 縛 出 二 風 
T19n0974E_001:0391a21	如環捻取其字。置於心殿中。真言曰。	如 環 捻 取 其 字 置 於 心 殿 中 真 言 曰 
T19n0974E_001:0391a22	唵嚩日羅味舍惡	唵 嚩 日 羅 味 舍 惡 
T19n0974E_001:0391a23	安已歷然在心。即為金剛縛。二空并屈入。	安 已 歷 然 在 心 即 為 金 剛 縛 二 空 并 屈 入 
T19n0974E_001:0391a24	屈二風拄空。以印觸胸。誦真言曰。	屈 二 風 拄 空 以 印 觸 胸 誦 真 言 曰 
T19n0974E_001:0391a25	唵嚩日囉母瑟致[牟*含]	唵 嚩 日 囉 母 瑟 致 [牟含] 
T19n0974E_001:0391a26	以是閉心門已。想字分明住。	以 是 閉 心 門 已 想 字 分 明 住 
T19n0974E_001:0391a27	次結降三世印。二羽為金剛拳。二地背鉤。二	次 結 降 三 世 印 二 羽 為 金 剛 拳 二 地 背 鉤 二 
T19n0974E_001:0391a28	風各正直。真言曰。	風 各 正 直 真 言 曰 
T19n0974E_001:0391a29	唵素婆儞素婆吽紇哩佷拏紇哩佷拏吽紇哩	唵 素 婆 儞 素 婆 吽 紇 哩 佷 拏 紇 哩 佷 拏 吽 紇 哩 
T19n0974E_001:0391b01	佷拏播也吽阿娜也穀婆哦梵嚩日羅吽吽	佷 拏 播 也 吽 阿 娜 也 穀 婆 哦 梵 嚩 日 羅 吽 吽 
T19n0974E_001:0391b02	泮	泮 
T19n0974E_001:0391b03	作此印。左旋成辟除。右旋成結界。	作 此 印 左 旋 成 辟 除 右 旋 成 結 界 
T19n0974E_001:0391b04	次結定印。二羽相叉。仰置臍下。以進力各捻	次 結 定 印 二 羽 相 叉 仰 置 臍 下 以 進 力 各 捻 
T19n0974E_001:0391b05	禪智。真言曰。	禪 智 真 言 曰 
T19n0974E_001:0391b06	唵三摩地鉢那迷紇哩(二合)	唵 三 摩 地 鉢 那 迷 紇 哩 二 合 
T19n0974E_001:0391b07	端身正坐。作是思惟。一切諸法從自心起從	端 身 正 坐 作是思惟 一切諸法 從自心起 從 
T19n0974E_001:0391b08	本已來皆無所有。入寂滅定已。即復觀虛空	本 已 來 皆 無 所 有 入 寂 滅 定 已 即 復 觀 虛 空 
T19n0974E_001:0391b09	中無數諸佛。猶如大地滿成胡麻。不可稱	中 無 數 諸 佛 猶 如 大 地 滿 成 胡 麻 不 可 稱 
T19n0974E_001:0391b10	數。時彼諸佛各舒右手。彈指驚覺。告行者言。	數 時 彼 諸 佛 各 舒 右 手 彈 指 驚 覺 告 行 者 言 
T19n0974E_001:0391b11	善男子。汝所證者。一道清淨。未證薩婆若	善 男 子 汝 所 證 者 一 道 清 淨 未 證 薩 婆 若 
T19n0974E_001:0391b12	(爾也反)應當憶念菩提之心。成就普賢一切行願。	 爾 也 反 應 當 憶 念 菩提之心 成 就 普 賢 一 切 行 願 
T19n0974E_001:0391b13	行者聞警覺已。自觀己身。於諸佛前。一一作	行 者 聞 警 覺 已 自 觀 己 身 於 諸 佛 前 一 一 作 
T19n0974E_001:0391b14	禮。而白佛言。云何名菩提心。諸佛告言。汝觀	禮 而 白 佛 言 云 何 名 菩 提 心 諸 佛 告 言 汝 觀 
T19n0974E_001:0391b15	心中字門。本性清淨。如淨滿月。授與真言曰。	心 中 字 門 本 性 清 淨 如 淨 滿 月 授 與 真 言 曰 
T19n0974E_001:0391b16	唵質多鉢羅底味談迦嚕弭	唵 質 多 鉢 羅 底 味 談 迦 嚕 弭 
T19n0974E_001:0391b17	行者承旨。默誦一遍。即觀自心。如淨滿月。爾	行 者 承 旨 默 誦 一 遍 即 觀 自 心 如 淨 滿 月 爾 
T19n0974E_001:0391b18	時諸佛復作是言。善男子。菩提之心體相如	時 諸 佛 復 作 是 言 善 男 子 菩提之心 體 相 如 
T19n0974E_001:0391b19	此。復授真言曰。	此 復 授 真 言 曰 
T19n0974E_001:0391b20	唵慕地質多母怛跛娜也弭	唵 慕 地 質 多 母 怛 跛 娜 也 弭 
T19n0974E_001:0391b21	行者默誦一遍已。作是思惟。菩提之心體	行 者 默 誦 一 遍 已 作是思惟 菩提之心 體 
T19n0974E_001:0391b22	性。於月輪上。觀五智金剛。真言曰。	性 於 月 輪 上 觀 五 智 金 剛 真 言 曰 
T19n0974E_001:0391b23	唵底瑟吒嚩日羅	唵 底 瑟 吒 嚩 日 羅 
T19n0974E_001:0391b24	觀金剛純真金色。放淨光明。在月輪中。猶如	觀 金 剛 純 真 金 色 放 淨 光 明 在 月 輪 中 猶 如 
T19n0974E_001:0391b25	水精。處清冷地。	水 精 處 清 冷 地 
T19n0974E_001:0391b26	又觀嚩日羅。廣大周遍法界。真言曰。	又 觀 嚩 日 羅 廣 大 周 遍 法 界 真 言 曰 
T19n0974E_001:0391b27	唵薩捕囉嚩日羅	唵 薩 捕 囉 嚩 日 羅 
T19n0974E_001:0391b28	又觀嚩日羅。漸慚却斂所在虛空中。諸如來	又 觀 嚩 日 羅 漸 慚 却 斂 所 在 虛 空 中 諸 如 來 
T19n0974E_001:0391b29	合同體量等己身而止。真言曰。	合 同 體 量 等 己 身 而 止 真 言 曰 
T19n0974E_001:0391c01	唵僧訶囉嚩日囉	唵 僧 訶 囉 嚩 日 囉 
T19n0974E_001:0391c02	復應作是思惟。我今此身成金剛身。真言曰。	復 應 作是思惟 我 今 此 身 成 金 剛 身 真 言 曰 
T19n0974E_001:0391c03	唵嚩日囉怛麼句唅	唵 嚩 日 囉 怛 麼 句 唅 
T19n0974E_001:0391c04	了了自知是五智金剛。則又變成本尊身。身	了 了 自 知 是 五 智 金 剛 則 又 變 成 本 尊 身 身 
T19n0974E_001:0391c05	有四臂。上二臂住端箭勢。下右手仰當心。	有 四 臂 上 二 臂 住 端 箭 勢 下 右 手 仰 當 心 
T19n0974E_001:0391c06	把金剛杵。下右手為金剛拳。安左腰側。把	把 金 剛 杵 下 右 手 為 金 剛 拳 安 左 腰 側 把 
T19n0974E_001:0391c07	金剛鈴。眉嚬口微笑白色。帶五佛冠緋裙天	金 剛 鈴 眉 嚬 口 微 笑 白 色 帶 五 佛 冠 緋 裙 天 
T19n0974E_001:0391c08	衣。半跏坐月輪中蓮華上。而結根本印。誦真	衣 半 跏 坐 月 輪 中 蓮 華 上 而 結 根 本 印 誦 真 
T19n0974E_001:0391c09	言曰。	言 曰 
T19n0974E_001:0391c10	擿枳吽若	擿 枳 吽 若 
T19n0974E_001:0391c11	以印加持心額喉頂四處已。即結金剛界自	以 印 加 持 心 額 喉 頂 四 處 已 即 結 金 剛 界 自 
T19n0974E_001:0391c12	在印。堅固縛申二火。屈初分相柱。舒二風附	在 印 堅 固 縛 申 二 火 屈 初 分 相 柱 舒 二 風 附 
T19n0974E_001:0391c13	背。真言曰。	背 真 言 曰 
T19n0974E_001:0391c14	唵步欠	唵 步 欠 
T19n0974E_001:0391c15	即以印安頂。次以安額。真言曰。	即 以 印 安 頂 次 以 安 額 真 言 曰 
T19n0974E_001:0391c16	唵嚩日囉囉怛娜	唵 嚩 日 囉 囉 怛 娜 
T19n0974E_001:0391c17	次安頂後。真言曰。	次 安 頂 後 真 言 曰 
T19n0974E_001:0391c18	唵嚩日囉達磨	唵 嚩 日 囉 達 磨 
T19n0974E_001:0391c19	次安頂左。真言曰。	次 安 頂 左 真 言 曰 
T19n0974E_001:0391c20	唵嚩日囉羯磨	唵 嚩 日 囉 羯 磨 
T19n0974E_001:0391c21	次以金剛拳當額。分向頂後。申二風三相繞。	次 以 金 剛 拳 當 額 分 向 頂 後 申 二 風 三 相 繞 
T19n0974E_001:0391c22	便自地輪曆展。從二眉下為鬘帶勢。真言	便 自 地 輪 曆 展 從 二 眉 下 為 鬘 帶 勢 真 言 
T19n0974E_001:0391c23	曰。	曰 
T19n0974E_001:0391c24	唵嚩日囉磨隷避詵者[牟*含]	唵 嚩 日 囉 磨 隷 避 詵 者 [牟含] 
T19n0974E_001:0391c25	次想二梵字。二字在風面。唵右砧左出綠色	次 想 二 梵 字 二 字 在 風 面 唵 右 砧 左 出 綠 色 
T19n0974E_001:0391c26	光。如抽藕絲。便以綠索於心三繞。次背臍腰	光 如 抽 藕 絲 便 以 綠 索 於 心 三 繞 次 背 臍 腰 
T19n0974E_001:0391c27	二膝。又却至腰後。次心次頸次額次頂後。	二 膝 又 却 至 腰 後 次 心 次 頸 次 額 次 頂 後 
T19n0974E_001:0391c28	便如前垂天衣勢。即誦真言曰。	便 如 前 垂 天 衣 勢 即 誦 真 言 曰 
T19n0974E_001:0391c29	唵砧二字。	唵 砧 二 字 
T19n0974E_001:0392a01	次作悅喜契。金剛縛三拍。真言曰。	次 作 悅 喜 契 金 剛 縛 三 拍 真 言 曰 
T19n0974E_001:0392a02	唵嚩日囉覩使穀	唵 嚩 日 囉 覩 使 穀 
T19n0974E_001:0392a03	即觀淨月輪。觀 字化為本尊。便結金剛入	即 觀 淨 月 輪 觀 字 化 為 本 尊 便 結 金 剛 入 
T19n0974E_001:0392a04	印。縛已空並入中。真言曰。	印 縛 已 空 並 入 中 真 言 曰 
T19n0974E_001:0392a05	唵嚩日囉薩怛嚩惡	唵 嚩 日 囉 薩 怛 嚩 惡 
T19n0974E_001:0392a06	又真言曰。	又 真 言 曰 
T19n0974E_001:0392a07	嚩日羅薩怛嚩儞哩捨也	嚩 日 羅 薩 怛 嚩 儞 哩 捨 也 
T19n0974E_001:0392a08	次以四印四明召入身。以前悅喜三昧耶。二	次 以 四 印 四 明 召 入 身 以 前 悅 喜 三 昧 耶 二 
T19n0974E_001:0392a09	火為四攝。真言曰。	火 為 四 攝 真 言 曰 
T19n0974E_001:0392a10	若吽鑁穀	若 吽 鑁 穀 
T19n0974E_001:0392a11	前所觀者。謂之法身。令所入者。謂之智身。	前 所 觀 者 謂 之 法 身 令 所 入 者 謂 之 智 身 
T19n0974E_001:0392a12	相合者表一體故。	相 合 者 表 一 體 故 
T19n0974E_001:0392a13	次應以此心供養門莊嚴世界。壇中觀白	次 應 以 此 心 供 養 門 莊 嚴 世 界 壇 中 觀 白 
T19n0974E_001:0392a14	蓮。妙色金剛莖。八葉具鬚蘃。眾寶白莊嚴。常	蓮 妙 色 金 剛 莖 八 葉 具 鬚 蘃 眾 寶 白 莊 嚴 常 
T19n0974E_001:0392a15	出無量光。百千眾蓮繞其上。復觀想大覺師	出 無 量 光 百 千 眾 蓮 繞 其 上 復 觀 想 大 覺 師 
T19n0974E_001:0392a16	子座。寶王以校飾。在天宮殿中。寶柱皆行列。	子 座 寶 王 以 校 飾 在 天 宮 殿 中 寶 柱 皆 行 列 
T19n0974E_001:0392a17	遍有諸幢蓋。珠鬘等交絡。垂懸妙寶衣。周	遍 有 諸 幢 蓋 珠 鬘 等 交 絡 垂 懸 妙 寶 衣 周 
T19n0974E_001:0392a18	布香華雲及與眾寶雲。普雨雜華等。繽紛以	布 香 華 雲 及 與 眾 寶 雲 普 雨 雜 華 等 繽 紛 以 
T19n0974E_001:0392a19	嚴地。諧韻所愛聲。以奏諸音樂。宮中想淨妙。	嚴 地 諧 韻 所 愛 聲 以 奏 諸 音 樂 宮 中 想 淨 妙 
T19n0974E_001:0392a20	賢瓶與閼伽。寶樹王開敷照以摩尼燈。三昧	賢 瓶 與 閼 伽 寶 樹 王 開 敷 照 以 摩 尼 燈 三 昧 
T19n0974E_001:0392a21	總持地。自在之婇女。佛波羅蜜等。菩提妙嚴	總 持 地 自 在 之 婇 女 佛 波 羅 蜜 等 菩 提 妙 嚴 
T19n0974E_001:0392a22	華。方便作眾伎。歌詠妙法音。以我功德力。如	華 方 便 作 眾 伎 歌 詠 妙 法 音 以 我 功 德 力 如 
T19n0974E_001:0392a23	來加持力。及以法界力。普供養而住。	來 加 持 力 及 以 法 界 力 普 供 養 而 住 
T19n0974E_001:0392a24	虛空庫明真言曰。	虛 空 庫 明 真 言 曰 
T19n0974E_001:0392a25	南麼薩婆怛他蘖帝驃(毘庾反)微濕嚩(二合)目契	南 麼 薩 婆 怛 他 蘖 帝 驃 毘 庾 反 微 濕 嚩 二 合 目 契 
T19n0974E_001:0392a26	弊薩婆他欠唱蘖帝薩叵囉係[牟*含]誐誐那	弊 薩 婆 他 欠 唱 蘖 帝 薩 叵 囉 係 [牟含] 誐 誐 那 
T19n0974E_001:0392a27	劒莎嚩訶	劒 莎 嚩 訶 
T19n0974E_001:0392a28	誦此真言句三遍。所發善願皆得成就。	誦 此 真 言 句 三 遍 所 發 善 願 皆 得 成 就 
T19n0974E_001:0392a29	於壇中師子座上月輪中。觀 字為本尊。本	於 壇 中 師 子 座 上 月 輪 中 觀 字 為 本 尊 本 
T19n0974E_001:0392b01	尊前安 字。為意生金剛。右安 為計里枳	尊 前 安 字 為 意 生 金 剛 右 安 為 計 里 枳 
T19n0974E_001:0392b02	羅金剛。後安 為愛樂金剛。左安 為意氣	羅 金 剛 後 安 為 愛 樂 金 剛 左 安 為 意 氣 
T19n0974E_001:0392b03	金剛。於西北隅安 為意生金剛女。東北隅	金 剛 於 西 北 隅 安 為 意 生 金 剛 女 東 北 隅 
T19n0974E_001:0392b04	安 為計哩枳羅金剛女。東南隅安 為愛	安 為 計 哩 枳 羅 金 剛 女 東 南 隅 安 為 愛 
T19n0974E_001:0392b05	樂金剛女。西南安 為意氣金剛女。東門安	樂 金 剛 女 西 南 安 為 意 氣 金 剛 女 東 門 安 
T19n0974E_001:0392b06	 為色菩薩。南門安 為聲菩薩。西門安 	 為 色 菩 薩 南 門 安 為 聲 菩 薩 西 門 安 
T19n0974E_001:0392b07	為香菩薩。北門安 為味菩薩。外西北角安	為 香 菩 薩 北 門 安 為 味 菩 薩 外 西 北 角 安 
T19n0974E_001:0392b08	 為時春菩薩。東北安 為時雨菩薩。東	 為 時 春 菩 薩 東 北 安 為 時 雨 菩 薩 東 
T19n0974E_001:0392b09	南角安 為時秋菩薩。西南角安 為時冬	南 角 安 為 時 秋 菩 薩 西 南 角 安 為 時 冬 
T19n0974E_001:0392b10	菩薩。次以盡心安唵字。字兩邊安若字成本	菩 薩 次 以 盡 心 安 唵 字 字 兩 邊 安 若 字 成 本 
T19n0974E_001:0392b11	尊。即結鉤索鎖鈴等印迎請。二手金剛拳。地	尊 即 結 鉤 索 鎖 鈴 等 印 迎 請 二 手 金 剛 拳 地 
T19n0974E_001:0392b12	輪反相鉤。二風各正直。右風屈如鉤。結已誦	輪 反 相 鉤 二 風 各 正 直 右 風 屈 如 鉤 結 已 誦 
T19n0974E_001:0392b13	真言。以右風三招。是為金剛鉤印。真言曰。	真 言 以 右 風 三 招 是 為 金 剛 鉤 印 真 言 曰 
T19n0974E_001:0392b14	唵嚩日羅盎句舍若	唵 嚩 日 羅 盎 句 舍 若 
T19n0974E_001:0392b15	不易前印。交二風面。兩手相柱蹙令開圓	不 易 前 印 交 二 風 面 兩 手 相 柱 蹙 令 開 圓 
T19n0974E_001:0392b16	孔。是為金剛索印。真言曰。	孔 是 為 金 剛 索 印 真 言 曰 
T19n0974E_001:0392b17	唵嚩日羅跛捨吽	唵 嚩 日 羅 跛 捨 吽 
T19n0974E_001:0392b18	不易索印。便以二風反相鉤。是為鎖印。真言	不 易 索 印 便 以 二 風 反 相 鉤 是 為 鎖 印 真 言 
T19n0974E_001:0392b19	曰。	曰 
T19n0974E_001:0392b20	唵嚩日羅薩怖咤[口*梵]	唵 嚩 日 羅 薩 怖 咤 [口梵] 
T19n0974E_001:0392b21	不易鎖印。以地風輪各面相合。是鈴印。真	不 易 鎖 印 以 地 風 輪 各 面 相 合 是 鈴 印 真 
T19n0974E_001:0392b22	言曰。	言 曰 
T19n0974E_001:0392b23	唵嚩日羅健咤穀	唵 嚩 日 羅 健 咤 穀 
T19n0974E_001:0392b24	由金剛鉤印能降本尊。	由 金 剛 鉤 印 能 降 本 尊 
T19n0974E_001:0392b25	由金剛索印能引聖者。	由 金 剛 索 印 能 引 聖 者 
T19n0974E_001:0392b26	由金剛鎖印便當止住。	由 金 剛 鎖 印 便 當 止 住 
T19n0974E_001:0392b27	由金剛鈴印能令喜悅。	由 金 剛 鈴 印 能 令 喜 悅 
T19n0974E_001:0392b28	次應獻閼迦。以金剛合掌印平側向左。與真	次 應 獻 閼 迦 以 金 剛 合 掌 印 平 側 向 左 與 真 
T19n0974E_001:0392b29	言俱以按其器。然獻之。真言曰。	言 俱 以 按 其 器 然 獻 之 真 言 曰 
T19n0974E_001:0392c01	唵囉摩素佉捨也婆攞哩(零以反)多曩麼帶[口*栗]曩	唵 囉 摩 素 佉 捨 也 婆 攞 哩 零 以 反 多 曩 麼 帶 [口栗] 曩 
T19n0974E_001:0392c02	麼弭婆哦挽耽若吽[口*梵]穀係鉢囉底車句	麼 弭 婆 哦 挽 耽 若 吽 [口梵] 穀 係 鉢 囉 底 車 句 
T19n0974E_001:0392c03	索漫惹悋(零引反)曩託	索 漫 惹 悋 零 引 反 曩 託 
T19n0974E_001:0392c04	次以左金剛拳置腰側。右金剛拳仰當心。	次 以 左 金 剛 拳 置 腰 側 右 金 剛 拳 仰 當 心 
T19n0974E_001:0392c05	真言曰。	真 言 曰 
T19n0974E_001:0392c06	穀嚩日羅薩怛嚩索羅多薩怛[口*梵]	穀 嚩 日 羅 薩 怛 嚩 索 羅 多 薩 怛 [口梵] 
T19n0974E_001:0392c07	是金剛王印。	是 金 剛 王 印 
T19n0974E_001:0392c08	次以左拳為執弓勢。右為引箭勢。是為意生	次 以 左 拳 為 執 弓 勢 右 為 引 箭 勢 是 為 意 生 
T19n0974E_001:0392c09	金剛印。真言曰。	金 剛 印 真 言 曰 
T19n0974E_001:0392c10	唵嚩日羅薩怛例吽	唵 嚩 日 羅 薩 怛 例 吽 
T19n0974E_001:0392c11	次以二金剛拳右押左。受臂抱胸。是為計里	次 以 二 金 剛 拳 右 押 左 受 臂 抱 胸 是 為 計 里 
T19n0974E_001:0392c12	枳羅金剛印。真言曰。	枳 羅 金 剛 印 真 言 曰 
T19n0974E_001:0392c13	唵嚩日羅計里(零以反)吽	唵 嚩 日 羅 計 里 零 以 反 吽 
T19n0974E_001:0392c14	次以左金剛拳承右肘。右拳竪之。如幢相。是	次 以 左 金 剛 拳 承 右 肘 右 拳 竪 之 如 幢 相 是 
T19n0974E_001:0392c15	為愛金剛印。真言曰。	為 愛 金 剛 印 真 言 曰 
T19n0974E_001:0392c16	唵嚩日羅岐(鷄以反)里穀	唵 嚩 日 羅 岐 鷄 以 反 里 穀 
T19n0974E_001:0392c17	次以二拳各安腰側。是意氣金剛印。真言曰	次 以 二 拳 各 安 腰 側 是 意 氣 金 剛 印 真 言 曰 
T19n0974E_001:0392c18	(左顧為之)。	 左 顧 為 之 
T19n0974E_001:0392c19	唵嚩日囉蘗味呬儞	唵 嚩 日 囉 蘗 味 呬 儞 
T19n0974E_001:0392c20	次以前挽弓勢稍向下柔軟為之。是意生	次 以 前 挽 弓 勢 稍 向 下 柔 軟 為 之 是 意 生 
T19n0974E_001:0392c21	金剛女印。真言曰。	金 剛 女 印 真 言 曰 
T19n0974E_001:0392c22	若嚩日羅儞里瑟致娑也計麼吒	若 嚩 日 羅 儞 里 瑟 致 娑 也 計 麼 吒 
T19n0974E_001:0392c23	次如前抱勢柔軟為之。是為計里枳里金剛	次 如 前 抱 勢 柔 軟 為 之 是 為 計 里 枳 里 金 剛 
T19n0974E_001:0392c24	女印。真言曰。	女 印 真 言 曰 
T19n0974E_001:0392c25	吽嚩日羅計里枳隷吽	吽 嚩 日 羅 計 里 枳 隷 吽 
T19n0974E_001:0392c26	次如前幢。是為愛金剛女印。真言曰。	次 如 前 幢 是 為 愛 金 剛 女 印 真 言 曰 
T19n0974E_001:0392c27	鑁嚩日羅抳薩麼囉囉吒	鑁 嚩 日 羅 抳 薩 麼 囉 囉 吒 
T19n0974E_001:0392c28	次如前安二拳腰側。是為意氣金剛女印。真	次 如 前 安 二 拳 腰 側 是 為 意 氣 金 剛 女 印 真 
T19n0974E_001:0392c29	言曰。	言 曰 
T19n0974E_001:0393a01	穀嚩日羅迦迷失嚩里怛[口*藍]	穀 嚩 日 羅 迦 迷 失 嚩 里 怛 [口藍] 
T19n0974E_001:0393a02	次二上散。是為時春印。真言曰。	次 二 上 散 是 為 時 春 印 真 言 曰 
T19n0974E_001:0393a03	唵嚩日羅布瑟閉	唵 嚩 日 羅 布 瑟 閉 
T19n0974E_001:0393a04	次二下散。是為時雨印。真言曰。	次 二 下 散 是 為 時 雨 印 真 言 曰 
T19n0974E_001:0393a05	唵嚩日囉度閉	唵 嚩 日 囉 度 閉 
T19n0974E_001:0393a06	次合二目。是為時秋印。真言曰。	次 合 二 目 是 為 時 秋 印 真 言 曰 
T19n0974E_001:0393a07	唵嚩日羅路計	唵 嚩 日 羅 路 計 
T19n0974E_001:0393a08	次以二塗胸。是為時冬印。真言曰。	次 以 二 塗 胸 是 為 時 冬 印 真 言 曰 
T19n0974E_001:0393a09	唵嚩日羅巘第	唵 嚩 日 羅 巘 第 
T19n0974E_001:0393a10	次如前鉤。是為色印。真言曰。	次 如 前 鉤 是 為 色 印 真 言 曰 
T19n0974E_001:0393a11	唵(已下准前女聲字異)	唵 已 下 准 前 女 聲 字 異 
T19n0974E_001:0393a12	次如前索。是為聲印。真言曰(如前)。	次 如 前 索 是 為 聲 印 真 言 曰 如 前 
T19n0974E_001:0393a13	次如前鎖。是為香印。	次 如 前 鎖 是 為 香 印 
T19n0974E_001:0393a14	次如前鈴。是為味印。	次 如 前 鈴 是 為 味 印 
T19n0974E_001:0393a15	色真言曰。	色 真 言 曰 
T19n0974E_001:0393a16	唵嚩日羅盎句始若	唵 嚩 日 羅 盎 句 始 若 
T19n0974E_001:0393a17	聲真言曰。	聲 真 言 曰 
T19n0974E_001:0393a18	唵嚩日囉跛勢吽	唵 嚩 日 囉 跛 勢 吽 
T19n0974E_001:0393a19	香真言曰。	香 真 言 曰 
T19n0974E_001:0393a20	唵嚩日囉商迦隷鑁	唵 嚩 日 囉 商 迦 隷 鑁 
T19n0974E_001:0393a21	味真言曰。	味 真 言 曰 
T19n0974E_001:0393a22	唵嚩日囉健知(知反)穀	唵 嚩 日 囉 健 知 知 反 穀 
T19n0974E_001:0393a23	次如前金剛王印。以右拳向身。旋轉三四匝。	次 如 前 金 剛 王 印 以 右 拳 向 身 旋 轉 三 四 匝 
T19n0974E_001:0393a24	高聲誦真言。便能振動十方世界。一切諸佛	高 聲 誦 真 言 便 能 振 動 十方世界 一切諸佛 
T19n0974E_001:0393a25	菩薩加持行人。速與悉地。真言曰。	菩 薩 加 持 行 人 速 與 悉 地 真 言 曰 
T19n0974E_001:0393a26	摘枳吽若	摘 枳 吽 若 
T19n0974E_001:0393a27	次以所舞拳。安於心上。即復安慰十方世界。	次 以 所 舞 拳 安 於 心 上 即 復 安 慰 十方世界 
T19n0974E_001:0393a28	真言曰。	真 言 曰 
T19n0974E_001:0393a29	吽擿枳穀	吽 擿 枳 穀 
T19n0974E_001:0393b01	次結根本印。誦百字真言。或三或一。不解其	次 結 根 本 印 誦 百 字 真 言 或 三 或 一 不 解 其 
T19n0974E_001:0393b02	印。便誦本真言七遍。即頂上散印持味。而誦	印 便 誦 本 真 言 七 遍 即 頂 上 散 印 持 味 而 誦 
T19n0974E_001:0393b03	百字真言曰。	百 字 真 言 曰 
T19n0974E_001:0393b04	唵嚩日羅薩怛嚩三麼也麼奴跛攞也嚩日羅	唵 嚩 日 羅 薩 怛 嚩 三 麼 也 麼 奴 跛 攞 也 嚩 日 羅 
T19n0974E_001:0393b05	薩怛嚩尾奴波底瑟吒儞里柱迷婆嚩素覩	薩 怛 嚩 尾 奴 波 底 瑟 吒 儞 里 柱 迷 婆 嚩 素 覩 
T19n0974E_001:0393b06	瑟喻迷婆嚩阿奴羅訖覩迷婆嚩素補瑟喻迷	瑟 喻 迷 婆 嚩 阿 奴 羅 訖 覩 迷 婆 嚩 素 補 瑟 喻 迷 
T19n0974E_001:0393b07	婆嚩薩嚩薩[簟日+田]迷鉢囉也車薩羯磨素者弭	婆 嚩 薩 嚩 薩 [簟日田] 迷 鉢 囉 也 車 薩 羯 磨 素 者 弭 
T19n0974E_001:0393b08	旨多失利藥句嚕吽訶訶訶訶穀(引)婆哦梵	旨 多 失 利 藥 句 嚕 吽 訶 訶 訶 訶 穀 引 婆 哦 梵 
T19n0974E_001:0393b09	薩嚩怛他蘖多嚩日囉麼弭悶者嚩日里婆	薩 嚩 怛 他 蘖 多 嚩 日 囉 麼 弭 悶 者 嚩 日 里 婆 
T19n0974E_001:0393b10	嚩麼訶三味焰薩怛嚩惡	嚩 麼 訶 三 味 焰 薩 怛 嚩 惡 
T19n0974E_001:0393b11	根本真言曰。	根 本 真 言 曰 
T19n0974E_001:0393b12	擿枳吽惹	擿 枳 吽 惹 
T19n0974E_001:0393b13	念誦有四。隨所愛樂。每時或千或萬。最下	念 誦 有 四 隨所愛樂 每 時 或 千 或 萬 最 下 
T19n0974E_001:0393b14	八百遍。或過於萬。任心定數。已後一切時	八 百 遍 或 過 於 萬 任 心 定 數 已 後 一 切 時 
T19n0974E_001:0393b15	中。取初數為定。數畢陳供養。即懇白所求。然	中 取 初 數 為 定 數 畢 陳 供 養 即 懇 白 所 求 然 
T19n0974E_001:0393b16	應請一切之者。是以初三昧耶印置於頂	應 請 一 切 之 者 是 以 初 三 昧 耶 印 置 於 頂 
T19n0974E_001:0393b17	上。	上 
T19n0974E_001:0393b18	唵嚩日羅薩怛嚩目	唵 嚩 日 羅 薩 怛 嚩 目 
T19n0974E_001:0393b19	發遣已。一切時中廣修善本。轉誦大乘經典。	發 遣 已 一 切 時 中 廣 修 善 本 轉 誦 大乘經典 
T19n0974E_001:0393b20	乃至住禪寂等。勿為諸雜不善事業。於善淨	乃 至 住 禪 寂 等 勿 為 諸 雜 不 善 事 業 於 善 淨 
T19n0974E_001:0393b21	法志意修行。於惡作心勇猛障斷。即於現生	法 志 意 修 行 於 惡 作 心 勇 猛 障 斷 即 於 現 生 
T19n0974E_001:0393b22	必獲成就。後十六生成無上菩提。	必 獲 成 就 後 十 六 生 成 無上菩提 
T19n0974E_001:0393b23	於月輪中觀穀字。作金剛薩埵。身朱沙色。右	於 月 輪 中 觀 穀 字 作 金 剛 薩 埵 身 朱 沙 色 右 
T19n0974E_001:0393b24	手當心。執金剛杵。左手執鈴。即結入印。兼誦	手 當 心 執 金 剛 杵 左 手 執 鈴 即 結 入 印 兼 誦 
T19n0974E_001:0393b25	四明。引入己身。了了分明已。即觀彼根。上有	四 明 引 入 己 身 了 了 分 明 已 即 觀 彼 根 上 有 
T19n0974E_001:0393b26	紇利字。成白蓮華已。薩埵身從彼蓮入。遍	紇 利 字 成 白 蓮 華 已 薩 埵 身 從 彼 蓮 入 遍 
T19n0974E_001:0393b27	彼支分。猶如披衣。真言曰。	彼 支 分 猶 如 披 衣 真 言 曰 
T19n0974E_001:0393b28	唵拔折囉囉誐耶彼名穀(引)	唵 拔 折 囉 囉 誐 耶 彼 名 穀 引 
T19n0974E_001:0393b29	念誦尊勝別行法第三	念 誦 尊 勝 別 行 法 第 三 
T19n0974E_001:0393c01	第一法者。若人欲得壽命長遠。不墮地獄餓	第 一 法 者 若 人 欲 得 壽 命 長 遠 不 墮 地 獄 餓 
T19n0974E_001:0393c02	鬼畜生阿修羅道。及滅諸罪者。每時至心誦	鬼 畜 生 阿修羅道 及 滅 諸 罪 者 每 時 至 心 誦 
T19n0974E_001:0393c03	尊勝陀羅尼二十一遍。起大慈悲。愍一切諸	尊 勝 陀 羅 尼 二 十 一 遍 起 大 慈 悲 愍 一 切 諸 
T19n0974E_001:0393c04	眾生故。即得四趣罪業消滅。	眾 生 故 即 得 四 趣 罪 業 消 滅 
T19n0974E_001:0393c05	第二法者。若有飛騰羅剎鬼神入國。恐怖惱	第 二 法 者 若 有 飛 騰 羅 剎 鬼 神 入 國 恐 怖 惱 
T19n0974E_001:0393c06	亂一切眾生。當頂結印。稱南無佛。心心憶誦	亂 一 切 眾 生 當 頂 結 印 稱 南 無 佛 心 心 憶 誦 
T19n0974E_001:0393c07	尊勝一百八遍。即如上諸難皆得消滅。	尊 勝 一百八遍 即 如 上 諸 難 皆 得 消 滅 
T19n0974E_001:0393c08	第三法者。若有不信人者。但制心一處。專作	第 三 法 者 若 有 不 信 人 者 但 制 心 一 處 專 作 
T19n0974E_001:0393c09	此法。即得大驗。即令不信者得信心。作法得	此 法 即 得 大 驗 即 令 不 信 者 得 信 心 作 法 得 
T19n0974E_001:0393c10	驗時。當有白風。旋來入身。身上麁惡皮及諸	驗 時 當 有 白 風 旋 來 入 身 身 上 麁 惡 皮 及 諸 
T19n0974E_001:0393c11	厄難皆被風吹。惡皮使退。厄難消滅。	厄 難 皆 被 風 吹 惡 皮 使 退 厄 難 消 滅 
T19n0974E_001:0393c12	第四法者。若有人欲得大自在者。於七日內。	第 四 法 者 若 有 人 欲 得 大 自 在 者 於 七 日 內 
T19n0974E_001:0393c13	對四方誦尊勝一百八遍。以七種穀和黃泥。	對 四 方 誦 尊 勝 一百八遍 以 七 種 穀 和 黃 泥 
T19n0974E_001:0393c14	涅作人形。安置四方。安置竟。所願稱意。	涅 作 人 形 安 置 四 方 安 置 竟 所 願 稱 意 
T19n0974E_001:0393c15	第五法者。欲得滅自身重罪者。即於城門底。	第 五 法 者 欲 得 滅 自 身 重 罪 者 即 於 城 門 底 
T19n0974E_001:0393c16	作前法者必果所願。	作 前 法 者 必 果 所 願 
T19n0974E_001:0393c17	第六法者。欲得滅先己罪者。即於十字街作	第 六 法 者 欲 得 滅 先 己 罪 者 即 於 十 字 街 作 
T19n0974E_001:0393c18	前法。必果所願。	前 法 必 果 所 願 
T19n0974E_001:0393c19	第七法者。欲得滅一切眾生罪者。即於塔前	第 七 法 者 欲 得 滅 一 切 眾 生 罪 者 即 於 塔 前 
T19n0974E_001:0393c20	作前法。必果所願。	作 前 法 必 果 所 願 
T19n0974E_001:0393c21	第八法者。欲得救地獄一切眾生罪苦者。每	第 八 法 者 欲 得 救 地 獄 一 切 眾 生 罪 苦 者 每 
T19n0974E_001:0393c22	時結佛頂印。誦呪二十一遍。即向西方散	時 結 佛 頂 印 誦 呪 二 十 一 遍 即 向 西 方 散 
T19n0974E_001:0393c23	印。即得罪苦消滅。決定無疑。	印 即 得 罪 苦 消 滅 決 定 無 疑 
T19n0974E_001:0393c24	第九法者。欲施餓鬼漿者。呪淨水二十一遍。	第 九 法 者 欲 施 餓 鬼 漿 者 呪 淨 水 二 十 一 遍 
T19n0974E_001:0393c25	以散灑四方。作施鬼之心等。即得水喫。	以 散 灑 四 方 作 施 鬼 之 心 等 即 得 水 喫 
T19n0974E_001:0393c26	第十法者。欲得救一切畜生罪苦者。呪黃土	第 十 法 者 欲 得 救 一 切 畜 生 罪 苦 者 呪 黃 土 
T19n0974E_001:0393c27	二十一遍。散畜生上。及散四方。即得罪苦	二 十 一 遍 散 畜 生 上 及 散 四 方 即 得 罪 苦 
T19n0974E_001:0393c28	滅。	滅 
T19n0974E_001:0393c29	第十一法者。欲得救人天罪苦。及欲救墮落	第 十 一 法 者 欲 得 救 人 天 罪 苦 及 欲 救 墮 落 
T19n0974E_001:0394a01	諸恐怖者。剪五色綵華。誦呪二十一遍。以華	諸 恐 怖 者 剪 五 色 綵 華 誦 呪 二 十 一 遍 以 華 
T19n0974E_001:0394a02	散三寶及佛頂。即得一切罪苦消滅。	散 三 寶 及 佛 頂 即 得 一 切 罪 苦 消 滅 
T19n0974E_001:0394a03	第十二法者。若有王難百軍兵難口舌起	第 十 二 法 者 若 有 王 難 百 軍 兵 難 口 舌 起 
T19n0974E_001:0394a04	者。呪五香湯二十一遍。浴佛及灌佛頂。即	者 呪 五 香 湯 二 十 一 遍 浴 佛 及 灌 佛 頂 即 
T19n0974E_001:0394a05	得諸罪消滅。	得 諸 罪 消 滅 
T19n0974E_001:0394a06	第十三法者。若有沙門毘舍首陀及四眾等。	第 十 三 法 者 若 有 沙 門 毘 舍 首 陀 及 四 眾 等 
T19n0974E_001:0394a07	欲得福德具足者。每日發願懺悔。誦尊勝七	欲 得 福 德 具 足 者 每 日 發 願 懺 悔 誦 尊 勝 七 
T19n0974E_001:0394a08	遍。以此功德。迴施一切眾生。但作此心。即得	遍 以 此 功 德 迴 施 一 切 眾 生 但 作 此 心 即 得 
T19n0974E_001:0394a09	如願增福富貴。	如 願 增 福 富 貴 
T19n0974E_001:0394a10	第十四法者。若有眾生欲滅除一切眾生業	第 十 四 法 者 若 有 眾 生 欲 滅 除 一 切 眾 生 業 
T19n0974E_001:0394a11	障一切障難者。當以五色破帛作拂。常當誦	障 一 切 障 難 者 當 以 五 色 破 帛 作 拂 常 當 誦 
T19n0974E_001:0394a12	呪拂掃故像及經。常作此法。即得一切眾生	呪 拂 掃 故 像 及 經 常 作 此 法 即 得 一 切 眾 生 
T19n0974E_001:0394a13	罪業消滅。	罪 業 消 滅 
T19n0974E_001:0394a14	第十五法者。若有口舌起時。取好白蜜。以	第 十 五 法 者 若 有 口 舌 起 時 取 好 白 蜜 以 
T19n0974E_001:0394a15	淨器盛之。以朱砂和白蜜。呪之二十一遍。即	淨 器 盛 之 以 朱 砂 和 白 蜜 呪 之 二 十 一 遍 即 
T19n0974E_001:0394a16	以朱砂蜜塗一百軀形像佛脣。即得口舌消	以 朱 砂 蜜 塗 一 百 軀 形 像 佛 脣 即 得 口 舌 消 
T19n0974E_001:0394a17	滅。	滅 
T19n0974E_001:0394a18	第十六法者。若有人長病在床。若復有欲得	第 十 六 法 者 若 有 人 長 病 在 床 若 復 有 欲 得 
T19n0974E_001:0394a19	一切人愛念敬重者。若復有人求一切世間	一 切 人 愛 念 敬 重 者 若 復 有 人 求 一切世間 
T19n0974E_001:0394a20	出世間事業。心未得定者。被鬼神鬪亂。夢想	出 世 間 事 業 心 未 得 定 者 被 鬼 神 鬪 亂 夢 想 
T19n0974E_001:0394a21	顛倒者。當取金薄一百八番。呪之二十一遍。	顛 倒 者 當 取 金 薄 一 百 八 番 呪 之 二 十 一 遍 
T19n0974E_001:0394a22	即用此帖一百八軀形像。佛頂前作摩尼寶	即 用 此 帖 一 百 八 軀 形 像 佛 頂 前 作 摩 尼 寶 
T19n0974E_001:0394a23	珠印。即得一切諸障消滅所求如意。	珠 印 即 得 一 切 諸 障 消 滅 所 求 如 意 
T19n0974E_001:0394a24	第十七法者。有國內被鬼所著。及諸時氣疫	第 十 七 法 者 有 國 內 被 鬼 所 著 及 諸 時 氣 疫 
T19n0974E_001:0394a25	病流行。當於四城門。以青紙寫呪。以白檀作	病 流 行 當 於 四 城 門 以 青 紙 寫 呪 以 白 檀 作 
T19n0974E_001:0394a26	函盛之。鎖函以蠟印。印函當於城門上懸	函 盛 之 鎖 函 以 蠟 印 印 函 當 於 城 門 上 懸 
T19n0974E_001:0394a27	之。五色錦蓋蓋函。門前安置一本。即得諸鬼	之 五 色 錦 蓋 蓋 函 門 前 安 置 一 本 即 得 諸 鬼 
T19n0974E_001:0394a28	及疫病等皆悉消滅。	及 疫 病 等 皆 悉 消 滅 
T19n0974E_001:0394a29	第十八法者。若有國內五穀不熟風雨不時。	第 十 八 法 者 若 有 國 內 五 穀 不 熟 風 雨 不 時 
T19n0974E_001:0394b01	當以白絹作幡。書二十一首尊勝。畫作佛頂	當 以 白 絹 作 幡 書 二 十 一 首 尊 勝 畫 作 佛 頂 
T19n0974E_001:0394b02	印。懸於幡上及八十尺剎上。向南著之。即得	印 懸 於 幡 上 及 八 十 尺 剎 上 向 南 著 之 即 得 
T19n0974E_001:0394b03	風雨調適五穀成熟人民安樂。得惡龍迴心	風 雨 調 適 五 穀 成 熟 人 民 安 樂 得 惡 龍 迴 心 
T19n0974E_001:0394b04	為善。阿修羅王不能障礙。	為 善 阿修羅王 不 能 障 礙 
T19n0974E_001:0394b05	第十九法者。若遇雨多水不止者。即以緋絹	第 十 九 法 者 若 遇 雨 多 水 不 止 者 即 以 緋 絹 
T19n0974E_001:0394b06	書尊勝二十一首。懸著正南剎上。即雨止天	書 尊 勝 二 十 一 首 懸 著 正 南 剎 上 即 雨 止 天 
T19n0974E_001:0394b07	晴。	晴 
T19n0974E_001:0394b08	第二十法者。若有惡賊起。當以青絹書尊勝	第 二 十 法 者 若 有 惡 賊 起 當 以 青 絹 書 尊 勝 
T19n0974E_001:0394b09	二十一首。中心畫作乾闥婆兒。名曰善住。兩	二 十 一 首 中 心 畫 作 乾 闥 婆 兒 名 曰 善 住 兩 
T19n0974E_001:0394b10	手調箭。懸著正東剎上。即得惡賊退散。	手 調 箭 懸 著 正 東 剎 上 即 得 惡 賊 退 散 
T19n0974E_001:0394b11	第二十一法者。若有國王攘禍欲至。當以	第 二 十 一 法 者 若 有 國 王 攘 禍 欲 至 當 以 
T19n0974E_001:0394b12	新物作一百八浮圖相輪。又打葉各書尊勝	新 物 作 一 百 八 浮 圖 相 輪 又 打 葉 各 書 尊 勝 
T19n0974E_001:0394b13	一本。於一一相輪上。安置上頭。函內盛之。退	一 本 於 一 一 相 輪 上 安 置 上 頭 函 內 盛 之 退 
T19n0974E_001:0394b14	攘禍得福受命延年。	攘 禍 得 福 受 命 延 年 
T19n0974E_001:0394b15	第二十二法者。若有眾貴人賤人。欲得當救	第 二 十 二 法 者 若 有 眾 貴 人 賤 人 欲 得 當 救 
T19n0974E_001:0394b16	護他。及自護身。所求財寶稱意者。當起善心。	護 他 及 自 護 身 所 求 財 寶 稱 意 者 當 起 善 心 
T19n0974E_001:0394b17	心不散亂。每日於佛像前。結印誦呪七遍。瞻	心 不 散 亂 每 日 於 佛 像 前 結 印 誦 呪 七 遍 瞻 
T19n0974E_001:0394b18	仰觀佛。面目不動。如此作法。即得種種福祿	仰 觀 佛 面 目 不 動 如 此 作 法 即 得 種 種 福 祿 
T19n0974E_001:0394b19	充足。命終之後。決定有福不墮地獄。	充 足 命終之後 決 定 有 福 不 墮 地 獄 
T19n0974E_001:0394b20	第二十三法者。若有女人欲求男女者。於一	第 二 十 三 法 者 若 有 女 人 欲 求 男 女 者 於 一 
T19n0974E_001:0394b21	日辦美飲食。乞貧病人喫。施食之時。口常	日 辦 美 飲 食 乞 貧 病 人 喫 施 食 之 時 口 常 
T19n0974E_001:0394b22	誦尊勝。念念莫斷。如此必得如願兒子。	誦 尊 勝 念 念 莫 斷 如 此 必 得 如 願 兒 子 
T19n0974E_001:0394b23	第二十四法者。若有夫婦相憎者。取絹帛呪	第 二 十 四 法 者 若 有 夫 婦 相 憎 者 取 絹 帛 呪 
T19n0974E_001:0394b24	之二十一遍。即將作衣。與夫聟著。即得和順。	之 二 十 一 遍 即 將 作 衣 與 夫 聟 著 即 得 和 順 
T19n0974E_001:0394b25	第二十五法者。若有婦人。被鬼魔纏擾不相	第 二 十 五 法 者 若 有 婦 人 被 鬼 魔 纏 擾 不 相 
T19n0974E_001:0394b26	解展者。當正念摩沙身上。以手拊之。即得	解 展 者 當 正 念 摩 沙 身 上 以 手 拊 之 即 得 
T19n0974E_001:0394b27	其魔即走是莊苦柏痛處。若有女人嫁不集	其 魔 即 走 是 莊 苦 柏 痛 處 若 有 女 人 嫁 不 集 
T19n0974E_001:0394b28	者。取好淨鹽。不問多少。加持百遍。與現前僧	者 取 好 淨 鹽 不 問 多 少 加 持 百 遍 與 現 前 僧 
T19n0974E_001:0394b29	喫。即得女有嫁處。	喫 即 得 女 有 嫁 處 
T19n0974E_001:0394c01	第二十六法者。若有外人及國王王子大臣	第 二 十 六 法 者 若 有 外 人 及 國 王 王子大臣 
T19n0974E_001:0394c02	百官等不信佛法者。取無瘡瘢黃乳牛三頭。	百 官 等 不 信 佛 法 者 取 無 瘡 瘢 黃 乳 牛 三 頭 
T19n0974E_001:0394c03	呪水草二十一遍。與牛喫之。每日欲取乳之	呪 水 草 二 十 一 遍 與 牛 喫 之 每 日 欲 取 乳 之 
T19n0974E_001:0394c04	時。更加持牛。然取銀器盛乳。又加持二十一	時 更 加 持 牛 然 取 銀 器 盛 乳 又 加 持 二 十 一 
T19n0974E_001:0394c05	遍。即於四方淨地瀉之。其持乳人。須著新衣	遍 即 於 四 方 淨 地 瀉 之 其 持 乳 人 須 著 新 衣 
T19n0974E_001:0394c06	口云。乾闥婆兒善住及天帝釋。今有此事。當	口 云 乾 闥 婆 兒 善 住 及 天 帝 釋 今 有 此 事 當 
T19n0974E_001:0394c07	自處分。持真言人。當即入城見國王王子大	自 處 分 持 真 言 人 當 即 入 城 見 國 王 王 子 大 
T19n0974E_001:0394c08	臣百官外道不信佛法人等。其國王等見此	臣 百 官 外 道 不 信 佛 法 人 等 其 國 王 等 見 此 
T19n0974E_001:0394c09	呪人。深心生歡喜。所說悉皆信受。得大信	呪 人 深 心生歡喜 所 說 悉 皆 信 受 得 大 信 
T19n0974E_001:0394c10	心。無有改動。	心 無 有 改 動 
T19n0974E_001:0394c11	第二十七法者。若有人所住處界內有諸毒	第 二 十 七 法 者 若 有 人 所 住 處 界 內 有 諸 毒 
T19n0974E_001:0394c12	龍等。持真言人欲得降伏者。當取黑牛乳。加	龍 等 持 真 言 人 欲 得 降 伏 者 當 取 黑 牛 乳 加 
T19n0974E_001:0394c13	持二十一遍。即瀉著有龍池中。若龍出來者。	持 二 十 一 遍 即 瀉 著 有 龍 池 中 若 龍 出 來 者 
T19n0974E_001:0394c14	持真言人語言。莫損此界內一切眾生。即令	持 真 言 人 語 言 莫 損 此 界 內 一 切 眾 生 即 令 
T19n0974E_001:0394c15	依舊安置龍。若薄媚不出。惡業不止者。即加	依 舊 安 置 龍 若 薄 媚 不 出 惡 業 不 止 者 即 加 
T19n0974E_001:0394c16	持砂二十一遍。散於池中。即平如地。師別	持 砂 二 十 一 遍 散 於 池 中 即 平 如 地 師 別 
T19n0974E_001:0394c17	勅龍。別向餘處安置。令遣得所。念誦人即	勅 龍 別 向 餘 處 安 置 令 遣 得 所 念 誦 人 即 
T19n0974E_001:0394c18	加持龍二十一遍。莫遣東西。但至心即得應	加 持 龍 二 十 一 遍 莫 遣 東 西 但 至 心 即 得 應 
T19n0974E_001:0394c19	驗。	驗 
T19n0974E_001:0394c20	第二十八法者。若人住處有惡鬼神。加持飲	第 二 十 八 法 者 若 人 住 處 有 惡 鬼 神 加 持 飲 
T19n0974E_001:0394c21	食二十一遍。當以施之。念誦人告言。我今語	食 二 十 一 遍 當 以 施 之 念 誦 人 告 言 我 今 語 
T19n0974E_001:0394c22	汝。若不損害眾生者。任汝此住。若欲損害。即	汝 若 不 損 害 眾 生 者 任 汝 此 住 若 欲 損 害 即 
T19n0974E_001:0394c23	須出去。惡鬼神若薄媚不受處分。即取鐵橛	須 出 去 惡 鬼 神 若 薄 媚 不 受 處 分 即 取 鐵 橛 
T19n0974E_001:0394c24	長十二指。加持二十一遍。即釘入地。惡鬼神	長 十 二 指 加 持 二 十 一 遍 即 釘 入 地 惡 鬼 神 
T19n0974E_001:0394c25	等散走出界。念誦人仍安置鬼神得所。又言。	等 散 走 出 界 念 誦 人 仍 安 置 鬼 神 得 所 又 言 
T19n0974E_001:0394c26	依我處分。不得東西。	依 我 處 分 不 得 東 西 
T19n0974E_001:0394c27	第二十九法者。若念誦人每欲出行之時。當	第 二 十 九 法 者 若 念 誦 人 每 欲 出 行 之 時 當 
T19n0974E_001:0394c28	作白拂。呪之一百八遍。手常持行。若逢諸	作 白 拂 呪 之 一百八遍 手 常 持 行 若 逢 諸 
T19n0974E_001:0394c29	類。一切畜生。難苦解脫。	類 一 切 畜 生 難 苦 解 脫 
T19n0974E_001:0395a01	第三十法者。若欲令亡者離苦解脫者。念誦	第 三 十 法 者 若 欲 令 亡 者 離 苦 解 脫 者 念 誦 
T19n0974E_001:0395a02	人於尸陀林中坐。七日日別三時誦真言。任	人 於 尸 陀 林 中 坐 七 日 日 別 三 時 誦 真 言 任 
T19n0974E_001:0395a03	意多少。七日滿已。即取誦念人坐處土散之。	意 多 少 七 日 滿 已 即 取 誦 念 人 坐 處 土 散 之 
T19n0974E_001:0395a04	散之時。亡者即得離苦解脫。遠離惡道。悉得	散 之 時 亡 者 即 得 離 苦 解 脫 遠 離 惡 道 悉 得 
T19n0974E_001:0395a05	生天。	生 天 
T19n0974E_001:0395a06	第三十一法者。若人被精魔所著。念誦人當	第 三 十 一 法 者 若 人 被 精 魔 所 著 念 誦 人 當 
T19n0974E_001:0395a07	於病人床前。端坐正念。看病人面。心不捨病	於 病 人 床 前 端 坐 正 念 看 病 人 面 心 不 捨 病 
T19n0974E_001:0395a08	人面部。其病即著。如心有捨。其鬼還來。常	人 面 部 其 病 即 著 如 心 有 捨 其 鬼 還 來 常 
T19n0974E_001:0395a09	須用心觀想。若人市賣不集。所求不稱意	須 用 心 觀 想 若 人 市 賣 不 集 所 求 不 稱 意 
T19n0974E_001:0395a10	者。常結印誦念。每時二十一遍。安善住形	者 常 結 印 誦 念 每 時 二 十 一 遍 安 善 住 形 
T19n0974E_001:0395a11	像於密處供養。所求皆得稱遂。	像 於 密 處 供 養 所 求 皆 得 稱 遂 
T19n0974E_001:0395a12	第三十二法者。若有人欲入山林路。逢師子	第 三 十 二 法 者 若 有 人 欲 入 山 林 路 逢 師 子 
T19n0974E_001:0395a13	虎狼毒龍諸惡獸等。欲入之時。預於山前誦	虎 狼 毒 龍 諸 惡 獸 等 欲 入 之 時 預 於 山 前 誦 
T19n0974E_001:0395a14	真言一百八遍。加持黃土七遍。即取土口含	真 言 一百八遍 加 持 黃 土 七 遍 即 取 土 口 含 
T19n0974E_001:0395a15	之。數數呵氣。入於山中。口云。此山惡毒禽	之 數 數 呵 氣 入 於 山 中 口 云 此 山 惡 毒 禽 
T19n0974E_001:0395a16	獸等所有毒氣悉皆消滅。此地屬我。若能依	獸 等 所 有 毒 氣 悉 皆 消 滅 此 地 屬 我 若 能 依 
T19n0974E_001:0395a17	我法行者即住。汝不能依我法者。即須急出	我 法 行 者 即 住 汝 不 能 依 我 法 者 即 須 急 出 
T19n0974E_001:0395a18	去。口即閉塞。開口不得。持念人見虎狼狩等	去 口 即 閉 塞 開 口 不 得 持 念 人 見 虎 狼 狩 等 
T19n0974E_001:0395a19	口。即須集之一處。以手摩娑其上。加持二	口 即 須 集 之 一 處 以 手 摩 娑 其 上 加 持 二 
T19n0974E_001:0395a20	十一遍即云。我和尚令開儞口。即放出界外。	十 一 遍 即 云 我 和 尚 令 開 儞 口 即 放 出 界 外 
T19n0974E_001:0395a21	守護此地。勿令損此界內一切眾生。念誦發	守 護 此 地 勿 令 損 此 界 內 一 切 眾 生 念 誦 發 
T19n0974E_001:0395a22	遣已。仍須安置令遣得所。念誦人當坐山中	遣 已 仍 須 安 置 令 遣 得 所 念 誦 人 當 坐 山 中 
T19n0974E_001:0395a23	三月餘日。更不得住。即須具東西去已後更	三 月 餘 日 更 不 得 住 即 須 具 東 西 去 已 後 更 
T19n0974E_001:0395a24	來坐。若其久住。諸禽獸等不安穩心。急出此	來 坐 若 其 久 住 諸 禽 獸 等 不 安 穩 心 急 出 此 
T19n0974E_001:0395a25	內疾走他方。	內 疾 走 他 方 
T19n0974E_001:0395a26	第三十三法者。若有人入山。念誦在山中。有	第 三 十 三 法 者 若 有 人 入 山 念 誦 在 山 中 有 
T19n0974E_001:0395a27	慳鬼神等。不許念誦人於山中住者。知見此	慳 鬼 神 等 不 許 念 誦 人 於 山 中 住 者 知 見 此 
T19n0974E_001:0395a28	事。即依處分。念誦人口云。我樂此地。儞乞與	事 即 依 處 分 念 誦 人 口 云 我 樂 此 地 儞 乞 與 
T19n0974E_001:0395a29	我。若其不許。我當共汝住。不許者儞即須出	我 若 其 不 許 我 當 共 汝 住 不 許 者 儞 即 須 出 
T19n0974E_001:0395b01	去三百由旬外安置。若其薄媚不受勸諫者。	去 三 百 由 旬 外 安 置 若 其 薄 媚 不 受 勸 諫 者 
T19n0974E_001:0395b02	我當禁繫汝。不令汝東西。念誦人即以鐵	我 當 禁 繫 汝 不 令 汝 東 西 念 誦 人 即 以 鐵 
T19n0974E_001:0395b03	栓長十二指。加持之一百八遍。用釘住處門	栓 長 十 二 指 加 持 之 一百八遍 用 釘 住 處 門 
T19n0974E_001:0395b04	首地下。即令諸惡禽獸等。於一百由旬外住。	首 地 下 即 令 諸 惡 禽 獸 等 於 一 百 由 旬 外 住 
T19n0974E_001:0395b05	還令安隱。	還 令 安 隱 
T19n0974E_001:0395b06	第三十四法者。若有諸龍被外道等禁繫者。	第 三 十 四 法 者 若 有 諸 龍 被 外 道 等 禁 繫 者 
T19n0974E_001:0395b07	致令國中無雨。念誦人當於有龍眾水作一	致 令 國 中 無 雨 念 誦 人 當 於 有 龍 眾 水 作 一 
T19n0974E_001:0395b08	小壇。取桑根木。作栓八箇。安置壇中。又以	小 壇 取 桑 根 木 作 栓 八 箇 安 置 壇 中 又 以 
T19n0974E_001:0395b09	乳酪三五椀。安置壇上。著物加持乳栓等一	乳 酪 三 五 椀 安 置 壇 上 著 物 加 持 乳 栓 等 一 
T19n0974E_001:0395b10	百八遍。即取木栓。釘泉四邊八處。又以乳酪	百 八 遍 即 取 木 栓 釘 泉 四 邊 八 處 又 以 乳 酪 
T19n0974E_001:0395b11	寫於池中。以金葉。書呪著荷葉上。著泉水	寫 於 池 中 以 金 葉 書 呪 著 荷 葉 上 著 泉 水 
T19n0974E_001:0395b12	中。念誦人口云。善知識今有厄難。被諸外道	中 念 誦 人 口 云 善 知 識 今 有 厄 難 被 諸 外 道 
T19n0974E_001:0395b13	禁繫。今作此法已訖。以陀羅尼護汝。發遣	禁 繫 今 作 此 法 已 訖 以 陀 羅 尼 護 汝 發 遣 
T19n0974E_001:0395b14	收領其荷葉。與念誦人。即沒水去。念誦人	收 領 其 荷 葉 與 念 誦 人 即 沒 水 去 念 誦 人 
T19n0974E_001:0395b15	呵氣云。外道禁法即便破壞。其龍即解脫無	呵 氣 云 外 道 禁 法 即 便 破 壞 其 龍 即 解 脫 無 
T19n0974E_001:0395b16	難。其龍當來供養念誦人。龍言。曹主有處分	難 其 龍 當 來 供 養 念 誦 人 龍 言 曹 主 有 處 分 
T19n0974E_001:0395b17	否。念誦人云。汝可每依時興雲致雨。將此	否 念 誦 人 云 汝 可 每 依 時 興 雲 致 雨 將 此 
T19n0974E_001:0395b18	陀羅尼真言。頂上安置。令汝永無厄難永離	陀 羅 尼 真 言 頂 上 安 置 令 汝 永 無 厄 難 永 離 
T19n0974E_001:0395b19	蓋纏。	蓋 纏 
T19n0974E_001:0395b20	第三十五法者。若有大水。沈沒人民。於水漲	第 三 十 五 法 者 若 有 大 水 沈 沒 人 民 於 水 漲 
T19n0974E_001:0395b21	次。誦尊勝二十一遍。其水便不漲。	次 誦 尊 勝 二 十 一 遍 其 水 便 不 漲 
T19n0974E_001:0395b22	如作法時。皆須結印。制心一處。更勿餘緣。發	如 作 法 時 皆 須 結 印 制 心 一 處 更 勿 餘 緣 發 
T19n0974E_001:0395b23	弘誓願。作廣大心。	弘 誓 願 作 廣 大 心 
T19n0974E_001:0395b24	尊勝印法	尊 勝 印 法 
T19n0974E_001:0395b25	屈其頭指。以大母指押。合掌當心。頭指屈入	屈 其 頭 指 以 大 母 指 押 合 掌 當 心 頭 指 屈 入 
T19n0974E_001:0395b26	掌中。以大母指押中節上。合掌即成。	掌 中 以 大 母 指 押 中 節 上 合 掌 即 成 
T19n0974E_001:0395b27	最勝真言心中心通一切念誦。長受持用身	最 勝 真 言 心 中 心 通 一 切 念 誦 長 受 持 用 身 
T19n0974E_001:0395b28	印。明曰。	印 明 曰 
T19n0974E_001:0395b29	曩麼三漫多勃馱喃唵卓(丁古反)嚕(二合)[合*牛]泮吒	曩 麼 三 漫 多 勃 馱 喃 唵 卓 丁 古 反 嚕 二 合 [合牛] 泮 吒 
T19n0974E_001:0395c01	(半)娑嚩(二合)訶	 半 娑 嚩 二 合 訶 
T19n0974E_001:0395c02	又降伏亦呼召及療病加持諸香藥等用明	又 降 伏 亦 呼 召 及 療 病 加 持 諸 香 藥 等 用 明 
T19n0974E_001:0395c03	曰。	曰 
T19n0974E_001:0395c04	曩麼三漫多勃陀喃唵卓(丁古反)嚕(二合)醫醯曳	曩 麼 三 漫 多 勃 陀 喃 唵 卓 丁 古 反 嚕 二 合 醫 醯 曳 
T19n0974E_001:0395c05	呬(二合)伴陀[合*牛]泮吒(半)	呬 二 合 伴 陀 [合牛] 泮 吒 半 
T19n0974E_001:0395c06	又發遣明曰。	又 發 遣 明 曰 
T19n0974E_001:0395c07	曩麼三漫多勃陀喃唵卓(丁古反)嚕揭瑳揭瑳[合*牛]	曩 麼 三 漫 多 勃 陀 喃 唵 卓 丁 古 反 嚕 揭 瑳 揭 瑳 [合牛] 
T19n0974E_001:0395c08	泮吒(半)娑嚩訶	泮 吒 半 娑 嚩 訶 
T19n0974E_001:0395c09	降伏契	降 伏 契 
T19n0974E_001:0395c10	以左右二大指。各捻無名指根合掌。以二頭	以 左 右 二 大 指 各 捻 無 名 指 根 合 掌 以 二 頭 
T19n0974E_001:0395c11	指。垂合於二大指上。	指 垂 合 於 二 大 指 上 
T19n0974E_001:0395c12	發遣契	發 遣 契 
T19n0974E_001:0395c13	以右手頭指根作拳(七遍。即是發遣。其大指向上揭)。	以 右 手 頭 指 根 作 拳 七 遍 即 是 發 遣 其 大 指 向 上 揭 
T19n0974E_001:0395c14	唵三莽野(上)娑多[口*梵](二合)	唵 三 莽 野 上 娑 多 [口梵] 二 合 
T19n0974E_001:0395c15	此明誦一遍。當受菩薩戒訖。	此 明 誦 一 遍 當 受 菩 薩 戒 訖 
T19n0974E_001:0395c16	金剛頂超勝三界經中文殊師利菩薩五字	金 剛 頂 超 勝 三 界 經 中 文 殊 師 利 菩 薩 五 字 
T19n0974E_001:0395c17	心真言	心 真 言 
T19n0974E_001:0395c18	爾時執金剛菩薩等一切菩薩。皆於毘盧遮	爾 時 執 金 剛 菩 薩 等 一切菩薩 皆 於 毘 盧 遮 
T19n0974E_001:0395c19	那佛前。各各自說心真言。於是文殊師利菩	那 佛 前 各 各 自 說 心 真 言 於 是 文 殊 師 利 菩 
T19n0974E_001:0395c20	薩白佛言。世尊我亦為一切眾生速得成就	薩 白 佛 言 世 尊 我 亦 為 一 切 眾 生 速 得 成 就 
T19n0974E_001:0395c21	般若波羅密故。說本心真言。佛告文殊師利。	般 若 波 羅 密 故 說 本 心 真 言 佛 告 文 殊 師 利 
T19n0974E_001:0395c22	今正是時。汝可說之。	今正是時 汝 可 說 之 
T19n0974E_001:0395c23	爾時文殊師利即說真言曰。	爾 時 文 殊 師 利 即 說 真 言 曰 
T19n0974E_001:0395c24	阿羅跛者曩	阿 羅 跛 者 曩 
T19n0974E_001:0395c25	若善男子善女人能誦能持此真言。即是受	若 善 男 子 善 女 人 能 誦 能 持 此 真 言 即 是 受 
T19n0974E_001:0395c26	一切如來法藏。速能獲得無上菩提。欲受持	一 切 如 來 法 藏 速 能 獲 得 無上菩提 欲 受 持 
T19n0974E_001:0395c27	者。應請先入三摩耶阿遮梨耶。特於白月十	者 應 請 先 入 三 摩 耶 阿 遮 梨 耶 特 於 白 月 十 
T19n0974E_001:0395c28	四十五日。清淨室中塗地作圓壇。以旃檀龍	四 十 五 日 清 淨 室 中 塗 地 作 圓 壇 以 旃 檀 龍 
T19n0974E_001:0395c29	腦等和塗壇上。於中心畫文殊師利菩薩。作	腦 等 和 塗 壇 上 於 中 心 畫 文 殊 師 利 菩 薩 作 
T19n0974E_001:0396a01	童子形像。左手執青蓮華。右手執金剛藏。經	童 子 形 像 左 手 執 青 蓮 華 右 手 執 金 剛 藏 經 
T19n0974E_001:0396a02	挾壇輪四周梵書五字心真言。而復初勿令	挾 壇 輪 四 周 梵 書 五 字 心 真 言 而 復 初 勿 令 
T19n0974E_001:0396a03	錯謬。燒種種香。散眾名花而供養之。阿闍梨	錯 謬 燒 種 種 香 散 眾 名 花 而 供 養 之 阿 闍 梨 
T19n0974E_001:0396a04	即結金剛印。如法誦持。誦已即引弟子入壇。	即 結 金 剛 印 如 法 誦 持 誦 已 即 引 弟 子 入 壇 
T19n0974E_001:0396a05	受三摩耶耶法門。受心真言已。教結金剛印。	受 三 摩 耶 耶 法 門 受 心 真 言 已 教 結 金 剛 印 
T19n0974E_001:0396a06	先結金剛縛。縛已竪之。二中指屈其上節。兩	先 結 金 剛 縛 縛 已 竪 之 二 中 指 屈 其 上 節 兩 
T19n0974E_001:0396a07	頭相拄。印上置花散供養已。應告之言。	頭 相 拄 印 上 置 花 散 供 養 已 應 告 之 言 
T19n0974E_001:0396a08	此心法門是諸佛祕密之藏。慎莫輒為他人	此 心 法 門 是 諸 佛 祕密之藏 慎 莫 輒 為 他 人 
T19n0974E_001:0396a09	說之法。若說者則破汝三摩耶法。我今為汝	說 之 法 若 說 者 則 破 汝 三 摩 耶 法 我 今 為 汝 
T19n0974E_001:0396a10	宣說其義。汝諦聽諦受。應善思念。	宣 說 其 義 汝 諦 聽 諦 受 應 善 思 念 
T19n0974E_001:0396a11	所言婀者。是無上義。一切諸佛總相法門。[女*羅]	所 言 婀 者 是 無 上 義 一切諸佛 總 相 法 門 [女羅] 
T19n0974E_001:0396a12	者清淨無障離法塵垢。跛者第一義諦真實	者 清 淨 無 障 離 法 塵 垢 跛 者 第一義諦 真 實 
T19n0974E_001:0396a13	之理。者之字者大性空寂無有行相。曩者法	之 理 者 之 字 者 大 性 空 寂 無 有 行 相 曩 者 法 
T19n0974E_001:0396a14	常無性。言說文字皆不可得。汝應修學此心	常 無 性 言 說 文 字 皆 不 可 得 汝 應 修 學 此 心 
T19n0974E_001:0396a15	真言法門。常觀是心本來清淨無染無著無	真 言 法 門 常 觀 是 心 本 來 清 淨 無 染 無 著 無 
T19n0974E_001:0396a16	我我所。離分別相自性涅槃。入此法者名三	我 我 所 離 分 別 相 自性涅槃 入 此 法 者 名 三 
T19n0974E_001:0396a17	摩地。是名真實念誦。當知此人殊勝功德無	摩 地 是 名 真 實 念 誦 當 知 此 人 殊 勝 功 德 無 
T19n0974E_001:0396a18	量無邊。行者受此法已。應每日四時入壇念	量 無 邊 行 者 受 此 法 已 應 每 日 四 時 入 壇 念 
T19n0974E_001:0396a19	誦。如前供養。思惟心中真言法門。入三摩地。	誦 如 前 供 養 思 惟 心 中 真 言 法 門 入 三 摩 地 
T19n0974E_001:0396a20	如法念誦滿一遍。能除一切苦。若誦兩遍。一	如 法 念 誦 滿 一 遍 能 除 一 切 苦 若 誦 兩 遍 一 
T19n0974E_001:0396a21	切罪障皆得消滅。若誦三遍。得三昧現前。若	切 罪 障 皆 得 消 滅 若 誦 三 遍 得 三 昧 現 前 若 
T19n0974E_001:0396a22	誦四遍。得總持不忘。若誦五遍。速能成就	誦 四 遍 得 總 持 不 忘 若 誦 五 遍 速 能 成 就 
T19n0974E_001:0396a23	無上菩提。行者至心誦滿一月日。文殊師利	無上菩提 行 者 至 心 誦 滿 一 月 日 文 殊 師 利 
T19n0974E_001:0396a24	或自現身。或於空中為。行者即得宿命智無	或 自 現 身 或 於 空 中 為 行 者 即 得 宿 命 智 無 
T19n0974E_001:0396a25	礙辯才神足自在。所願皆悉成就。速證如來	礙 辯 才 神 足 自 在 所 願 皆 悉 成 就 速 證 如 來 
T19n0974E_001:0396a26	法身及金剛身。若未能作壇。於絹素上如前	法 身 及 金 剛 身 若 未 能 作 壇 於 絹 素 上 如 前 
T19n0974E_001:0396a27	畫作亦得。誦此真言滿五萬遍。辯才智慧與	畫 作 亦 得 誦 此 真 言 滿 五 萬 遍 辯 才 智 慧 與 
T19n0974E_001:0396a28	文殊師利等無異。	文 殊 師 利 等 無 異 
T19n0974E_001:0396a29	又有別受持法。於舍利塔前。以香和塗地作	又 有 別 受 持 法 於 舍 利 塔 前 以 香 和 塗 地 作 
T19n0974E_001:0396b01	圓遍壇。寫梵字真言五字。旋繞行道。誦滿	圓 遍 壇 寫 梵 字 真 言 五 字 旋 繞 行 道 誦 滿 
T19n0974E_001:0396b02	五十萬遍。文殊師利當現其人前而為說法。	五 十 萬 遍 文 殊 師 利 當 現其人前 而 為 說 法 
T19n0974E_001:0396b03	常得佛及執金剛菩薩加被。所有願求皆得	常 得 佛 及 執 金 剛 菩 薩 加 被 所 有 願 求 皆 得 
T19n0974E_001:0396b04	成就。	成 就 
T19n0974E_001:0396b05	大師錄外(云云)。	大 師 錄 外 云 云 
