T20n1120A_001:0513c03	金剛頂勝初瑜伽經中略出大樂	金 剛 頂 勝 初 瑜 伽 經 中 略 出 大 樂 
T20n1120A_001:0513c04	金剛薩埵念誦儀	金 剛 薩 埵 念 誦 儀 
T20n1120A_001:0513c06	開府儀同三司特進試鴻臚卿肅國	開 府 儀 同 三 司 特 進 試 鴻 臚 卿 肅 國 
T20n1120A_001:0513c07	公食邑三千戶賜紫贈司空諡大鑒	公 食 邑 三 千 戶 賜 紫 贈 司 空 諡 大 鑒 
T20n1120A_001:0513c08	正號大廣智大興善寺三藏沙門	正 號 大 廣 智 大 興 善 寺 三 藏 沙 門 
T20n1120A_001:0513c09	不空奉　詔譯	不 空 奉 詔 譯 
T20n1120A_001:0513c10	　稽首禮大密　　從持金剛生	 稽 首 禮 大 密 從 持 金 剛 生 
T20n1120A_001:0513c11	　開演微妙儀　　簡要契真實	 開 演 微 妙 儀 簡 要 契 真 實 
T20n1120A_001:0513c12	　瑜伽修習者　　願興利樂心	 瑜 伽 修 習 者 願 興 利 樂 心 
T20n1120A_001:0513c13	　十方盡無餘　　一切眾生界	 十 方 盡 無 餘 一 切 眾 生 界 
T20n1120A_001:0513c14	　真言性成就　　隨意稱誦之	 真 言 性 成 就 隨 意 稱 誦 之 
T20n1120A_001:0513c16	唵(一)　薩　嚩　瑜　誐　質　多(二)　母　答播(二合)　娜	唵 一 薩 嚩 瑜 誐 質 多 二 母 答 播 二 合 娜 
T20n1120A_001:0513c18	夜　弭	夜 弭 
T20n1120A_001:0513c19	　由纔發此心　　滅除一切障	 由 纔 發 此 心 滅 除 一 切 障 
T20n1120A_001:0513c20	　獲安樂悅意　　超彼眾魔羅	 獲 安 樂 悅 意 超 彼 眾 魔 羅 
T20n1120A_001:0513c21	　即同諸如來　　世天皆供養	 即 同 諸 如 來 世 天 皆 供 養 
T20n1120A_001:0513c22	　知法無自性　　達勝義菩提	 知 法無自性 達 勝 義 菩 提 
T20n1120A_001:0513c23	　思惟己體中　　普賢心若月	 思 惟 己 體 中 普 賢 心 若 月 
T20n1120A_001:0513c24	　身相歸空寂　　湧現跋折囉	 身 相 歸 空 寂 湧 現 跋 折 囉 
T20n1120A_001:0513c25	　五股潔白輝　　變同薩埵貌	 五 股 潔 白 輝 變 同 薩 埵 貌 
T20n1120A_001:0513c26	　質素蓮臺爾　　五佛用嚴冠	 質 素 蓮 臺 爾 五 佛 用 嚴 冠 
T20n1120A_001:0513c27	　朱衣背赤光　　安住圓明內	 朱 衣 背 赤 光 安 住 圓 明 內 
T20n1120A_001:0513c28	　真言及自印　　其次建立之	 真 言 及 自 印 其 次 建 立 之 
T20n1120A_001:0513c29	　仁者應半跏　　左肢右足押	 仁 者 應 半 跏 左 肢 右 足 押 
T20n1120A_001:0514a01	　智拳輪擲已　　用按於胸間	 智 拳 輪 擲 已 用 按 於 胸 間 
T20n1120A_001:0514a02	　[合*牛]為心真言　　定拳慢居胯	 [合牛] 為 心 真 言 定 拳 慢 居 胯 
T20n1120A_001:0514a03	　金剛身語意　　支分勿傾斜	 金 剛 身 語 意 支 分 勿 傾 斜 
T20n1120A_001:0514a04	　本尊大印成　　次結金剛掌	 本 尊 大 印 成 次 結 金 剛 掌 
T20n1120A_001:0514a05	　竪合交初分　　密言如是稱	 竪 合 交 初 分 密 言 如 是 稱 
T20n1120A_001:0514a07	嚩　日囒(引)　若　里	嚩 日 囒 引 若 里 
T20n1120A_001:0514a08	便為金剛縛。其明如後陳。	便 為 金 剛 縛 其 明 如 後 陳 
T20n1120A_001:0514a10	嚩　日囉(二合)　滿　馱	嚩 日 囉 二 合 滿 馱 
T20n1120A_001:0514a11	開縛摧拍心。應誦密言曰。	開 縛 摧 拍 心 應 誦 密 言 曰 
T20n1120A_001:0514a13	嚩　日囉(二合)　滿　馱(一)　怛囉(二合)　吒(吒半音呼)(二)	嚩 日 囉 二 合 滿 馱 一 怛 囉 二 合 吒 吒 半 音 呼 二 
T20n1120A_001:0514a14	　次前金剛縛　　禪智檀慧間	 次 前 金 剛 縛 禪 智 檀 慧 間 
T20n1120A_001:0514a15	　稱遍入真言　　降臨每加護	 稱 遍 入 真 言 降 臨 每 加 護 
T20n1120A_001:0514a17	嚩　日囉(引二合)　吠　捨(一)　噁(二)	嚩 日 囉 引 二 合 吠 捨 一 噁 二 
T20n1120A_001:0514a18	　不改次前契　　禪智進力加	 不 改 次 前 契 禪 智 進 力 加 
T20n1120A_001:0514a19	　是名三昧拳　　真言如是誦	 是 名 三 昧 拳 真 言 如 是 誦 
T20n1120A_001:0514a21	嚩　日囉(二合)　母　瑟知(二合)(一)　[牟*含](二)	嚩 日 囉 二 合 母 瑟 知 二 合 一 [牟含] 二 
T20n1120A_001:0514a22	　分彼拳作二　　左慢右安心	 分 彼 拳 作 二 左 慢 右 安 心 
T20n1120A_001:0514a23	　身語意金剛　　形體依初觀	 身 語 意 金 剛 形 體 依 初 觀 
T20n1120A_001:0514a24	　同前縛為准　　智與進如門	 同 前 縛 為 准 智 與 進 如 門 
T20n1120A_001:0514a25	　禪逼於其中　　祕密三昧契	 禪 逼 於 其 中 祕 密 三 昧 契 
T20n1120A_001:0514a26	　印心額喉頂　　皆誦此真言	 印 心 額 喉 頂 皆 誦 此 真 言 
T20n1120A_001:0514a28	素　囉　多　薩怛梵(二合)	素 囉 多 薩 怛 梵 二 合 
T20n1120A_001:0514a29	　金剛縛又陳　　忍願成刀狀	 金 剛 縛 又 陳 忍 願 成 刀 狀 
T20n1120A_001:0514b01	　進力捻刃側　　依初第一文	 進 力 捻 刃 側 依 初 第 一 文 
T20n1120A_001:0514b02	　禪押於智端　　如結加趺勢	 禪 押 於 智 端 如 結 加 趺 勢 
T20n1120A_001:0514b03	　印頂心當想　　毘盧遮那佛	 印 頂 心 當 想 毘 盧 遮 那 佛 
T20n1120A_001:0514b04	　儼然潔白輝　　誦此真言曰	 儼 然 潔 白 輝 誦 此 真 言 曰 
T20n1120A_001:0514b06	唵　部　欠	唵 部 欠 
T20n1120A_001:0514b07	　次當印其額　　應想阿閦鼙	 次 當 印 其 額 應 想 阿 閦 鼙 
T20n1120A_001:0514b08	　色青處於前　　稱此祕明句	 色 青 處 於 前 稱 此 祕 明 句 
T20n1120A_001:0514b10	嚩　日囉(二合)　薩　怛嚩(二合)	嚩 日 囉 二 合 薩 怛 嚩 二 合 
T20n1120A_001:0514b11	　次按於頂右　　其名寶生尊	 次 按 於 頂 右 其 名 寶 生 尊 
T20n1120A_001:0514b12	　黃色相端嚴　　真言如是誦	 黃 色 相 端 嚴 真 言 如 是 誦 
T20n1120A_001:0514b14	嚩　日囉(二合)　囉　怛那(二合)	嚩 日 囉 二 合 囉 怛 那 二 合 
T20n1120A_001:0514b15	　舉置在頂後　　無量壽如來	 舉 置 在 頂 後 無 量 壽 如 來 
T20n1120A_001:0514b16	　色赤殊特儀　　稱此真言曰	 色 赤 殊 特 儀 稱 此 真 言 曰 
T20n1120A_001:0514b18	嚩　日囉(二合)　達　磨	嚩 日 囉 二 合 達 磨 
T20n1120A_001:0514b19	　復至於頂左　　不空成就尊	 復 至 於 頂 左 不 空 成 就 尊 
T20n1120A_001:0514b20	　綠色五佛周　　誦此祕明句	 綠 色 五 佛 周 誦 此 祕 明 句 
T20n1120A_001:0514b22	嚩　日囉(二合)　羯　磨	嚩 日 囉 二 合 羯 磨 
T20n1120A_001:0514b23	　次作寶鬘印　　灌頂以嚴身	 次 作 寶 鬘 印 灌 頂 以 嚴 身 
T20n1120A_001:0514b24	　用二金剛手　　額前遂縈繞	 用 二 金 剛 手 額 前 遂 縈 繞 
T20n1120A_001:0514b25	　復分拳腦後　　如前又繫鬘	 復 分 拳 腦 後 如 前 又 繫 鬘 
T20n1120A_001:0514b26	　自檀慧徐開　　以羽兩傍下	 自 檀 慧 徐 開 以 羽 兩 傍 下 
T20n1120A_001:0514b27	　若垂繒帶想　　誦次復真言	 若 垂 繒 帶 想 誦 次 復 真 言 
T20n1120A_001:0514b29	唵(一)　嚩　日囉(二合)　麼　邏(引)　避　詵　者(二)　滿(三)	唵 一 嚩 日 囉 二 合 麼 邏 引 避 詵 者 二 滿 三 
T20n1120A_001:0514c02	[牟*含]	[牟含] 
T20n1120A_001:0514c03	　定慧羽皆舒　　俱拍契成就	 定 慧 羽 皆 舒 俱 拍 契 成 就 
T20n1120A_001:0514c04	　能悅一切聖　　真言如是稱	 能 悅 一 切 聖 真 言 如 是 稱 
T20n1120A_001:0514c06	嚩　日囉(二合)(一)　覩　使野(二合)(二)　斛(三)(引)	嚩 日 囉 二 合 一 覩 使 野 二 合 二 斛 三 引 
T20n1120A_001:0514c07	　金剛慢印明　　默心誦一遍	 金 剛 慢 印 明 默 心 誦 一 遍 
T20n1120A_001:0514c09	薩　梵　矩　嚕(一)　野　他　素(上)　欠(二)	薩 梵 矩 嚕 一 野 他 素 上 欠 二 
T20n1120A_001:0514c10	　復具明如上　　金剛薩埵冠	 復 具 明 如 上 金 剛 薩 埵 冠 
T20n1120A_001:0514c11	　以五佛色身　　安住相應印	 以 五 佛 色 身 安 住 相 應 印 
T20n1120A_001:0514c12	　遍照薄伽梵　　契住如來拳	 遍 照 薄 伽 梵 契 住 如 來 拳 
T20n1120A_001:0514c13	　次陳阿閦鼙　　定羽持衣角	 次 陳 阿 閦 鼙 定 羽 持 衣 角 
T20n1120A_001:0514c14	　成拳按心上　　慧觸地如儀	 成 拳 按 心 上 慧 觸 地 如 儀 
T20n1120A_001:0514c15	　施願寶生尊　　智掌仰當乳	 施 願 寶 生 尊 智 掌 仰 當 乳 
T20n1120A_001:0514c16	　無量光勝印　　定拳幔執蓮	 無 量 光 勝 印 定 拳 幔 執 蓮 
T20n1120A_001:0514c17	　慧拳似敷華　　又如無動佛	 慧 拳 似 敷 華 又 如 無 動 佛 
T20n1120A_001:0514c18	　智羽三幡相　　如拔濟有情	 智 羽 三 幡 相 如 拔 濟 有 情 
T20n1120A_001:0514c19	　揚掌於乳傍　　不空成就印	 揚 掌 於 乳 傍 不 空 成 就 印 
T20n1120A_001:0514c20	　又作金剛縛　　開掌禪智合	 又 作 金 剛 縛 開 掌 禪 智 合 
T20n1120A_001:0514c21	　檀慧直如峯　　忍願入於掌	 檀 慧 直 如 峯 忍 願 入 於 掌 
T20n1120A_001:0514c22	　相合如箭狀　　印心額及喉	 相 合 如 箭 狀 印 心 額 及 喉 
T20n1120A_001:0514c23	　於頂亦如之　　皆用心密語	 於 頂 亦 如 之 皆 用 心 密 語 
T20n1120A_001:0514c25	[合*牛]	[合牛] 
T20n1120A_001:0514c26	　大樂隨心印　　用結護己身	 大 樂 隨 心 印 用 結 護 己 身 
T20n1120A_001:0514c27	　前印箭刺心　　誦後真言句	 前 印 箭 刺 心 誦 後 真 言 句 
T20n1120A_001:0514c29	系(一)　摩　訶　素(上)　佉　嚩　日囉(二合)　薩　怛嚩(二合引)	系 一 摩 訶 素 上 佉 嚩 日 囉 二 合 薩 怛 嚩 二 合 引 
T20n1120A_001:0515a02	夜　呬(二)　試　仡[口*臨](三合)(三)　摩　訶(引)　素(上)　佉	夜 呬 二 試 仡 [口臨] 三 合 三 摩 訶 引 素 上 佉 
T20n1120A_001:0515a04	嚩　日囉(二合)　目　佉　三　昧　耶(四)　摩　弩　播	嚩 日 囉 二 合 目 佉 三 昧 耶 四 摩 弩 播 
T20n1120A_001:0515a06	攞　野(五)　鉢囉(二合)　畝　[亭*夜](二合)　畝　[亭*夜](六)　素(上)	攞 野 五 鉢 囉 二 合 畝 [亭夜]二合 畝 [亭夜] 六 素 上 
T20n1120A_001:0515a08	囉　多　薩怛梵(三合)(七)　摩　拏　囉　訖覩(二合)　茗	囉 多 薩 怛 梵 三 合 七 摩 拏 囉 訖 覩 二 合 茗 
T20n1120A_001:0515a10	婆　嚩(八)　素(上)　覩　瑟庾(二合)　茗　婆　嚩(九)　素(上)	婆 嚩 八 素 上 覩 瑟 庾 二 合 茗 婆 嚩 九 素 上 
T20n1120A_001:0515a12	地哩(二合)　住　茗　婆　嚩(十)　素(上)　報　瑟庾(二合)　茗	地 哩 二 合 住 茗 婆 嚩 十 素 上 報 瑟 庾 二 合 茗 
T20n1120A_001:0515a14	婆　嚩(二合)(十一)　婆　伽　梵(十二)　曩　曩(引)　儞　[寧*頁]　馱	婆 嚩 二 合 十 一 婆 伽 梵 十 二 曩 曩 引 儞 [寧頁] 馱 
T20n1120A_001:0515a16	諾　薩　怛嚩(二合)(十三)　薩　嚩　悉　地　茗(十四)　鉢囉(二合)	諾 薩 怛 嚩 二 合 十 三 薩 嚩 悉 地 茗 十 四 鉢 囉 二 合 
T20n1120A_001:0515a18	野　車　翳　沙　怛嚩(二合引)(十五)　曩　訖哩(二合)　使野(二合)	野 車 翳 沙 怛 嚩 二 合 引 十 五 曩 訖 哩 二 合 使 野 二 合 
T20n1120A_001:0515a20	鉢羅(二合)　吠　奢(十六)　三　昧　裔　囉嚩(二合)	鉢 羅 二 合 吠 奢 十 六 三 昧 裔 囉 嚩 二 合 
T20n1120A_001:0515a22	馱縛(二合引)(十七)　嚩　試　迦　嚕　弭(十八)　昧　畝　娜囉(二合引)(十九)	馱 縛 二 合 引 十 七 嚩 試 迦 嚕 弭 十 八 昧 畝 娜 囉 二 合 引 十 九 
T20n1120A_001:0515a24	滿　怛囉(二合)(二十)　跛　乃(二十一)　弱　[合*牛](二十二)	滿 怛 囉 二 合 二 十 跛 乃 二 十 一 弱 [合牛] 二 十 二 
T20n1120A_001:0515a26	[牟*含](二十三)　斛(二十四)	[牟含] 二 十 三 斛 二 十 四 
T20n1120A_001:0515a27	　諸尊當適悅　　警覺三昧耶	 諸 尊 當 適 悅 警 覺 三 昧 耶 
T20n1120A_001:0515a28	　誦至弱字明　　忍願如鉤狀	 誦 至 弱 字 明 忍 願 如 鉤 狀 
T20n1120A_001:0515a29	　開鉤已心畢　　本尊降道場	 開 鉤 已 心 畢 本 尊 降 道 場 
T20n1120A_001:0515b01	　眾聖亦同臻　　依位儼而住	 眾 聖 亦 同 臻 依 位 儼 而 住 
T20n1120A_001:0515b02	　忍願便相拄　　如環索契成	 忍 願 便 相 拄 如 環 索 契 成 
T20n1120A_001:0515b03	　[合*牛]字羂入之　　二度極相繞	 [合牛] 字 羂 入 之 二 度 極 相 繞 
T20n1120A_001:0515b04	　鎖成止諸聖　　懵字是其明	 鎖 成 止 諸 聖 懵 字 是 其 明 
T20n1120A_001:0515b05	　上下徐動搖　　磐成稱斛句	 上 下 徐 動 搖 磐 成 稱 斛 句 
T20n1120A_001:0515b06	　念其音清暢　　能悅眾聖心	 念 其 音 清 暢 能 悅 眾 聖 心 
T20n1120A_001:0515b07	　閼伽契乃陳　　堅住金剛掌	 閼 伽 契 乃 陳 堅 住 金 剛 掌 
T20n1120A_001:0515b08	　忍願遂相合　　進力若鉤形	 忍 願 遂 相 合 進 力 若 鉤 形 
T20n1120A_001:0515b09	　禪智捻其根　　側印稱唵句	 禪 智 捻 其 根 側 印 稱 唵 句 
T20n1120A_001:0515b11	唵　迦(引)　嚕　目　欠(一)　薩　嚩　達　摩　那　磨	唵 迦 引 嚕 目 欠 一 薩 嚩 達 摩 那 磨 
T20n1120A_001:0515b13	娜語(二合)(二)　弩　多半(二合)　曩　怛嚩(二合)　多(多半音)(三)	娜 語 二 合 二 弩 多 半 二 合 曩 怛 嚩 二 合 多 多 半 音 三 
T20n1120A_001:0515b14	　便捧其香水　　稱後閼伽明	 便 捧 其 香 水 稱 後 閼 伽 明 
T20n1120A_001:0515b16	跛　囉　摩　素(上)　佉(引)　捨　野(一)　娑　攞　里　多(二)	跛 囉 摩 素 上 佉 引 捨 野 一 娑 攞 里 多 二 
T20n1120A_001:0515b18	尾　邏　娑　曩　弭　帶　囉曩(二合)　麼　弭　婆　伽	尾 邏 娑 曩 弭 帶 囉 曩 二 合 麼 弭 婆 伽 
T20n1120A_001:0515b20	梵　擔(三)　弱　[合*牛]　[牟*含]　斛(四)　呬　呬　呬　呬(五)　鉢囉(二合)	梵 擔 三 弱 [合牛] [牟含] 斛 四 呬 呬 呬 呬 五 鉢 囉 二 合 
T20n1120A_001:0515b22	底　車(上)(六)　矩　素(上)　滿　惹　里　囉曩(二合)	底 車 上 六 矩 素 上 滿 惹 里 囉 曩 二 合 
T20n1120A_001:0515b24	他(七)	他 七 
T20n1120A_001:0515b25	　近額奉獻之　　如儀浴眾聖	 近 額 奉 獻 之 如 儀 浴 眾 聖 
T20n1120A_001:0515b26	　依前觀滿月　　皓白現壇中	 依 前 觀 滿 月 皓 白 現 壇 中 
T20n1120A_001:0515b27	　大聖處於間　　契住金剛慢	 大 聖 處 於 間 契 住 金 剛 慢 
T20n1120A_001:0515b28	　復陳四尊位　　眼箭在其前	 復 陳 四 尊 位 眼 箭 在 其 前 
T20n1120A_001:0515b29	　色赤衣服然　　冠鬘以嚴飾	 色 赤 衣 服 然 冠 鬘 以 嚴 飾 
T20n1120A_001:0515c01	　二羽彎弓矢　　瞻矚薩埵儀	 二 羽 彎 弓 矢 瞻 矚 薩 埵 儀 
T20n1120A_001:0515c02	　計里計羅尊　　色白居其右	 計 里 計 羅 尊 色 白 居 其 右 
T20n1120A_001:0515c03	　金剛拳二羽　　交抱三昧耶	 金 剛 拳 二 羽 交 抱 三 昧 耶 
T20n1120A_001:0515c04	　於後愛為名　　形服皆青色	 於 後 愛 為 名 形 服 皆 青 色 
T20n1120A_001:0515c05	　二拳竪慧臂　　肘以定羽承	 二 拳 竪 慧 臂 肘 以 定 羽 承 
T20n1120A_001:0515c06	　共執摩竭幢　　於左名為慢	 共 執 摩 竭 幢 於 左 名 為 慢 
T20n1120A_001:0515c07	　色黃拳在胯　　向左小低頭	 色 黃 拳 在 胯 向 左 小 低 頭 
T20n1120A_001:0515c08	　羯磨印真言　　加持諦安立	 羯 磨 印 真 言 加 持 諦 安 立 
T20n1120A_001:0515c09	　大聖金剛慢　　應誦心密言	 大 聖 金 剛 慢 應 誦 心 密 言 
T20n1120A_001:0515c11	[合*牛]	[合牛] 
T20n1120A_001:0515c12	　諸尊次復陳　　自眼箭為始	 諸 尊 次 復 陳 自 眼 箭 為 始 
T20n1120A_001:0515c13	　二拳各堅固　　彎弓放箭儀	 二 拳 各 堅 固 彎 弓 放 箭 儀 
T20n1120A_001:0515c14	　密契相已成　　祕明如後誦	 密 契 相 已 成 祕 明 如 後 誦 
T20n1120A_001:0515c16	弱(一)　嚩　日囉(二合)　地哩(二合)　瑟知(二合)(二)　娑(去)　野	弱 一 嚩 日 囉 二 合 地 哩 二 合 瑟 知 二 合 二 娑 去 野 
T20n1120A_001:0515c18	計(三)　麼　吒(吒半音)(四)	計 三 麼 吒 吒 半 音 四 
T20n1120A_001:0515c19	　准前拳二羽　　交臂抱於胸	 准 前 拳 二 羽 交 臂 抱 於 胸 
T20n1120A_001:0515c20	　計里計羅尊　　當誦此後句	 計 里 計 羅 尊 當 誦 此 後 句 
T20n1120A_001:0515c22	[合*牛](一)　嚩　日囉(二合)　計　利　吉　麗(二)　[合*牛](三)	[合牛]一 嚩 日囉二合 計 利 吉 麗二 [合牛] 三 
T20n1120A_001:0515c23	　又改次前印　　慧臂直如幢	 又 改 次 前 印 慧 臂 直 如 幢 
T20n1120A_001:0515c24	　定拳承肘間　　誦明名愛契	 定 拳 承 肘 間 誦 明 名 愛 契 
T20n1120A_001:0515c26	[牟*含](一)　嚩　日哩(二合)　儞(二)　娑麼(二合)　囉(三)　囉　吒(吒半音)(四)	[牟含] 一 嚩 日 哩 二 合 儞 二 娑 麼 二 合 囉 三 囉 吒 吒 半 音 四 
T20n1120A_001:0515c28	　二拳各居胯　　以頭向左傾	 二 拳 各 居 胯 以 頭 向 左 傾 
T20n1120A_001:0515c29	　慢契相遂成　　真言如後誦	 慢 契 相 遂 成 真 言 如 後 誦 
T20n1120A_001:0516a02	斛(一)　嚩　日囉(二合)　迦(引)　冥　濕嚩(二合)　哩(二)　怛[口*藍](二合)(三)	斛 一 嚩 日 囉 二 合 迦 引 冥 濕 嚩 二 合 哩 二 怛 [口藍] 二 合 三 
T20n1120A_001:0516a04	　次陳內供養　　初起東南隅	 次 陳 內 供 養 初 起 東 南 隅 
T20n1120A_001:0516a05	　捧華形服白　　金剛妙適悅	 捧 華 形 服 白 金 剛 妙 適 悅 
T20n1120A_001:0516a06	　金剛適悅性　　色黑執香鑪	 金 剛 適 悅 性 色 黑 執 香 鑪 
T20n1120A_001:0516a07	　金剛眼獻燈　　色赤嚴飾爾	 金 剛 眼 獻 燈 色 赤 嚴 飾 爾 
T20n1120A_001:0516a08	　末為塗香位　　金剛大吉祥	 末 為 塗 香 位 金 剛 大 吉 祥 
T20n1120A_001:0516a09	　形質皆以黃　　次陳其契相	 形 質 皆 以 黃 次 陳 其 契 相 
T20n1120A_001:0516a10	　俱先二拳舞　　如儀遂結成	 俱 先 二 拳 舞 如 儀 遂 結 成 
T20n1120A_001:0516a11	　以二金剛拳　　相並上擲散	 以 二 金 剛 拳 相 並 上 擲 散 
T20n1120A_001:0516a12	　想妙華供養　　真言如後稱	 想 妙 華 供 養 真 言 如 後 稱 
T20n1120A_001:0516a14	系(一)　嚩　日囉(二合)(二)　囉　底(三)	系 一 嚩 日 囉 二 合 二 囉 底 三 
T20n1120A_001:0516a15	　普拳乃下擲　　念焚香雲海	 普 拳 乃 下 擲 念 焚 香 雲 海 
T20n1120A_001:0516a16	　普遍於一切　　誦如後真言	 普 遍 於 一 切 誦 如 後 真 言 
T20n1120A_001:0516a18	摩　訶(引)　囉　多　嚩　日哩(二合)(一)　斛(二)	摩 訶 引 囉 多 嚩 日 哩 二 合 一 斛 二 
T20n1120A_001:0516a19	　二拳禪智合　　如燈應運想	 二 拳 禪 智 合 如 燈 應 運 想 
T20n1120A_001:0516a20	　廣施為佛事　　密言如是稱	 廣 施 為 佛 事 密 言 如 是 稱 
T20n1120A_001:0516a22	唵　嚩　日囉(二合)　路　者　寧(三)	唵 嚩 日 囉 二 合 路 者 寧 三 
T20n1120A_001:0516a23	　並覆其二拳　　依胸兩向散	 並 覆 其 二 拳 依 胸 兩 向 散 
T20n1120A_001:0516a24	　若妙塗香勢　　當誦此真言	 若 妙 塗 香 勢 當 誦 此 真 言 
T20n1120A_001:0516a26	摩　訶　室唎(二合)　嚩　日哩(二合)　呬(三)	摩 訶 室 唎 二 合 嚩 日 哩 二 合 呬 三 
T20n1120A_001:0516a27	　外供養諸尊　　四隅又存想	 外 供 養 諸 尊 四 隅 又 存 想 
T20n1120A_001:0516a28	　東南名喜戲　　二拳以當心	 東 南 名 喜 戲 二 拳 以 當 心 
T20n1120A_001:0516a29	　笑處於西南　　二羽口傍散	 笑 處 於 西 南 二 羽 口 傍 散 
T20n1120A_001:0516b01	　歌居於西北　　彈執其箜篌	 歌 居 於 西 北 彈 執 其 箜 篌 
T20n1120A_001:0516b02	　東北舞為名　　如儀旋轉勢	 東 北 舞 為 名 如 儀 旋 轉 勢 
T20n1120A_001:0516b03	　形服皆金色　　真言契又陳	 形 服 皆 金 色 真 言 契 又 陳 
T20n1120A_001:0516b04	　覆並於二拳　　繞心應右轉	 覆 並 於 二 拳 繞 心 應 右 轉 
T20n1120A_001:0516b05	　是名喜戲印　　其明如後稱	 是 名 喜 戲 印 其 明 如 後 稱 
T20n1120A_001:0516b07	系　囉　底　嚩　日囉(二合)(一)　尾　邏　賜　儞(二)　怛囉(二合)	系 囉 底 嚩 日 囉 二 合 一 尾 邏 賜 儞 二 怛 囉 二 合 
T20n1120A_001:0516b09	吒(吒半音)(三)	吒 吒 半 音 三 
T20n1120A_001:0516b10	　如前印口傍　　自檀慧徐散	 如 前 印 口 傍 自 檀 慧 徐 散 
T20n1120A_001:0516b11	　揚掌極舒臂　　含笑誦真言	 揚 掌 極 舒 臂 含 笑 誦 真 言 
T20n1120A_001:0516b13	系　囉　底　嚩　日囉(二合)(一)　賀　細(二)　訶　訶(三)	系 囉 底 嚩 日 囉 二 合 一 賀 細 二 訶 訶 三 
T20n1120A_001:0516b14	　定臂如箜篌　　改進力微屈	 定 臂 如 箜 篌 改 進 力 微 屈 
T20n1120A_001:0516b15	　慧羽彈絃勢　　為歌誦其明	 慧 羽 彈 絃 勢 為 歌 誦 其 明 
T20n1120A_001:0516b17	系　囉　底　嚩　日囉(二合)(一)　擬　諦(二)　諦　諦(三)	系 囉 底 嚩 日 囉 二 合 一 擬 諦 二 諦 諦 三 
T20n1120A_001:0516b18	　二拳舞於心　　頂上合便散	 二 拳 舞 於 心 頂 上 合 便 散 
T20n1120A_001:0516b19	　其名舞契相　　真言句遂陳	 其 名 舞 契 相 真 言 句 遂 陳 
T20n1120A_001:0516b21	系　囉　底　嚩　日囉(二合)(一)　儞哩(二合)　諦　吠　波	系 囉 底 嚩 日 囉 二 合 一 儞 哩 二 合 諦 吠 波 
T20n1120A_001:0516b23	吠　波	吠 波 
T20n1120A_001:0516b24	　四承旨居門　　形儀復當演	 四 承 旨 居 門 形 儀 復 當 演 
T20n1120A_001:0516b25	　初持鉤青色　　嚴麗處於間	 初 持 鉤 青 色 嚴 麗 處 於 間 
T20n1120A_001:0516b26	　南携索皆黃　　西執鎖尚赤	 南 携 索 皆 黃 西 執 鎖 尚 赤 
T20n1120A_001:0516b27	　其北名為磬　　具綠色冠鬘	 其 北 名 為 磬 具 綠 色 冠 鬘 
T20n1120A_001:0516b28	　祕契及真言　　復次今當設	 祕 契 及 真 言 復 次 今 當 設 
T20n1120A_001:0516b29	　二拳背應逼　　檀慧反相鉤	 二 拳 背 應 逼 檀 慧 反 相 鉤 
T20n1120A_001:0516c01	　進力皆極舒　　又稍屈進度	 進 力 皆 極 舒 又 稍 屈 進 度 
T20n1120A_001:0516c02	　微招是鉤契　　其明如後稱	 微 招 是 鉤 契 其 明 如 後 稱 
T20n1120A_001:0516c04	嚩　日[口*朗](二合引)　矩　勢(一)　弱	嚩 日 [口朗] 二 合 引 矩 勢 一 弱 
T20n1120A_001:0516c05	　前印進力交　　反以頭相拄	 前 印 進 力 交 反 以 頭 相 拄 
T20n1120A_001:0516c06	　其中如環索　　稱誦後真言	 其 中 如 環 索 稱 誦 後 真 言 
T20n1120A_001:0516c08	嚩　日囉(二合)　播　勢(一)　[合*牛](二)	嚩 日 囉 二 合 播 勢 一 [合牛] 二 
T20n1120A_001:0516c09	　改進力相鉤　　開拳背交辟	 改 進 力 相 鉤 開 拳 背 交 辟 
T20n1120A_001:0516c10	　遂名鎖契成　　密言如是稱	 遂 名 鎖 契 成 密 言 如 是 稱 
T20n1120A_001:0516c12	嚩　日囉(二合)　餉　迦　麗(一)　[牟*含](牟感反)(二)	嚩 日 囉 二 合 餉 迦 麗 一 [牟含] 牟 感 反 二 
T20n1120A_001:0516c13	　如鎖背相著　　動搖磬明曰	 如 鎖 背 相 著 動 搖 磬 明 曰 
T20n1120A_001:0516c15	嚩　日囉(二合)　健　[齒*來](一)　斛(二)	嚩 日 囉 二 合 健 [齒來] 一 斛 二 
T20n1120A_001:0516c16	　大聖所嚴飾　　華座及衣服	 大 聖 所 嚴 飾 華 座 及 衣 服 
T20n1120A_001:0516c17	　并餘見前尊　　其色隨身相	 并 餘 見 前 尊 其 色 隨 身 相 
T20n1120A_001:0516c18	　殊形具眾德　　首戴五佛冠	 殊 形 具 眾 德 首 戴 五 佛 冠 
T20n1120A_001:0516c19	　將建漫茶羅　　諸位先存想	 將 建 漫 茶 羅 諸 位 先 存 想 
T20n1120A_001:0516c20	　月輪圓明現　　其中觀念之	 月 輪 圓 明 現 其 中 觀 念 之 
T20n1120A_001:0516c21	　半加面本尊　　適悅目瞻仰	 半 加 面 本 尊 適 悅 目 瞻 仰 
T20n1120A_001:0516c22	　又宣三昧印　　本尊前所陳	 又 宣 三 昧 印 本 尊 前 所 陳 
T20n1120A_001:0516c23	　彼契及真言　　如儀勿差謬	 彼 契 及 真 言 如 儀 勿 差 謬 
T20n1120A_001:0516c24	　餘尊次當設　　亦眼箭為初	 餘 尊 次 當 設 亦 眼 箭 為 初 
T20n1120A_001:0516c25	　准前所護身　　大樂隨心印	 准 前 所 護 身 大 樂 隨 心 印 
T20n1120A_001:0516c26	　極屈其進力　　初分背相著	 極 屈 其 進 力 初 分 背 相 著 
T20n1120A_001:0516c27	　禪智並押之　　契相當成就	 禪 智 並 押 之 契 相 當 成 就 
T20n1120A_001:0516c28	　以禪押於智　　深交印乃成	 以 禪 押 於 智 深 交 印 乃 成 
T20n1120A_001:0516c29	　名計里計羅　　次陳摩竭相	 名 計 里 計 羅 次 陳 摩 竭 相 
T20n1120A_001:0517a01	　進鉤於願度　　力掘其智端	 進 鉤 於 願 度 力 掘 其 智 端 
T20n1120A_001:0517a02	　戒方舒成針　　檀慧合而直	 戒 方 舒 成 針 檀 慧 合 而 直 
T20n1120A_001:0517a03	　禪智自相並　　各押進力傍	 禪 智 自 相 並 各 押 進 力 傍 
T20n1120A_001:0517a04	　愛契相已成　　不改次前印	 愛 契 相 已 成 不 改 次 前 印 
T20n1120A_001:0517a05	　從外觸其股　　先右左亦然	 從 外 觸 其 股 先 右 左 亦 然 
T20n1120A_001:0517a06	　內供養又明　　側綟金剛掌	 內 供 養 又 明 側 綟 金 剛 掌 
T20n1120A_001:0517a07	　上擲為華印　　下散成燒香	 上 擲 為 華 印 下 散 成 燒 香 
T20n1120A_001:0517a08	　禪智逼為燈　　塗香依胸啟	 禪 智 逼 為 燈 塗 香 依 胸 啟 
T20n1120A_001:0517a09	　喜戲旋轉禮　　笑契近口傍	 喜 戲 旋 轉 禮 笑 契 近 口 傍 
T20n1120A_001:0517a10	　自檀慧徐開　　又結其歌印	 自 檀 慧 徐 開 又 結 其 歌 印 
T20n1120A_001:0517a11	　改力度微屈　　進虛撥於間	 改 力 度 微 屈 進 虛 撥 於 間 
T20n1120A_001:0517a12	　定羽佉吒迦　　慧作三幡相	 定 羽 佉 吒 迦 慧 作 三 幡 相 
T20n1120A_001:0517a13	　當心乃旋舞　　八供養已周	 當 心 乃 旋 舞 八 供 養 已 周 
T20n1120A_001:0517a14	　復結金剛縛　　改進度微屈	 復 結 金 剛 縛 改 進 度 微 屈 
T20n1120A_001:0517a15	　徐招是鉤契　　從縛索當生	 徐 招 是 鉤 契 從 縛 索 當 生 
T20n1120A_001:0517a16	　禪度智力間　　印成又為鎖	 禪 度 智 力 間 印 成 又 為 鎖 
T20n1120A_001:0517a17	　環進禪智力　　捻已便相鉤	 環 進 禪 智 力 捻 已 便 相 鉤 
T20n1120A_001:0517a18	　又作堅固縛　　禪智戒方下	 又 作 堅 固 縛 禪 智 戒 方 下 
T20n1120A_001:0517a19	　當胸遂搖動　　為磬四攝成	 當 胸 遂 搖 動 為 磬 四 攝 成 
T20n1120A_001:0517a20	　三昧耶真言　　同前羯磨句	 三 昧 耶 真 言 同 前 羯 磨 句 
T20n1120A_001:0517a21	　金剛薩埵位　　及行者所居	 金 剛 薩 埵 位 及 行 者 所 居 
T20n1120A_001:0517a22	　皆有十六尊　　圍遶端嚴住	 皆 有 十 六 尊 圍 遶 端 嚴 住 
T20n1120A_001:0517a23	　讚王如後述　　應當稱誦之	 讚 王 如 後 述 應 當 稱 誦 之 
T20n1120A_001:0517a25	薩　縛(引)　弩　囉(引)　伽　素(上)　佉　薩　怛莽(二合)　曩	薩 縛 引 弩 囉 引 伽 素 上 佉 薩 怛 莽 二 合 曩 
T20n1120A_001:0517a27	娑(去)(一)　怛梵(二合)　嚩　日囉(二合)　薩　怛縛(二合)　跋	娑 去 一 怛 梵 二 合 嚩 日 囉 二 合 薩 怛 縛 二 合 跋 
T20n1120A_001:0517a29	囉　莫　素(上)　囉　多(入)(二)　婆　嚩　冥　摩　訶　素(上)	囉 莫 素 上 囉 多 入 二 婆 嚩 冥 摩 訶 素 上 
T20n1120A_001:0517b02	佉　地哩(二合)　住　掣　野　諾(三)　鉢囉(二合)　底	佉 地 哩 二 合 住 掣 野 諾 三 鉢 囉 二 合 底 
T20n1120A_001:0517b04	跋　儞也(二合)　悉　[亭*夜]　者　攞　麌　鉢囉　曩　多(入)(四)	跋 儞 也 二 合 悉 [亭夜] 者 攞 麌 鉢 囉 曩 多 入 四 
T20n1120A_001:0517b06	　由此金剛歌　　大樂隨愛樂	 由 此 金 剛 歌 大 樂 隨 愛 樂 
T20n1120A_001:0517b07	　適悅皆堅固　　當得如意成	 適 悅 皆 堅 固 當 得 如 意 成 
T20n1120A_001:0517b08	　又誦次所陳　　最勝真實讚	 又 誦 次 所 陳 最 勝 真 實 讚 
T20n1120A_001:0517b09	　能纔稱念故　　速令悉地圓	 能 纔 稱 念 故 速 令 悉 地 圓 
T20n1120A_001:0517b11	摩　訶(引)　素(上)　佉(一)　摩　訶　囉(引)　伽(二)　摩　訶(引)	摩 訶 引 素 上 佉 一 摩 訶 囉 引 伽 二 摩 訶 引 
T20n1120A_001:0517b13	嚩　日囉(二合)(三)　摩　訶　馱　那(四)　摩　訶　[口*娘]　那(五)	嚩 日 囉 二 合 三 摩 訶 馱 那 四 摩 訶 [口娘] 那 五 
T20n1120A_001:0517b15	摩　訶　羯　摩(六)　嚩　日囉(二合)　薩　怛嚩(二合引)　[亭*夜]	摩 訶 羯 摩 六 嚩 日 囉 二 合 薩 怛 嚩 二 合 引 [亭夜] 
T20n1120A_001:0517b17	悉　駄　冥(七)	悉 駄 冥 七 
T20n1120A_001:0517b18	　次陳眼印相　　自大聖為先	 次 陳 眼 印 相 自 大 聖 為 先 
T20n1120A_001:0517b19	　餘各異觀瞻　　契名亦分別	 餘 各 異 觀 瞻 契 名 亦 分 別 
T20n1120A_001:0517b20	　行人復應以　　金剛眼視尊	 行 人 復 應 以 金 剛 眼 視 尊 
T20n1120A_001:0517b21	　大適悅金剛　　不空警悟印	 大 適 悅 金 剛 不 空 警 悟 印 
T20n1120A_001:0517b22	　當觀薩埵際　　兼興大染心	 當 觀 薩 埵 際 兼 興 大 染 心 
T20n1120A_001:0517b23	　由此印加持　　當速疾成就	 由 此 印 加 持 當 速 疾 成 就 
T20n1120A_001:0517b24	　慧作三幡相　　定羽佉吒迦	 慧 作 三 幡 相 定 羽 佉 吒 迦 
T20n1120A_001:0517b25	　如前當自心　　舞畢擲華勢	 如 前 當 自 心 舞 畢 擲 華 勢 
T20n1120A_001:0517b26	　目半開笑面　　瞻仰於本尊	 目 半 開 笑 面 瞻 仰 於 本 尊 
T20n1120A_001:0517b27	　大適意金剛　　不空箭印相	 大 適 意 金 剛 不 空 箭 印 相 
T20n1120A_001:0517b28	　法界體性智　　由此能住持	 法 界 體 性 智 由 此 能 住 持 
T20n1120A_001:0517b29	　大適悅目觀　　本尊聖者貌	 大 適 悅 目 觀 本 尊 聖 者 貌 
T20n1120A_001:0517c01	　大適悅視印　　少福者亦成	 大 適 悅 視 印 少 福 者 亦 成 
T20n1120A_001:0517c02	　速願盻為容　　加持大成就	 速 願 盻 為 容 加 持 大 成 就 
T20n1120A_001:0517c03	　復當令現證　　超勝外道流	 復 當 令 現 證 超 勝 外 道 流 
T20n1120A_001:0517c04	　大適悅金剛　　幢幡莊嚴印	 大 適 悅 金 剛 幢 幡 莊 嚴 印 
T20n1120A_001:0517c05	　揚眸徐顧眄　　定作佉吒迦	 揚 眸 徐 顧 眄 定 作 佉 吒 迦 
T20n1120A_001:0517c06	　慧當結三幡　　如前旋舞相	 慧 當 結 三 幡 如 前 旋 舞 相 
T20n1120A_001:0517c07	　亦作擲華勢　　其名禮印成	 亦 作 擲 華 勢 其 名 禮 印 成 
T20n1120A_001:0517c08	　三界諸人天　　恭敬當供養	 三 界 諸 人 天 恭 敬 當 供 養 
T20n1120A_001:0517c09	　次前五種視　　本尊[合*牛]字明	 次 前 五 種 視 本 尊 [合牛] 字 明 
T20n1120A_001:0517c10	　金願慢印并　　餘皆羯磨契	 金 願 慢 印 并 餘 皆 羯 磨 契 
T20n1120A_001:0517c11	　各誦真言句　　如前無復殊	 各 誦 真 言 句 如 前 無 復 殊 
T20n1120A_001:0517c12	　大聖所成身　　法界體性智	 大 聖 所 成 身 法 界 體 性 智 
T20n1120A_001:0517c13	　如前貪染顧　　圓寂令覩之	 如 前 貪 染 顧 圓 寂 令 覩 之 
T20n1120A_001:0517c14	　又以眼少開　　其睫當瞤動	 又 以 眼 少 開 其 睫 當 瞤 動 
T20n1120A_001:0517c15	　彼名曰明視　　用此請本尊	 彼 名 曰 明 視 用 此 請 本 尊 
T20n1120A_001:0517c16	　遍入己體中　　身心愛染想	 遍 入 己 體 中 身 心 愛 染 想 
T20n1120A_001:0517c17	　奉事於聖者　　印力契真如	 奉 事 於 聖 者 印 力 契 真 如 
T20n1120A_001:0517c18	　智自性皆達　　薩埵因之住	 智 自 性 皆 達 薩 埵 因 之 住 
T20n1120A_001:0517c19	　今修此方便　　故我當證成	 今 修 此 方 便 故 我 當 證 成 
T20n1120A_001:0517c20	　依教供養周　　次用辟除印	 依 教 供 養 周 次 用 辟 除 印 
T20n1120A_001:0517c21	　金剛熾盛日　　三昧耶為名	 金 剛 熾 盛 日 三 昧 耶 為 名 
T20n1120A_001:0517c22	　二羽內相叉　　八度互著掌	 二 羽 內 相 叉 八 度 互 著 掌 
T20n1120A_001:0517c23	　舒禪智面合　　如杵乃虛拳	 舒 禪 智 面 合 如 杵 乃 虛 拳 
T20n1120A_001:0517c24	　左轉能辟魔　　右旋遍結界	 左 轉 能 辟 魔 右 旋 遍 結 界 
T20n1120A_001:0517c25	　吽聲若雷震　　隨意為提防	 吽 聲 若 雷 震 隨 意 為 提 防 
T20n1120A_001:0517c26	　自勝解思惟　　一切虛空界	 自 勝 解 思 惟 一 切 虛 空 界 
T20n1120A_001:0517c27	　塗香燈飲食　　華鬘及燒香	 塗 香 燈 飲 食 華 鬘 及 燒 香 
T20n1120A_001:0517c28	　衣服蓋幢幡　　扇拂歌寶鐸	 衣 服 蓋 幢 幡 扇 拂 歌 寶 鐸 
T20n1120A_001:0517c29	　妙舞并宮殿　　殊勝供養儀	 妙 舞 并 宮 殿 殊 勝 供 養 儀 
T20n1120A_001:0518a01	　我今變化成　　眾聖皆受用	 我 今 變 化 成 眾 聖 皆 受 用 
T20n1120A_001:0518a02	　如前唵字句　　稱誦運想之	 如 前 唵 字 句 稱 誦 運 想 之 
T20n1120A_001:0518a03	　不瞬微笑容　　堅固愛樂意	 不 瞬 微 笑 容 堅 固 愛 樂 意 
T20n1120A_001:0518a04	　久觀聖者體　　金剛眼乃成	 久 觀 聖 者 體 金 剛 眼 乃 成 
T20n1120A_001:0518a05	　本尊大印陳　　薩埵三摩地	 本 尊 大 印 陳 薩 埵 三 摩 地 
T20n1120A_001:0518a06	　脣齒應俱合　　金剛語離聲	 脣 齒 應 俱 合 金 剛 語 離 聲 
T20n1120A_001:0518a07	　不大動舌端　　能成諸教法	 不 大 動 舌 端 能 成 諸 教 法 
T20n1120A_001:0518a08	　方欲止息除　　復想供養儀	 方 欲 止 息 除 復 想 供 養 儀 
T20n1120A_001:0518a09	　并稱唵字明　　如前當奉獻	 并 稱 唵 字 明 如 前 當 奉 獻 
T20n1120A_001:0518a10	　一百八名讚　　次當稱誦之	 一 百 八 名 讚 次 當 稱 誦 之 
T20n1120A_001:0518a12	跋　囉　摩　[亭*夜](一)　摩　訶　薩　怛嚩(二合)(二)　摩　訶	跋 囉 摩 [亭夜] 一 摩 訶 薩 怛 嚩 二 合 二 摩 訶 
T20n1120A_001:0518a14	囉　多(三)　摩　訶　囉　底(四)　娑　滿　多　婆　娜囉(二合)(五)	囉 多 三 摩 訶 囉 底 四 娑 滿 多 婆 娜 囉 二 合 五 
T20n1120A_001:0518a16	薩　嚩(引)　怛摩(二合)(六)　嚩　日囉(二合)　蘗　磨(七)	薩 嚩 引 怛 摩 二 合 六 嚩 日 囉 二 合 蘗 磨 七 
T20n1120A_001:0518a18	跋　諦　跋　諦(八)　質　多　薩　怛嚩(二合)(九)　娑	跋 諦 跋 諦 八 質 多 薩 怛 嚩 二 合 九 娑 
T20n1120A_001:0518a20	磨　[亭*夜]　仡囉(二合)(十)　嚩　日囉(二合)　嚩　日囉(二合)(十一)	磨 [亭夜] 仡 囉 二 合 十 嚩 日 囉 二 合 嚩 日 囉 二 合 十 一 
T20n1120A_001:0518a22	摩　訶　馱　那(十二)　娑　滿　多　婆　娜囉(二合)(十三)	摩 訶 馱 那 十 二 娑 滿 多 婆 娜 囉 二 合 十 三 
T20n1120A_001:0518a24	折　哩野(引二合)　仡囉(二合)(十四)　魔　囉　魔　囉(十五)	折 哩 野 引 二 合 仡 囉 二 合 十 四 魔 囉 魔 囉 十 五 
T20n1120A_001:0518a26	鉢羅(二合)　末　娜　迦(十六)　薩　嚩　菩　提(十七)　摩	鉢 羅 二 合 末 娜 迦 十 六 薩 嚩 菩 提 十 七 摩 
T20n1120A_001:0518a28	訶　勃　馱(十八)　勃　馱　勃　馱(引)　仡囉(二合)(十九)	訶 勃 馱 十 八 勃 馱 勃 馱 引 仡 囉 二 合 十 九 
T20n1120A_001:0518a30	惹　摩　惹(二十)　嚩　日囉(二合)　吽(短)　迦(引)　囉(二十一)	惹 摩 惹 二 十 嚩 日 囉 二 合 吽 短 迦 引 囉 二 十 一 
T20n1120A_001:0518b02	吽(短)　迦　囉(二十二)　路　計　濕嚩(二合)　囉(二十三)	吽 短 迦 囉 二 十 二 路 計 濕 嚩 二 合 囉 二 十 三 
T20n1120A_001:0518b04	摩　尼　鉢囉(二合)　娜(二十四)　摩　訶　囉(引)　伽(二十五)	摩 尼 鉢 囉 二 合 娜 二 十 四 摩 訶 囉 引 伽 二 十 五 
T20n1120A_001:0518b06	摩　訶　掃　佉野(二合)(二十六)　迦　摩　目　佉叉(二合)(二十七)	摩 訶 掃 佉 野 二 合 二 十 六 迦 摩 目 佉 叉 二 合 二 十 七 
T20n1120A_001:0518b08	摩　訶　馱　那(二十八)　怛哩(二合)　迦(引)　攞(二十九)	摩 訶 馱 那 二 十 八 怛 哩 二 合 迦 引 攞 二 十 九 
T20n1120A_001:0518b10	悉怛哩(三合)　婆　嚩(三十)　悉怛哩野(四合)　	悉 怛 哩 三 合 婆 嚩 三 十 悉 怛 哩 野 四 合 
T20n1120A_001:0518b12	仡囉野(三合)(三十一)　怛哩(二合)　路　迦(引)　仡囉(二合)(三十二)	仡 囉 野 三 合 三 十 一 怛 哩 二 合 路 迦 引 仡 囉 二 合 三 十 二 
T20n1120A_001:0518b14	怛哩(二合)　馱(引)　覩　迦(三十三)　薩他(引二合)　嚩　囉(三十四)	怛 哩 二 合 馱 引 覩 迦 三 十 三 薩 他 引 二 合 嚩 囉 三 十 四 
T20n1120A_001:0518b16	鉢囉(二合)　婆　嚩　微野(二合)　訖多(二合)(三十五)　蘇(上)	鉢 囉 二 合 婆 嚩 微 野 二 合 訖 多 二 合 三 十 五 蘇 上 
T20n1120A_001:0518b18	素　佶叉摩(三合)(三十六)　薩吐(二合)　攞　散　者	素 佶 叉 摩 三 合 三 十 六 薩 吐 二 合 攞 散 者 
T20n1120A_001:0518b20	焰(三十七)　讓　伽　摩　鉢囉(二合)　嚩　囉(三十八)　鉢囉(二合引)	焰 三 十 七 讓 伽 摩 鉢 囉 二 合 嚩 囉 三 十 八 鉢 囉 二 合 引 
T20n1120A_001:0518b22	跛諦(二合)　婆　嚩(三十九)　娑(引)　伽　囉　戍　馱	跛 諦 二 合 婆 嚩 三 十 九 娑 引 伽 囉 戍 馱 
T20n1120A_001:0518b24	那(四十)　婀　那(引)　地　儞　馱　那(引)　典　多　建	那 四 十 婀 那 引 地 儞 馱 那 引 典 多 建 
T20n1120A_001:0518b26	多(四十一)　鉢囉(引)　迦(半音三合)　薩　嚩　摩　悉體(二合)　多(入)(四十二)	多 四 十 一 鉢 囉 引 迦 半 音 三 合 薩 嚩 摩 悉 體 二 合 多 入 四 十 二 
T20n1120A_001:0518b28	纈哩(二合)　多畝(二合)　娜囉(二合)(四十三)　瑜	纈 哩 二 合 多 畝 二 合 娜 囉 二 合 四 十 三 瑜 
T20n1120A_001:0518c02	伽　三　昧　藥(四十四)　多　怛嚩(二合)　薩　多野(二合)(四十五)	伽 三 昧 藥 四 十 四 多 怛 嚩 二 合 薩 多 野 二 合 四 十 五 
T20n1120A_001:0518c04	摩　訶(引)　摩　郝(四十六)　多　他(引)　伽　多(四十七)	摩 訶 引 摩 郝 四 十 六 多 他 引 伽 多 四 十 七 
T20n1120A_001:0518c06	摩　訶(引)　悉　駄(四十八)　達　摩　羯　磨(四十九)　摩	摩 訶 引 悉 駄 四 十 八 達 摩 羯 磨 四 十 九 摩 
T20n1120A_001:0518c08	訶　勃　馱(五十)　娑　達　摩　娑　多羯(二合)　摩	訶 勃 馱 五 十 娑 達 摩 娑 多 羯 二 合 摩 
T20n1120A_001:0518c10	跋　他(五十一)　菩　提　質　多(五十二)　素(上)　慕　馱　迦(五十三)	跋 他 五 十 一 菩 提 質 多 五 十 二 素 上 慕 馱 迦 五 十 三 
T20n1120A_001:0518c12	嚩　日囉(二合)　矩嚕(二合)　馱(五十四)　摩　訶　矩嚕(二合)	嚩 日 囉 二 合 矩 嚕 二 合 馱 五 十 四 摩 訶 矩 嚕 二 合 
T20n1120A_001:0519a02	馱(五十五)　入嚩(二合)　邏　鉢囉(二合)　攞	馱 五 十 五 入 嚩 二 合 邏 鉢 囉 二 合 攞 
T20n1120A_001:0519a04	野　那　摩　脚(五十六)　摩　訶　微　那　野(五十七)　弩	野 那 摩 脚 五 十 六 摩 訶 微 那 野 五 十 七 弩 
T20n1120A_001:0519a06	瑟吒(二合引)　仡囉(二合)(五十八)　嚕　娜囉(二合)　嘮　娜囉(二合)(五十九)	瑟 吒 二 合 引 仡 囉 二 合 五 十 八 嚕 娜 囉 二 合 嘮 娜 囉 二 合 五 十 九 
T20n1120A_001:0519a08	佶叉(二合)　孕　迦　囉(入)(六十)　薩　嚩　戍	佶 叉 二 合 孕 迦 囉 入 六 十 薩 嚩 戍 
T20n1120A_001:0519a10	地(六十一)　摩　訶(引)　跋　娜摩(二合)(六十二)　鉢囉(二合)　仡乳(二合)	地 六 十 一 摩 訶 引 跋 娜 摩 二 合 六 十 二 鉢 囉 二 合 仡 乳 二 合 
T20n1120A_001:0519a12	播　野(六十三)　摩　訶　那　野(六十四)　囉	播 野 六 十 三 摩 訶 那 野 六 十 四 囉 
T20n1120A_001:0519a14	伽　戍　地(六十五)　娑　摩　[亭*也]　仡囉(二合)(六十六)　尾	伽 戍 地 六 十 五 娑 摩 [亭也] 仡 囉 二 合 六 十 六 尾 
T20n1120A_001:0519a16	濕嚩(二合)　囉(引)　伽(六十七)　摩　醯　濕嚩(二合)　囉(六十八)	濕 嚩 二 合 囉 引 伽 六 十 七 摩 醯 濕 嚩 二 合 囉 六 十 八 
T20n1120A_001:0519a18	阿(去)　迦(去)　舍　難　多野(二合)(六十九)　儞　覩	阿 去 迦 去 舍 難 多 野 二 合 六 十 九 儞 覩 
T20n1120A_001:0519a20	吠(七十)　薩　嚩　勃　馱(七十一)　摩　訶　攞　野(七十二)	吠 七 十 薩 嚩 勃 馱 七 十 一 摩 訶 攞 野 七 十 二 
T20n1120A_001:0519a22	尾　部　底　室唎(七十三)(二合)　尾　慕　囉　惹(引)(七十四)(上)　薩	尾 部 底 室 唎 七 十 三 二 合 尾 慕 囉 惹 引 七 十 四 上 薩 
T20n1120A_001:0519a24	嚩(引)　舍(七十五)　跋　哩　布　囉　脚(七十六)　曩　麼	嚩 引 舍 七 十 五 跋 哩 布 囉 脚 七 十 六 曩 麼 
T20n1120A_001:0519a26	悉諦(二合)　悉覩(二合)(七十七)　曩　麼　悉諦(二合)　悉覩(二合)(七十八)	悉 諦 二 合 悉 覩 二 合 七 十 七 曩 麼 悉 諦 二 合 悉 覩 二 合 七 十 八 
T20n1120A_001:0519a28	曩　麼　悉諦(二合)　悉覩(二合)(七十九)　曩	曩 麼 悉 諦 二 合 悉 覩 二 合 七 十 九 曩 
T20n1120A_001:0519b02	牟　曩　莫(八十)　部　仡覩(二合)　恨　怛梵(二合)(八十一)	牟 曩 莫 八 十 部 仡 覩 二 合 恨 怛 梵 二 合 八 十 一 
T20n1120A_001:0519b04	鉢囉(二合)　跋　[亭*夜](引)　冥(八十二)　嚩　日囉(二合)　薩	鉢 囉 二 合 跋 [亭夜] 引 冥 八 十 二 嚩 日 囉 二 合 薩 
T20n1120A_001:0519b06	怛嚩(二合引)　[亭*夜](八十三)　悉　馱　滿(八十四)	怛 嚩 二 合 引 [亭夜] 八 十 三 悉 馱 滿 八 十 四 
T20n1120A_001:0519b07	　若持此讚王　　金剛法語誦	 若 持 此 讚 王 金 剛 法 語 誦 
T20n1120A_001:0519b08	　所樂當成就　　速疾無與倫	 所 樂 當 成 就 速 疾 無 與 倫 
T20n1120A_001:0519b09	　每日應及時　　稱已離諸罪	 每 日 應 及 時 稱 已 離 諸 罪 
T20n1120A_001:0519b10	　常脫一切苦　　淨土當現前	 常 脫 一 切 苦 淨 土 當 現 前 
T20n1120A_001:0519b11	　纔誦眾福圓　　增吉祥明盛	 纔 誦 眾 福 圓 增 吉 祥 明 盛 
T20n1120A_001:0519b12	　復陳閼伽契　　側印於器端	 復 陳 閼 伽 契 側 印 於 器 端 
T20n1120A_001:0519b13	　首應亦隨傾　　想禮稱唵句	 首 應 亦 隨 傾 想 禮 稱 唵 句 
T20n1120A_001:0519b14	　捧獻如儀則　　誦其本真言	 捧 獻 如 儀 則 誦 其 本 真 言 
T20n1120A_001:0519b15	　發願畢結前　　金剛熾盛日	 發 願 畢 結 前 金 剛 熾 盛 日 
T20n1120A_001:0519b16	　左旋想解界　　又作堅固縛	 左 旋 想 解 界 又 作 堅 固 縛 
T20n1120A_001:0519b17	　忍願竪成針　　當心誦明曰	 忍 願 竪 成 針 當 心 誦 明 曰 
T20n1120A_001:0519b19	唵(一)　訖哩(二合)　覩嚩(入)(二)　薩　嚩　薩　怛嚩(二合引)	唵 一 訖 哩 二 合 覩 嚩 入 二 薩 嚩 薩 怛 嚩 二 合 引 
T20n1120A_001:0519b21	囉託(二合)(三)　悉　地　囉娜(二合)　多(四)　野　他(引)　弩	囉 託 二 合 三 悉 地 囉 娜 二 合 多 四 野 他 引 弩 
T20n1120A_001:0519b23	伽(引)　伽　車(上)　馱梵(二合)(五)　勃　馱　微　沙　焰(六)	伽 引 伽 車 上 馱 梵 二 合 五 勃 馱 微 沙 焰 六 
T20n1120A_001:0519b25	補　那　囉(引)　伽　摩　那　野　覩(七)　唵(八)　嚩	補 那 囉 引 伽 摩 那 野 覩 七 唵 八 嚩 
T20n1120A_001:0519b27	日囉(二合)(九)　薩　怛嚩　穆(十)	日 囉 二 合 九 薩 怛 嚩 穆 十 
T20n1120A_001:0519b28	　句畢近額上　　自鋒乃徐開	 句 畢 近 額 上 自 鋒 乃 徐 開 
T20n1120A_001:0519b29	　想眾聖還宮　　護身隨所適	 想 眾 聖 還 宮 護 身 隨 所 適 
T20n1120A_001:0519c01	　欲求先行者　　四時處道場	 欲 求 先 行 者 四 時 處 道 場 
T20n1120A_001:0519c02	　誦滿一洛叉　　次晝夜持念	 誦 滿 一 洛 叉 次 晝 夜 持 念 
T20n1120A_001:0519c03	　諸尊當覆護　　然加行精勤	 諸 尊 當 覆 護 然 加 行 精 勤 
T20n1120A_001:0519c04	　又演念誦門　　四威儀修習	 又 演 念 誦 門 四 威 儀 修 習 
T20n1120A_001:0519c05	　如前願拔濟　　無餘界有情	 如 前 願 拔 濟 無 餘 界 有 情 
T20n1120A_001:0519c06	　亦誦初所陳　　菩提心密語	 亦 誦 初 所 陳 菩 提 心 密 語 
T20n1120A_001:0519c07	　又當稱婀字　　用妙適悅言	 又 當 稱 婀 字 用 妙 適 悅 言 
T20n1120A_001:0519c08	　了諸法不生　　如初住空觀	 了 諸 法 不 生 如 初 住 空 觀 
T20n1120A_001:0519c09	　圓明五鋒杵　　及成就己身	 圓 明 五 鋒 杵 及 成 就 己 身 
T20n1120A_001:0519c10	　同薩埵真儀　　分明諦觀想	 同 薩 埵 真 儀 分 明 諦 觀 想 
T20n1120A_001:0519c11	　半跏右押左　　金剛掌遂合	 半 跏 右 押 左 金 剛 掌 遂 合 
T20n1120A_001:0519c12	　堅固縛又陳　　開心遍入印	 堅 固 縛 又 陳 開 心 遍 入 印 
T20n1120A_001:0520a01	　三昧拳亦爾　　金剛慢印旋	 三 昧 拳 亦 爾 金 剛 慢 印 旋 
T20n1120A_001:0520a02	　五佛印寶冠　　繫鬘垂帶想	 五 佛 印 寶 冠 繫 鬘 垂 帶 想 
T20n1120A_001:0520a03	　參差當拍掌　　三昧契護持	 參 差 當 拍 掌 三 昧 契 護 持 
T20n1120A_001:0520a04	　又此印請尊　　降於己身內	 又 此 印 請 尊 降 於 己 身 內 
T20n1120A_001:0520a05	　八供養雲集　　如前安立之	 八 供 養 雲 集 如 前 安 立 之 
T20n1120A_001:0520a06	　皆依於大空　　布位當觀念	 皆 依 於 大 空 布 位 當 觀 念 
T20n1120A_001:0520a07	　分明羅列已　　金剛慢契陳	 分 明 羅 列 已 金 剛 慢 契 陳 
T20n1120A_001:0520a08	　其餘供養尊　　皆用羯磨印	 其 餘 供 養 尊 皆 用 羯 磨 印 
T20n1120A_001:0520a09	　今但標契號　　其相前所申	 今 但 標 契 號 其 相 前 所 申 
T20n1120A_001:0520a10	　皆誦本真言　　并運心供養	 皆 誦 本 真 言 并 運 心 供 養 
T20n1120A_001:0520a11	　觀身色空已　　是真覩本尊	 觀 身 色 空 已 是 真 覩 本 尊 
T20n1120A_001:0520a12	　如斯勝解之　　決定無疑惑	 如 斯 勝 解 之 決 定 無 疑 惑 
T20n1120A_001:0520a13	　因緣有情類　　悟本皆成空	 因 緣 有 情 類 悟 本 皆 成 空 
T20n1120A_001:0520a14	　復建同尊儀　　如是瑜伽住	 復 建 同 尊 儀 如 是 瑜 伽 住 
T20n1120A_001:0520a15	　凡遇莊嚴事　　悅意殊特流	 凡 遇 莊 嚴 事 悅 意 殊 特 流 
T20n1120A_001:0520a16	　泯彼皆觀空　　復次再安立	 泯 彼 皆 觀 空 復 次 再 安 立 
T20n1120A_001:0520a17	　皆成清淨已　　想供養本尊	 皆 成 清 淨 已 想 供 養 本 尊 
T20n1120A_001:0520a18	　并稱唵字明　　同普賢受用	 并 稱 唵 字 明 同 普 賢 受 用 
T20n1120A_001:0520a19	　又陳先行法　　隨處而修習	 又 陳 先 行 法 隨 處 而 修 習 
T20n1120A_001:0520a20	　數滿一洛叉　　如前晝夜誦	 數 滿 一 洛 叉 如 前 晝 夜 誦 
T20n1120A_001:0520a21	　若專精一月　　兩月或半月	 若 專 精 一 月 兩 月 或 半 月 
T20n1120A_001:0520a22	　警相當現前　　隨意求成就	 警 相 當 現 前 隨 意 求 成 就 
T20n1120A_001:0520a23	　樂登種佛位　　菩薩及本尊	 樂 登 種 佛 位 菩 薩 及 本 尊 
T20n1120A_001:0520a24	　信已即彼身　　纔決定便證	 信 已 即 彼 身 纔 決 定 便 證 
T20n1120A_001:0520a25	　雖障重懶惰　　此生速獲之	 雖 障 重 懶 惰 此 生 速 獲 之 
T20n1120A_001:0520a26	　大樂微妙門　　仁者應尊奉	 大 樂 微 妙 門 仁 者 應 尊 奉 
