X60n1131_001:0702b06	比丘受戒錄	比 丘 受 戒 錄 
X60n1131_001:0702b08	鼎湖山沙門　弘贊在犙　述	鼎 湖 山 沙 門 弘 贊 在 犙 述 
X60n1131_001:0702b09	恭惟如來御世。觀眾生機。有上中下。故教設三乘。所	恭 惟 如 來 御 世 觀 眾 生 機 有 上 中 下 故 教 設 三 乘 所 
X60n1131_001:0702b10	謂菩薩。緣覺。聲聞也。乘雖分三。莫不以戒為定慧之	謂 菩 薩 緣 覺 聲 聞 也 乘 雖 分 三 莫 不 以 戒 為 定 慧 之 
X60n1131_001:0702b11	本。是故如來初坐菩提樹下。即為諸大心菩薩。傳誦	本 是 故 如 來 初 坐 菩提樹下 即 為 諸 大 心 菩 薩 傳 誦 
X60n1131_001:0702b12	盧舍那佛三聚淨戒。次至鹿苑。王城。為諸二乘。漸制	盧 舍 那 佛 三聚淨戒 次 至 鹿 苑 王 城 為 諸 二 乘 漸 制 
X60n1131_001:0702b13	五篇七聚。立十人僧。白四羯磨。授比丘具足戒。然佛	五 篇 七 聚 立 十 人 僧 白四羯磨 授 比 丘 具 足 戒 然 佛 
X60n1131_001:0702b14	初出世。邊地尠聞正法。出家五眾亦希。時迦旃延尊	初 出 世 邊 地 尠 聞 正 法 出 家 五 眾 亦 希 時 迦 旃 延 尊 
X60n1131_001:0702b15	者。居西天竺阿槃提國。彼有長者子名億耳。出家。求	者 居 西 天 竺 阿 槃 提 國 彼 有 長 者 子 名 億 耳 出 家 求 
X60n1131_001:0702b16	尊者為受具戒。而彼國無十人僧。不得受具。彼馳往	尊 者 為 受 具 戒 而 彼 國 無 十 人 僧 不 得 受 具 彼 馳 往 
X60n1131_001:0702b17	白佛。佛聽邊地持律五人僧。得作羯磨受具。五人中	白 佛 佛 聽 邊 地 持 律 五 人 僧 得 作 羯 磨 受 具 五 人 中 
X60n1131_001:0702b18	須一人持律。善解羯磨。即以羯磨師為第五人。其教	須 一 人 持 律 善 解 羯 磨 即 以 羯 磨 師 為 第 五 人 其 教 
X60n1131_001:0702b19	授師。要閑軌範。餘證戒僧。必須清淨。方許為證明也。	授 師 要 閑 軌 範 餘 證 戒 僧 必 須 清 淨 方 許 為 證 明 也 
X60n1131_001:0702b20	所謂中邊者。中即中天竺。居東南西北四天竺之中	所 謂 中 邊 者 中 即 中 天 竺 居 東 南 西 北 四 天 竺 之 中 
X60n1131_001:0702b21	也。邊地者。中天竺東去至東際。有白木調國。國外是	也 邊 地 者 中 天 竺 東 去 至 東 際 有 白 木 調 國 國 外 是 
X60n1131_001:0702b22	邊地。南去至南際。有靖善塔。塔外是邊地。西去至西	邊 地 南 去 至 南 際 有 靖 善 塔 塔 外 是 邊 地 西 去 至 西 
X60n1131_001:0702b23	際。有一師黎仙人山。山外是邊地。北去至北際。有柱	際 有 一 師 黎 仙 人 山 山 外 是 邊 地 北 去 至 北 際 有 柱 
X60n1131_001:0702b24	國。國外是邊地。今此震旦。在白木調東。去天竺五萬	國 國 外 是 邊 地 今 此 震 旦 在 白 木 調 東 去 天 竺 五 萬 
X60n1131_001:0702c01	七千餘里。如來出世一千餘載。未聞佛法。至漢明帝	七 千 餘 里 如 來 出 世 一 千 餘 載 未 聞 佛 法 至 漢 明 帝 
X60n1131_001:0702c02	永平三年。帝感瑞夢。乃遣將軍蔡愔等。一十八人。使	永 平 三 年 帝 感 瑞 夢 乃 遣 將 軍 蔡 愔 等 一 十 八 人 使 
X60n1131_001:0702c03	西域訪求佛道。六年愔等。至月氏國。遇摩騰。法蘭。二	西 域 訪 求 佛 道 六 年 愔 等 至 月 氏 國 遇 摩 騰 法 蘭 二 
X60n1131_001:0702c04	法師。得梵本經六十萬言。相與東還。明帝大悅。由是	法 師 得 梵 本 經 六 十 萬 言 相 與 東 還 明 帝 大 悅 由 是 
X60n1131_001:0702c05	此方王臣士庶。漸知歸向。至十四年。司空陽城侯劉	此 方 王 臣 士 庶 漸 知 歸 向 至 十 四 年 司 空 陽 城 侯 劉 
X60n1131_001:0702c06	峻。與諸官人士庶等。一千餘人出家。陰夫人王婕妤	峻 與 諸 官 人 士 庶 等 一 千 餘 人 出 家 陰 夫 人 王 婕 妤 
X60n1131_001:0702c07	等。與宮婦女二百三十人出家。時二法師。與諸人出	等 與 宮 婦 女 二 百 三 十 人 出 家 時 二 法 師 與 諸 人 出 
X60n1131_001:0702c08	家。剃除鬚髮。著縵條衣。授與三歸五戒十戒而已。以	家 剃除鬚髮 著 縵 條 衣 授 與 三 歸 五 戒 十 戒 而 已 以 
X60n1131_001:0702c09	不得滿十人五人授具足戒。後至漢第十桓帝。一百	不 得 滿 十 人 五 人 授 具 足 戒 後 至 漢 第 十 桓 帝 一 百 
X60n1131_001:0702c10	餘年內。猶三歸五戒十戒。遞相傳授。至漢靈帝。建寧	餘 年 內 猶 三 歸 五 戒 十 戒 遞 相 傳 授 至 漢 靈 帝 建 寧 
X60n1131_001:0702c11	元年。有北天竺沙門五人。來到漢地。與僧受大戒。一	元 年 有 北 天 竺 沙 門 五 人 來 到 漢 地 與 僧 受 大 戒 一 
X60n1131_001:0702c12	名支法領。二名支謙。三名竺法護。四名竺道生。五名	名 支 法 領 二 名 支 謙 三 名 竺 法 護 四 名 竺 道 生 五 名 
X60n1131_001:0702c13	支婁讖。其時大律未有。支法領。口誦出戒本一卷。羯	支 婁 讖 其 時 大 律 未 有 支 法 領 口 誦 出 戒 本 一 卷 羯 
X60n1131_001:0702c14	磨一卷。在此流行。至魏初(邵陵厲公)嘉平二年。有中天竺	磨 一 卷 在 此 流 行 至 魏 初 邵 陵 厲 公 嘉 平 二 年 有 中 天 竺 
X60n1131_001:0702c15	沙門曇磨迦羅(此云法時)。善誦諸部毗尼。至雒陽。立羯磨	沙 門 曇 磨 迦 羅 此 云 法 時 善 誦 諸 部 毗 尼 至 雒 陽 立 羯 磨 
X60n1131_001:0702c16	受法。準用十僧。於是佛法大行震旦。為東夏受戒律	受 法 準 用 十 僧 於 是 佛 法 大 行 震 旦 為 東 夏 受 戒 律 
X60n1131_001:0702c17	之始也。後至前秦建元二年。天竺沙門曇磨持(此云法海)。	之 始 也 後 至 前 秦 建 元 二 年 天 竺 沙 門 曇 磨 持 此 云 法 海 
X60n1131_001:0702c18	譯出十誦戒本三部。建元十四年。竺法念。譯出毗柰	譯 出 十 誦 戒 本 三 部 建 元 十 四 年 竺 法 念 譯 出 毗 柰 
X60n1131_001:0702c19	耶律十卷。後秦姚興。弘始十年。天竺尊者卑摩羅叉。	耶 律 十 卷 後 秦 姚 興 弘 始 十 年 天 竺 尊 者 卑 摩 羅 叉 
X60n1131_001:0702c20	(此云無垢眼)來遊關左。闡揚毗尼。鳩摩羅什所譯十誦律	 此 云 無 垢 眼 來 遊 關 左 闡 揚 毗 尼 鳩 摩 羅 什 所 譯 十 誦 律 
X60n1131_001:0702c21	大行者。叉之力也。弘始十一年。有中天竺佛陀耶舍	大 行 者 叉 之 力 也 弘 始 十 一 年 有 中 天 竺 佛 陀 耶 舍 
X60n1131_001:0702c22	尊者至。譯出四分律藏。而關中先行僧祇。江南盛行	尊 者 至 譯 出 四 分 律 藏 而 關 中 先 行 僧 祇 江 南 盛 行 
X60n1131_001:0702c23	十誦。至元魏。法聰律師。始弘四分律宗。聰傳道覆。覆	十 誦 至 元 魏 法 聰 律 師 始 弘 四 分 律 宗 聰 傳 道 覆 覆 
X60n1131_001:0702c24	傳惠光。光傳雲暉願。願傳隱樂。洪雲。雲傳洪尊。尊傳	傳 惠 光 光 傳 雲 暉 願 願 傳 隱 樂 洪 雲 雲 傳 洪 尊 尊 傳 
X60n1131_001:0703a01	智首。首傳道宣。宣傳法勵。滿意。意傳法成。成傳大亮。	智 首 首 傳 道 宣 宣 傳 法 勵 滿 意 意 傳 法 成 成 傳 大 亮 
X60n1131_001:0703a02	道省。亮傳雲一。道岸。惠澄。澄傳惠欽。皆口相授受。臻	道 省 亮 傳 雲 一 道 岸 惠 澄 澄 傳 惠 欽 皆 口 相 授 受 臻 
X60n1131_001:0703a03	於壺奧。自此之後廣矣(詳載高僧傳中)。至宋元已來。代不乏	於 壺 奧 自 此 之 後 廣 矣 詳 載 高 僧 傳 中 至 宋 元 已 來 代 不 乏 
X60n1131_001:0703a04	人。元末明初。戒律稍異。明中諳律者已希。至明末時。	人 元 末 明 初 戒 律 稍 異 明 中 諳 律 者 已 希 至 明 末 時 
X60n1131_001:0703a05	律之一宗。掃地矣。余從受具來。閱大律藏。目不交睫	律 之 一 宗 掃 地 矣 余 從 受 具 來 閱 大 律 藏 目 不 交 睫 
X60n1131_001:0703a06	者數年。而不得其中宗趣。遂徧參諸方。以求明哲。而	者 數 年 而 不 得 其 中 宗 趣 遂 徧 參 諸 方 以 求 明 哲 而 
X60n1131_001:0703a07	無一習學毗尼者。經云。毗尼藏。是佛法壽命。毗尼藏	無 一 習 學 毗 尼 者 經 云 毗 尼 藏 是 佛 法 壽 命 毗 尼 藏 
X60n1131_001:0703a08	住。佛法亦住。余慮法不得久住。晝夜悲傷。不能自安。	住 佛 法 亦 住 余 慮 法 不 得 久 住 晝 夜 悲 傷 不 能 自 安 
X60n1131_001:0703a09	時余年三十有四。興往天竺之念。求請梵僧數人回	時 余 年 三 十 有 四 興 往 天 竺 之 念 求 請 梵 僧 數 人 回 
X60n1131_001:0703a10	震旦。再傳授戒法。俾戒燈熄而更著。壽命微而復續。	震 旦 再 傳 授 戒 法 俾 戒 燈 熄 而 更 著 壽 命 微 而 復 續 
X60n1131_001:0703a11	遂于甲申春。抵閩地。欲取海舶人夫。從閩濵泛一載	遂 于 甲 申 春 抵 閩 地 欲 取 海 舶 人 夫 從 閩 濵 泛 一 載 
X60n1131_001:0703a12	餘。至東天竺海隅。耽摩立底國。可六十餘驛。到中天	餘 至 東 天 竺 海 隅 耽 摩 立 底 國 可 六 十 餘 驛 到 中 天 
X60n1131_001:0703a13	竺那爛陀寺。不意時值滄桑。弗果所願。至今年過古	竺 那 爛 陀 寺 不 意 時 值 滄 桑 弗 果 所 願 至 今 年 過 古 
X60n1131_001:0703a14	稀。猶悵昔之無緣也。比見諸方叢席。與人授戒。不依	稀 猶 悵 昔 之 無 緣 也 比 見 諸 方 叢 席 與 人 授 戒 不 依 
X60n1131_001:0703a15	佛制。盡是非法別眾。非法者何。不知白四羯磨。惟抄	佛 制 盡 是 非 法 別 眾 非 法 者 何 不 知 白四羯磨 惟 抄 
X60n1131_001:0703a16	寫他人杜撰。閒文唱誦。或師自心所作。佛制受具者。	寫 他 人 杜 撰 閒 文 唱 誦 或 師 自 心 所 作 佛 制 受 具 者 
X60n1131_001:0703a17	至多。惟許三人同壇。若過即成非法。縱依羯磨。而誦	至 多 惟 許 三 人 同 壇 若 過 即 成 非 法 縱 依 羯 磨 而 誦 
X60n1131_001:0703a18	文生澀。事多舛謬。尚是非法。況杜撰者乎。別眾者何。	文 生 澀 事 多 舛 謬 尚 是 非 法 況 杜 撰 者 乎 別 眾 者 何 
X60n1131_001:0703a19	不知依律結大界。及戒場。既無戒場。即一人受具。同	不 知 依 律 結 大 界 及 戒 場 既 無 戒 場 即 一 人 受 具 同 
X60n1131_001:0703a20	住比丘。或百或千。盡要共集。與彼授具。有一比丘不	住 比 丘 或 百 或 千 盡 要 共 集 與 彼 授 具 有 一 比 丘 不 
X60n1131_001:0703a21	集。是名別眾。眾既獲罪。受者亦不得戒。而終身得假	集 是 名 別 眾 眾 既 獲 罪 受 者 亦 不 得 戒 而 終 身 得 假 
X60n1131_001:0703a22	名比丘。虗受信施。公然上座。受他禮拜。罪莫大焉。或	名 比 丘 虗 受 信 施 公 然 上 座 受 他 禮 拜 罪 莫 大 焉 或 
X60n1131_001:0703a23	在白衣沙彌前作羯磨。三十二十。同時一齊授之。大	在 白 衣 沙 彌 前 作 羯 磨 三 十 二 十 同 時 一 齊 授 之 大 
X60n1131_001:0703a24	違佛制。若不依佛言教。何名從佛口生。從法化生。世	違 佛 制 若 不 依 佛 言 教 何 名 從 佛 口 生 從 法 化 生 世 
X60n1131_001:0703b01	無二佛。法無二制。斯則非法為法。以訛傳訛。遞相踵	無 二 佛 法 無 二 制 斯 則 非 法 為 法 以 訛 傳 訛 遞 相 踵 
X60n1131_001:0703b02	習。不覺其非。誠為末法之滅法矣。然此。則關係法門	習 不 覺 其 非 誠 為 末 法 之 滅 法 矣 然 此 則 關 係 法 門 
X60n1131_001:0703b03	非小。若有如法受得戒者。自當保重。如護明珠。其住	非 小 若 有 如 法 受 得 戒 者 自 當 保 重 如 護 明 珠 其 住 
X60n1131_001:0703b04	持弘紹之賓。特宜遵木叉之教。依法。依律。依佛所制。	持 弘 紹 之 賓 特 宜 遵 木 叉 之 教 依 法 依 律 依 佛 所 制 
X60n1131_001:0703b05	俾戒珠朗于長夜。木叉固而永久。是為弘正法傳教	俾 戒 珠 朗 于 長 夜 木 叉 固 而 永 久 是 為 弘 正 法 傳 教 
X60n1131_001:0703b06	之大士焉(壇者。即是戒場。在大界內結。大小法式。如標釋如釋所明)。	之 大 士 焉 壇 者 即 是 戒 場 在 大 界 內 結 大 小 法 式 如 標 釋 如 釋 所 明 
X60n1131_001:0703b07	已上略序得戒緣由。向下錄得戒和尚。阿闍黎。臨壇	已 上 略 序 得 戒 緣 由 向 下 錄 得 戒 和 尚 阿 闍 黎 臨 壇 
X60n1131_001:0703b08	尊證僧伽。并記自生年。受戒年月日時。以識戒臘之	尊 證 僧 伽 并 記 自 生 年 受 戒 年 月 日 時 以 識 戒 臘 之 
X60n1131_001:0703b09	尊卑。并知作法之儀軌也。	尊 卑 并 知 作 法 之 儀 軌 也 
X60n1131_001:0703b10	比丘　　生　　　　年　月　　日　時　族姓&;	比 丘 生 年 月 日 時 族 姓 
X60n1131_001:0703b11	　　係　　　　府　　縣人於　　年　月&;	 係 府 縣 人 於 年 月 
X60n1131_001:0703b12	日禮　　師出家　　年　月　　日　時依&;	日 禮 師 出 家 年 月 日 時 依 
X60n1131_001:0703b13	和尚受沙彌戒於　　年　月　　日　時受&;	和 尚 受 沙 彌 戒 於 年 月 日 時 受 
X60n1131_001:0703b14	和尚具戒於　　年　月　　日　時受菩薩戒&;	和 尚 具 戒 於 年 月 日 時 受 菩 薩 戒 
X60n1131_001:0703b15	秉羯磨阿闍黎法名　　法號&;	秉 羯 磨 阿 闍 黎 法 名 法 號 
X60n1131_001:0703b16	教授師阿闍黎法名　　法號&;	教 授 師 阿 闍 黎 法 名 法 號 
X60n1131_001:0703b17	尊證僧伽　　　大德　　　大德　　　大德&;	尊 證 僧 伽 大 德 大 德 大 德 
X60n1131_001:0703b18	　　大德　　　大德　　　大德　　　大德&;	 大 德 大 德 大 德 大 德 
X60n1131_001:0703b19	作法略儀&;	作 法 略 儀 
X60n1131_001:0703b20	初受具足戒者。未能即閱大律藏。其和尚阿闍黎。當	初 受具足戒 者 未 能 即 閱 大 律 藏 其 和 尚 阿 闍 黎 當 
X60n1131_001:0703b21	與比丘戒本。令其熟讀。使知護持。毋致虧犯。及識布	與 比 丘 戒 本 令 其 熟 讀 使 知 護 持 毋 致 虧 犯 及 識 布 
X60n1131_001:0703b22	薩。結夏。受日。自恣。受衣。捨衣。淨施等法也。	薩 結 夏 受 日 自 恣 受 衣 捨 衣 淨 施 等 法 也 
X60n1131_001:0703b23	○布薩法	 布 薩 法 
X60n1131_001:0703b24	半月半月布薩說戒。下至有四比丘。即應令一人誦	半月半月 布 薩 說 戒 下 至 有 四 比 丘 即 應 令 一 人 誦 
X60n1131_001:0703c01	戒本。若不足四人。惟二三人。當對首布薩。除四根本	戒 本 若 不 足 四 人 惟 二 三 人 當 對 首 布 薩 除 四 根 本 
X60n1131_001:0703c02	戒。餘篇有犯者。依律。對清淨比丘懺悔已。然後布薩。	戒 餘 篇 有 犯 者 依 律 對 清 淨 比 丘 懺 悔 已 然 後 布 薩 
X60n1131_001:0703c03	○對首布薩法	 對 首 布 薩 法 
X60n1131_001:0703c04	至布薩日。若有三人。各各相向作法。露頂。脫履。合掌。	至 布 薩 日 若 有 三 人 各 各 相 向 作 法 露 頂 脫 履 合 掌 
X60n1131_001:0703c05	互跪。先上座作如是言。	互 跪 先 上 座 作如是言 
X60n1131_001:0703c06	二大德。一心念。今僧十(五四)日說戒。我某甲比丘清淨。	二 大 德 一 心 念 今 僧 十 五 四 日 說 戒 我 某 甲 比 丘 清 淨 
X60n1131_001:0703c07	(三說。後二亦如是說。若惟有二人。除上二字。即云大德。餘辭同上)。	 三 說 後 二 亦 如 是 說 若 惟 有 二 人 除 上 二 字 即 云 大 德 餘 辭 同 上 
X60n1131_001:0703c08	○心念布薩法	 心 念 布 薩 法 
X60n1131_001:0703c09	(若只自一人。應心口言)。	 若 只 自 一 人 應 心 口 言 
X60n1131_001:0703c10	今日眾僧十(五四)日說戒。我某甲比丘清淨(三說)。	今 日 眾 僧 十 五 四 日 說 戒 我 某 甲 比 丘 清 淨 三 說 
X60n1131_001:0703c11	(若不清淨。當預先向清淨者作法懺悔已。乃應清淨之法。若不清淨言清淨。復犯妄語罪)。	 若 不 清 淨 當 預 先 向 清 淨 者 作 法 懺 悔 已 乃 應 清 淨 之 法 若 不 清 淨 言 清 淨 復 犯 妄 語 罪 
X60n1131_001:0703c12	○對首安居法	 對 首 安 居 法 
X60n1131_001:0703c13	(前安居。四月十六日。應對一知法比丘。作如是言)。	 前 安 居 四 月 十 六 日 應 對 一 知 法 比 丘 作如是言 
X60n1131_001:0703c14	大德一心念。我某甲比丘。依某僧伽藍(若在村內。非僧住處。應云	大 德 一 心 念 我 某 甲 比 丘 依 某 僧 伽 藍 若 在 村 內 非 僧 住 處 應 云 
X60n1131_001:0703c15	某聚落。若在寺別房。應云某房)。前三月夏安居。房舍破。修治故(三說。彼應	某 聚 落 若 在 寺 別 房 應 云 某 房 前 三 月 夏 安 居 房 舍 破 修 治 故 三 說 彼 應 
X60n1131_001:0703c16	語云)好。(自答言)善(若非在僧伽藍安居。除下二句)。	語 云 好 自 答 言 善 若 非 在 僧 伽 藍 安 居 除 下 二 句 
X60n1131_001:0703c17	(若自有三寶緣事。或二師父母事。不及前安居。至五月十六日。結後安居。應云後三月。或結中安居。從四	 若 自 有 三 寶 緣 事 或 二 師 父 母 事 不 及 前 安 居 至 五 月 十 六 日 結 後 安 居 應 云 後 三 月 或 結 中 安 居 從 四 
X60n1131_001:0703c18	月十七日。至五月十五日。日日隨結。名中安居)。	月 十 七 日 至 五 月十五日 日 日 隨 結 名 中 安 居 
X60n1131_001:0703c19	○心念安居法	 心 念 安 居 法 
X60n1131_001:0703c20	(若無所依人對首作法。即自心念口言)。	 若 無 所 依 人 對 首 作 法 即 自 心 念 口 言 
X60n1131_001:0703c21	我某甲比丘。依某處。某房。前三月夏安居(三說)。	我 某 甲 比 丘 依 某 處 某 房 前 三 月 夏 安 居 三 說 
X60n1131_001:0703c22	○對首受日法	 對 首 受 日 法 
X60n1131_001:0703c23	(安居已。若有佛事僧事。或檀越父母等請喚。不及即日還。或須二日乃至七日還。應對一比丘言)。	 安 居 已 若 有 佛 事 僧 事 或 檀 越 父 母 等 請 喚 不 及 即 日 還 或 須 二 日 乃至七日 還 應 對 一 比 丘 言 
X60n1131_001:0703c24	大德一心念。我某甲比丘。受七日法出界外。為某事	大 德 一 心 念 我 某 甲 比 丘 受 七 日 法 出 界 外 為 某 事 
X60n1131_001:0704a01	故。還來此中安居。白大德令知(三說。不應為飲食衣服故去。若知前事不	故 還 來 此 中 安 居 白 大 德 令 知 三 說 不 應 為 飲 食 衣 服 故 去 若 知 前 事 不 
X60n1131_001:0704a02	及七日還。當從僧乞十日半月一月羯磨。而去)。	及 七 日 還 當 從 僧 乞 十 日 半 月 一 月 羯 磨 而 去 
X60n1131_001:0704a03	○在眾僧中自恣法	 在 眾 僧 中 自 恣 法 
X60n1131_001:0704a04	(凡有所犯。應先懺悔已。然後自恣。若住處下至有五比丘。當差一人受自恣。餘應偏袒右肩。脫履互跪合	 凡 有 所 犯 應 先 懺 悔 已 然 後 自 恣 若 住 處 下 至 有 五 比 丘 當 差 一 人 受 自 恣 餘 應 偏袒右肩 脫 履 互 跪 合 
X60n1131_001:0704a05	掌。對受自恣人。作如是言)。	掌 對 受 自 恣 人 作如是言 
X60n1131_001:0704a06	大德。眾僧今日自恣。我某甲比丘亦自恣。若有見聞	大 德 眾 僧 今 日 自 恣 我 某 甲 比 丘 亦 自 恣 若 有 見 聞 
X60n1131_001:0704a07	疑罪。願大德長老。哀愍故語我。我若見罪。當如法懺	疑 罪 願 大 德 長 老 哀 愍 故 語 我 我 若 見 罪 當 如 法 懺 
X60n1131_001:0704a08	悔(三說。若說錯忘。受自恣人。應一一授之)。	悔 三 說 若 說 錯 忘 受 自 恣 人 應 一 一 授 之 
X60n1131_001:0704a09	○對首自恣法	 對 首 自 恣 法 
X60n1131_001:0704a10	(若住處無五比丘。差受自恣者。四比丘應對首自恣。各各相向。作如是言)。	 若 住 處 無 五 比 丘 差 受 自 恣 者 四 比 丘 應 對 首 自 恣 各 各 相 向 作如是言 
X60n1131_001:0704a11	三大德一心念。今日眾僧自恣。我某甲比丘清淨。(三說	三 大 德 一 心 念 今 日 眾 僧 自 恣 我 某 甲 比 丘 清 淨 三 說 
X60n1131_001:0704a12	若有三人二人。亦準此法。惟改對首人數為異。若有犯不懺悔。即不應清淨法)。	若 有 三 人 二 人 亦 準 此 法 惟 改 對 首 人 數 為 異 若 有 犯 不 懺 悔 即 不 應 清 淨 法 
X60n1131_001:0704a13	○心念自恣法	 心 念 自 恣 法 
X60n1131_001:0704a14	(若住處只有自一人。應心念口言)。	 若 住 處 只 有 自 一 人 應 心 念 口 言 
X60n1131_001:0704a15	今日眾僧自恣。我某甲比丘清淨(三說)。	今 日 眾 僧 自 恣 我 某 甲 比 丘 清 淨 三 說 
X60n1131_001:0704a16	○受三衣法	 受 三 衣 法 
X60n1131_001:0704a17	(佛言。三衣應受持。若有衣不受持。得惡作罪。過十日。即犯捨墮。難懺悔。若疑當捨已。更受。若衣色紅。綠。青。	 佛 言 三 衣 應 受 持 若 有 衣 不 受 持 得 惡 作 罪 過 十 日 即 犯 捨 墮 難 懺 悔 若 疑 當 捨 已 更 受 若 衣 色 紅 綠 青 
X60n1131_001:0704a18	白。黑。及上色染者。並不成受。若得如法色衣。應受)。	白 黑 及 上 色 染 者 並 不 成 受 若 得 如 法 色 衣 應 受 
X60n1131_001:0704a19	○受安陀會衣法	 受 安 陀 會 衣 法 
X60n1131_001:0704a20	(安陀會。此云下著衣。應具威儀。對一比丘。或和尚阿闍黎。作如是言)。	 安 陀 會 此 云 下 著 衣 應 具 威 儀 對 一 比 丘 或 和 尚 阿 闍 黎 作如是言 
X60n1131_001:0704a21	大德一心念。我比丘某甲。此安陀會五條衣受。一長	大 德 一 心 念 我 比 丘 某 甲 此 安 陀 會 五 條 衣 受 一 長 
X60n1131_001:0704a22	一短割截衣持(三說。若是和尚。當稱和尚。若阿闍黎。當稱阿闍黎)。	一 短 割 截 衣 持 三 說 若 是 和 尚 當 稱 和 尚 若 阿 闍 黎 當 稱 阿 闍 黎 
X60n1131_001:0704a23	○受鬱多羅僧衣法	 受 鬱多羅僧衣 法 
X60n1131_001:0704a24	(鬱多羅僧。此云上著衣。應言)。	 鬱 多 羅 僧 此 云 上 著 衣 應 言 
X60n1131_001:0704b01	大德一心念。我比丘某甲。此鬱多羅僧七條衣受。兩	大 德 一 心 念 我 比 丘 某 甲 此 鬱 多 羅 僧 七 條 衣 受 兩 
X60n1131_001:0704b02	長一短。割截衣持(三說)。	長 一 短 割 截 衣 持 三 說 
X60n1131_001:0704b03	○受僧伽棃衣法	 受 僧 伽 棃 衣 法 
X60n1131_001:0704b04	(僧伽棃此云重複衣。應言)。	 僧 伽 棃 此 云 重 複 衣 應 言 
X60n1131_001:0704b05	大德一心念。我比丘某甲。是僧伽棃(若干)。條衣受(若干)。長	大 德 一 心 念 我 比 丘 某 甲 是 僧 伽 棃 若 干 條 衣 受 若 干 長 
X60n1131_001:0704b06	(若干)短。割截衣持(三說)。	 若 干 短 割 截 衣 持 三 說 
X60n1131_001:0704b07	○捨衣法	 捨 衣 法 
X60n1131_001:0704b08	(若有疑當捨已。更依前受法。受之。應作如是言)。	 若 有 疑 當 捨 已 更 依 前 受 法 受 之 應 作如是言 
X60n1131_001:0704b09	大德一心念。我比丘某甲。此僧伽棃。是我三衣數。先	大 德 一 心 念 我 比 丘 某 甲 此 僧 伽 棃 是 我 三 衣 數 先 
X60n1131_001:0704b10	受持今捨(一說。便止。餘二衣欲捨。準此)。	受 持 今 捨 一 說 便 止 餘 二 衣 欲 捨 準 此 
X60n1131_001:0704b11	○受尼師壇法	 受 尼 師 壇 法 
X60n1131_001:0704b12	大德一心念。我比丘某甲。此尼師壇。是我助身衣受。	大 德 一 心 念 我 比 丘 某 甲 此 尼 師 壇 是 我 助 身 衣 受 
X60n1131_001:0704b13	(三說。以用坐臥。非將禮拜)。	 三 說 以 用 坐 臥 非 將 禮 拜 
X60n1131_001:0704b14	○受鉢法	 受 鉢 法 
X60n1131_001:0704b15	大德一心念。我比丘某甲。此鉢多羅應量受。長用故。	大 德 一 心 念 我 比 丘 某 甲 此 鉢 多 羅 應 量 受 長 用 故 
X60n1131_001:0704b16	(三說)。	 三 說 
X60n1131_001:0704b17	○淨施法	 淨 施 法 
X60n1131_001:0704b18	(有二種淨施。一真實淨施。二轉展淨施)。	 有 二 種 淨 施 一 真 實 淨 施 二 轉 展 淨 施 
X60n1131_001:0704b19	○真實淨施法	 真 實 淨 施 法 
X60n1131_001:0704b20	(謂真實捨與他。欲要著。應問彼乃得著。應言)。	 謂 真 實 捨 與 他 欲 要 著 應 問 彼 乃 得 著 應 言 
X60n1131_001:0704b21	大德一心念。我比丘某甲。有此長衣。未作淨。今為淨	大 德 一 心 念 我 比 丘 某 甲 有 此 長 衣 未 作 淨 今 為 淨 
X60n1131_001:0704b22	故。捨與大德。為真實淨故(一說○長字去聲。直亮切。音丈。多也。餘也。剩也)。	故 捨 與 大 德 為 真 實 淨 故 一 說 長 字 去 聲 直 亮 切 音 丈 多 也 餘 也 剩 也 
X60n1131_001:0704b23	○轉展淨施法	 轉 展 淨 施 法 
X60n1131_001:0704b24	(比丘受得戒已。除三衣外。所有新舊衣服。或對親友。同意比丘。或二師。為淨施主。將衣而對一比丘前。稱	 比 丘 受 得 戒 已 除 三 衣 外 所 有 新 舊 衣 服 或 對 親 友 同 意 比 丘 或 二 師 為 淨 施 主 將 衣 而 對 一 比 丘 前 稱 
X60n1131_001:0704c01	彼淨施主名。而為說淨。不說。過十日。即犯捨墮。要眾僧前懺。後凡所得衣。若布下至長一尺四寸。廣七寸	彼 淨 施 主 名 而 為 說 淨 不 說 過 十 日 即 犯 捨 墮 要 眾 僧 前 懺 後 凡 所 得 衣 若 布 下 至 長 一 尺 四 寸 廣 七 寸 
X60n1131_001:0704c02	能作得七條衣壇隔。即須說淨。應作如是言)。	能 作 得 七 條 衣 壇 隔 即 須 說 淨 應 作如是言 
X60n1131_001:0704c03	大德一心念。我比丘某甲。有此長衣。未作淨。為淨故。	大 德 一 心 念 我 比 丘 某 甲 有 此 長 衣 未 作 淨 為 淨 故 
X60n1131_001:0704c04	施與大德。為展轉淨故。(彼受淨者。應云)大德。汝有此長衣。未	施 與 大 德 為 展 轉 淨 故 彼 受 淨 者 應 云 大 德 汝 有 此 長 衣 未 
X60n1131_001:0704c05	作淨。為淨故與我。我今受之。(受已。語云)汝施與誰。(答云)施與	作 淨 為 淨 故 與 我 我 今 受 之 受 已 語 云 汝 施 與 誰 答 云 施 與 
X60n1131_001:0704c06	某甲。(受淨者云)大德汝是長衣。未作淨。為淨故與我。我已	某 甲 受 淨 者 云 大 德 汝 是 長 衣 未 作 淨 為 淨 故 與 我 我 已 
X60n1131_001:0704c07	受之。汝與某甲。是衣某甲已有。汝為某甲善護持著。	受 之 汝 與 某 甲 是 衣 某 甲 已 有 汝 為 某 甲 善 護 持 著 
X60n1131_001:0704c08	隨因緣。(三說。後若聞淨主死。或罷道。即將前所有衣物。別稱一淨施主名。再為說淨。此文出四分	隨 因 緣 三 說 後 若 聞 淨 主 死 或 罷 道 即 將 前 所 有 衣 物 別 稱 一 淨 施 主 名 再 為 說 淨 此 文 出 四 分 
X60n1131_001:0704c09	律。若根本律。說淨文云)。	律 若 根 本 律 說 淨 文 云 
X60n1131_001:0704c10	具壽存念。我苾芻某甲。有此長衣。未為分別。是合分	具 壽 存 念 我 苾 芻 某 甲 有 此 長 衣 未 為 分 別 是 合 分 
X60n1131_001:0704c11	別。今於具壽前而作分別。以某甲苾芻而作委寄者。	別 今 於 具 壽 前 而 作 分 別 以 某 甲 苾 芻 而 作 委 寄 者 
X60n1131_001:0704c12	我今持之(三說。分別。即是作淨。不聞彼淨主死。設居遠方。不失淨施)。	我 今 持 之 三 說 分 別 即 是 作 淨 不 聞 彼 淨 主 死 設 居 遠 方 不 失 淨 施 
X60n1131_001:0704c13	○心念捨衣法	 心 念 捨 衣 法 
X60n1131_001:0704c14	(若為三寶等緣事出外。便擬是日還住處。或遇難緣。或大雨。橋梁斷絕。即作心念捨衣。寧無衣宿。犯突吉	 若 為 三 寶 等 緣 事 出 外 便 擬 是 日 還 住 處 或 遇 難 緣 或 大 雨 橋 梁 斷 絕 即 作 心 念 捨 衣 寧 無 衣 宿 犯 突 吉 
X60n1131_001:0704c15	羅。易懺。應作如是念言)。	羅 易 懺 應 作如是念 言 
X60n1131_001:0704c16	我某衣先受持。今捨。(一說。次日回至衣所。持衣對一比丘。一一如前取衣法。受之。若	我 某 衣 先 受 持 今 捨 一 說 次 日 回 至 衣 所 持 衣 對 一 比 丘 一 一 如 前 取 衣 法 受 之 若 
X60n1131_001:0704c17	三衣俱未持去。應言我三衣。云云)。	三 衣 俱 未 持 去 應 言 我 三 衣 云 云 
X60n1131_001:0704c18	○受非時藥法	 受 非 時 藥 法 
X60n1131_001:0704c19	(佛聽有病緣。飲八種漿。即果汁。謂梨。棗。甘蔗。蒲萄。藕根等漿。應先淨人擪已。濾過澄清。從淨人手受。應對	 佛 聽 有 病 緣 飲 八 種 漿 即 果 汁 謂 梨 棗 甘 蔗 蒲 萄 藕 根 等 漿 應 先 淨 人 擪 已 濾 過 澄 清 從 淨 人 手 受 應 對 
X60n1131_001:0704c20	一比丘言)。	一 比 丘 言 
X60n1131_001:0704c21	大德一心念。我比丘某甲。今為某病緣。此是某非時	大 德 一 心 念 我 比 丘 某 甲 今 為 某 病 緣 此 是 某 非 時 
X60n1131_001:0704c22	漿。為經非時服故。今於大德邊受(三說)。	漿 為 經 非 時 服 故 今 於 大 德 邊 受 三 說 
X60n1131_001:0704c23	○受七日藥法	 受 七 日 藥 法 
X60n1131_001:0704c24	(謂酥。油。生酥。蜜。石蜜。一受。得七日自手取服。服不了。八日即應施他人。自不得服。應言)。	 謂 酥 油 生 酥 蜜 石 蜜 一 受 得 七 日 自 手 取 服 服 不 了 八 日 即 應 施 他 人 自 不 得 服 應 言 
X60n1131_001:0705a01	大德一心念。我比丘某甲。今有某病緣故。此某七日	大 德 一 心 念 我 比 丘 某 甲 今 有 某 病 緣 故 此 某 七 日 
X60n1131_001:0705a02	藥。為欲經宿七日服故。今於大德邊受(三說)。	藥 為 欲 經 宿 七 日 服 故 今 於 大 德 邊 受 三 說 
X60n1131_001:0705a03	○受盡形壽藥法	 受 盡 形 壽 藥 法 
X60n1131_001:0705a04	(謂丸。散。一切鹹酸等。不任為食者。一受。得自取服盡也。應言)。	 謂 丸 散 一 切 鹹 酸 等 不 任 為 食 者 一 受 得 自 取 服 盡 也 應 言 
X60n1131_001:0705a05	大德一心念。我比丘某甲。今有某病緣。此某盡形壽	大 德 一 心 念 我 比 丘 某 甲 今 有 某 病 緣 此 某 盡 形 壽 
X60n1131_001:0705a06	藥。為欲共宿長服故。今於大德邊受(三說)。	藥 為 欲 共 宿 長 服 故 今 於 大 德 邊 受 三 說 
X60n1131_001:0705a07	附(南山。靈芝。雲棲。法語一十五則。以救時弊。當用自警)。	附 南 山 靈 芝 雲 棲 法 語 一 十 五 則 以 救 時 弊 當 用 自 警 
X60n1131_001:0705a08	唐南山宣律師	唐 南 山 宣 律 師 
X60n1131_001:0705a09	夫羣生所以久流轉生死海者。良由無戒德之舟檝	夫 羣 生 所 以 久 流轉生死 海 者 良 由 無 戒 德 之 舟 檝 
X60n1131_001:0705a10	者也。若乘戒舟。鼓以慈棹。而不能橫截風濤。遠登彼	者 也 若 乘 戒 舟 鼓 以 慈 棹 而 不 能 橫 截 風 濤 遠 登 彼 
X60n1131_001:0705a11	岸者。無此理也。故正教雖多。一戒而為行本。其由出	岸 者 無 此 理 也 故 正 教 雖 多 一 戒 而 為 行 本 其 由 出 
X60n1131_001:0705a12	必由戶。何莫由斯戒矣。是以創起道意。先識斯門。於	必 由 戶 何 莫 由 斯 戒 矣 是 以 創 起 道 意 先 識 斯 門 於 
X60n1131_001:0705a13	諸心境。籌度懷行。其狀如何。故論云。夫受戒者。慈悲	諸 心 境 籌 度 懷 行 其 狀 如 何 故 論 云 夫 受 戒 者 慈 悲 
X60n1131_001:0705a14	為務。於三千界內。萬億日月。上至非想。下及無間。所	為 務 於 三 千 界 內 萬 億 日 月 上 至 非 想 下 及 無 間 所 
X60n1131_001:0705a15	有生類。並起慈心。不行殺害。或盡形命。或至成佛。長	有 生 類 並 起 慈 心 不 行 殺 害 或 盡 形 命 或 至 成 佛 長 
X60n1131_001:0705a16	時類通。統周法界。此一念善。功滿虗空。其德難量。惟	時 類 通 統 周 法 界 此 一 念 善 功 滿 虗 空 其 德 難 量 惟 
X60n1131_001:0705a17	佛知際。不殺既爾。餘業例然。	佛 知 際 不 殺 既 爾 餘 業 例 然 
X60n1131_001:0705a18	宋杭州靈芝寺元照律師	宋 杭 州 靈 芝 寺 元 照 律 師 
X60n1131_001:0705a19	師字湛然。初以毗尼為大學。親自佛制。自文殊已降。	師 字 湛 然 初 以 毗 尼 為 大 學 親 自 佛 制 自 文 殊 已 降 
X60n1131_001:0705a20	不許措一詞。優波離結集。不敢衍一字。人間天上。十	不 許 措 一 詞 優 波 離 結 集 不 敢 衍 一 字 人 間 天 上 十 
X60n1131_001:0705a21	方三界剎海。無盡聖眾。唯同一律。可謂嚴矣。如世禮	方 三 界 剎 海 無 盡 聖 眾 唯 同 一 律 可 謂 嚴 矣 如 世 禮 
X60n1131_001:0705a22	樂征伐。必自天子出。公侯卿大夫。不容僭也。然大法	樂 征 伐 必 自 天 子 出 公 侯 卿 大 夫 不 容 僭 也 然 大 法 
X60n1131_001:0705a23	東度。唯律未明。學者失已。唐太宗貞觀中。終南山澄	東 度 唯 律 未 明 學 者 失 已 唐 太 宗 貞 觀 中 終 南 山 澄 
X60n1131_001:0705a24	照大律師道宣。作戒疏。羯磨疏。事鈔。弘四分律流傳。	照 大 律 師 道 宣 作 戒 疏 羯 磨 疏 事 鈔 弘 四 分 律 流 傳 
X60n1131_001:0705b01	逾四百載。釋義近六十家。於中大昭慶寺。律師允堪。	逾 四 百 載 釋 義 近 六 十 家 於 中 大 昭 慶 寺 律 師 允 堪 
X60n1131_001:0705b02	作會正記。獨為盡理。最後此靈芝大智元照律師。以	作 會 正 記 獨 為 盡 理 最 後 此 靈 芝 大 智 元 照 律 師 以 
X60n1131_001:0705b03	法華開顯圓意。作資持記。與會真師。殊途同歸。推明	法 華 開 顯 圓 意 作 資 持 記 與 會 真 師 殊 途 同 歸 推 明 
X60n1131_001:0705b04	南山元意。而上合於佛制。自是會正資持。又分宗於	南 山 元 意 而 上 合 於 佛 制 自 是 會 正 資 持 又 分 宗 於 
X60n1131_001:0705b05	律矣。如析金杖。不失金體。無作戒體。果可分耶。(出繫年錄	律 矣 如 析 金 杖 不 失 金 體 無 作 戒 體 果 可 分 耶 出 繫 年 錄 
X60n1131_001:0705b06	由是四分一宗。全憑景空。南山。弘揚之力。至今不絕。但今學者。以口頭禪。為當出生死。自悞自墮。非古人	由 是 四 分 一 宗 全 憑 景 空 南 山 弘 揚 之 力 至 今 不 絕 但 今 學 者 以 口 頭 禪 為 當 出 生 死 自 悞 自 墮 非 古 人 
X60n1131_001:0705b07	之法教不傳也。昔陳宣帝詔。僧未滿五夏。皆參律部。此帝之心。正符佛心。非再來菩薩。以輔正教。焉能及	之 法 教 不 傳 也 昔 陳 宣 帝 詔 僧 未 滿 五 夏 皆 參 律 部 此 帝 之 心 正 符 佛 心 非 再 來 菩 薩 以 輔 正 教 焉 能 及 
X60n1131_001:0705b08	此哉○雍州襄陽景空寺。法聰律師所居也)。	此 哉 雍 州 襄 陽 景 空 寺 法 聰 律 師 所 居 也 
X60n1131_001:0705b09	明雲棲大師竹窓三筆	明 雲 棲 大 師 竹 窓 三 筆 
X60n1131_001:0705b10	出家(一)	出 家 一 
X60n1131_001:0705b11	先德有言。出家者。大丈夫之事。非將相之所能為也。	先 德 有 言 出 家 者 大 丈 夫 之 事 非 將 相 之 所 能 為 也 
X60n1131_001:0705b12	夫將以武功定禍亂。相以文學興太平。天下大事。皆	夫 將 以 武 功 定 禍 亂 相 以 文 學 興 太 平 天 下 大 事 皆 
X60n1131_001:0705b13	出將相之手。而曰出家非其所能。然則出家豈細故	出 將 相 之 手 而 曰 出 家 非 其 所 能 然 則 出 家 豈 細 故 
X60n1131_001:0705b14	哉。今剃髮染衣。便謂出家。噫。是不過出兩片大門之	哉 今 剃 髮 染 衣 便 謂 出 家 噫 是 不 過 出 兩 片 大 門 之 
X60n1131_001:0705b15	家也。非出三界火宅之家也。出三界家。而後名為大	家 也 非 出 三 界 火 宅 之 家 也 出 三 界 家 而 後 名 為 大 
X60n1131_001:0705b16	丈夫也。猶未也。與三界眾生同出三界。而後名為大	丈 夫 也 猶 未 也 與 三 界 眾 生 同 出 三 界 而 後 名 為 大 
X60n1131_001:0705b17	丈夫也。古尊宿歌云。最勝兒。出家好。出家兩字人知	丈 夫 也 古 尊 宿 歌 云 最 勝 兒 出 家 好 出 家 兩 字 人 知 
X60n1131_001:0705b18	少。最勝兒者。大丈夫也。大丈夫不易得。何怪乎知出	少 最 勝 兒 者 大 丈 夫 也 大 丈 夫 不 易 得 何 怪 乎 知 出 
X60n1131_001:0705b19	家兩字者少也。	家 兩 字 者 少 也 
X60n1131_001:0705b20	出家(二)	出 家 二 
X60n1131_001:0705b21	人初出家。雖志有大小。莫不具一段好心。久之又為	人 初 出 家 雖 志 有 大 小 莫 不 具 一 段 好 心 久 之 又 為 
X60n1131_001:0705b22	因緣名利所染。遂復營宮室。飾衣服。置田宅。畜徒眾。	因 緣 名 利 所 染 遂 復 營 宮 室 飾 衣 服 置 田 宅 畜 徒 眾 
X60n1131_001:0705b23	多積金帛。勤作家緣。與俗無異。經稱一人出家。波旬	多 積 金 帛 勤 作 家 緣 與 俗 無 異 經 稱 一 人 出 家 波 旬 
X60n1131_001:0705b24	怖懼。今若此。波旬可以酌酒相慶矣。好心出家者。快	怖 懼 今 若 此 波 旬 可 以 酌 酒 相 慶 矣 好 心 出 家 者 快 
X60n1131_001:0705c01	須着眼看破。曾見深山中苦行僧。一出山來。被數十	須 着 眼 看 破 曾 見 深 山 中 苦 行 僧 一 出 山 來 被 數 十 
X60n1131_001:0705c02	箇信心女男。歸依供養。遂埋沒一生。況其大者乎。古	箇 信 心 女 男 歸 依 供 養 遂 埋 沒 一 生 況 其 大 者 乎 古 
X60n1131_001:0705c03	謂必須重離煩惱之家。再割塵勞之網。是出家以後	謂 必 須 重 離 煩 惱 之 家 再 割 塵 勞 之 網 是 出 家 以 後 
X60n1131_001:0705c04	之出家也。出前之家易。出後之家難。予為此曉夜惶	之 出 家 也 出 前 之 家 易 出 後 之 家 難 予 為 此 曉 夜 惶 
X60n1131_001:0705c05	悚。	悚 
X60n1131_001:0705c06	出家四料簡	出 家 四 料 簡 
X60n1131_001:0705c07	有在家出家者。有出家在家者。有在家在家者。有出	有 在家出家 者 有 出 家 在 家 者 有 在 家 在 家 者 有 出 
X60n1131_001:0705c08	家出家者。處於族舍。具有父母妻子。而心恒在道。不	家 出 家 者 處 於 族 舍 具 有 父 母 妻 子 而 心 恒 在 道 不 
X60n1131_001:0705c09	染世塵者。在家出家者也。處於伽藍。無父母妻子之	染 世 塵 者 在家出家 者 也 處 於 伽 藍 無 父 母 妻 子 之 
X60n1131_001:0705c10	累。而營營名利。無異俗人者。出家在家者也。處於俗	累 而 營 營 名 利 無 異 俗 人 者 出 家 在 家 者 也 處 於 俗 
X60n1131_001:0705c11	舍。終身纏縛。無一念解脫者。在家在家者也。處於伽	舍 終 身 纏 縛 無 一 念 解 脫 者 在 家 在 家 者 也 處 於 伽 
X60n1131_001:0705c12	藍。終身精進。無一念退惰者。出家出家者也。故古人	藍 終 身 精 進 無 一 念 退 惰 者 出 家 出 家 者 也 故 古 人 
X60n1131_001:0705c13	有身心出家四句。意正如此。雖然出家出家者。上士	有 身 心 出 家 四 句 意 正 如 此 雖 然 出 家 出 家 者 上 士 
X60n1131_001:0705c14	也。無論矣。與其為出家在家者。寧為在家在家者。何	也 無 論 矣 與 其 為 出 家 在 家 者 寧 為 在 家 在 家 者 何 
X60n1131_001:0705c15	以故。袈裟下失人身。下之又下者也。	以 故 袈 裟 下 失 人 身 下 之 又 下 者 也 
X60n1131_001:0705c16	出家利益	出 家 利 益 
X60n1131_001:0705c17	古德云。最勝兒。出家好。俗有恒言曰。一子出家。九族	古 德 云 最 勝 兒 出 家 好 俗 有 恒 言 曰 一 子 出 家 九 族 
X60n1131_001:0705c18	生天。此皆讚歎出家。而未明言出家之所以為利益	生 天 此 皆 讚 歎 出 家 而 未 明 言 出 家 之 所 以 為 利 益 
X60n1131_001:0705c19	也。豈曰不耕不織。而有自然衣食之為利益乎。豈曰	也 豈 曰 不 耕 不 織 而 有 自 然 衣 食 之 為 利 益 乎 豈 曰 
X60n1131_001:0705c20	不買宅不賃房。而有自然安居之為利益乎。豈曰王	不 買 宅 不 賃 房 而 有 自 然 安 居 之 為 利 益 乎 豈 曰 王 
X60n1131_001:0705c21	臣護法。信施恭敬。上不役於官。下不擾於民。而有自	臣 護 法 信 施 恭 敬 上 不 役 於 官 下 不 擾 於 民 而 有 自 
X60n1131_001:0705c22	然清閒逸樂之為利益乎。古有偈曰。施主一粒米。大	然 清 閒 逸 樂 之 為 利 益 乎 古 有 偈 曰 施 主 一 粒 米 大 
X60n1131_001:0705c23	似須彌山。若自不了道。披毛戴角還。又云。他日閻老	似 須 彌 山 若 自 不 了 道 披 毛 戴 角 還 又 云 他 日 閻 老 
X60n1131_001:0705c24	子。與你打算飯錢。看你將何抵對。此則出家。乃大患	子 與 你 打 算 飯 錢 看 你 將 何 抵 對 此 則 出 家 乃 大 患 
X60n1131_001:0706a01	所伏。而況利益乎哉。所謂出家之利益者。以其破煩	所 伏 而 況 利 益 乎 哉 所 謂 出 家 之 利 益 者 以 其 破 煩 
X60n1131_001:0706a02	惱。斷無明。得無生忍。出生死苦。是則天上人間之最	惱 斷 無 明 得無生忍 出 生 死 苦 是 則 天 上 人 間 之 最 
X60n1131_001:0706a03	勝。而父母宗族。被其澤也。不然。則雖富積千箱。貴師	勝 而 父 母 宗 族 被 其 澤 也 不 然 則 雖 富 積 千 箱 貴 師 
X60n1131_001:0706a04	七帝。何利益之有。吾實大憂大懼。而併以告夫同業	七 帝 何 利 益 之 有 吾 實 大 憂 大 懼 而 併 以 告 夫 同 業 
X60n1131_001:0706a05	者。	者 
X60n1131_001:0706a06	出家休心難	出 家 休 心 難 
X60n1131_001:0706a07	人性寒思衣。饑思食。居處思安。器用思足。有男思婚。	人 性 寒 思 衣 饑 思 食 居 處 思 安 器 用 思 足 有 男 思 婚 
X60n1131_001:0706a08	有女思嫁。讀書思取爵祿。營家思致富饒。時時不得	有 女 思 嫁 讀 書 思 取 爵 祿 營 家 思 致 富 饒 時 時 不 得 
X60n1131_001:0706a09	放下。其奮然出家。為無此等累也。而依然種種不忘	放 下 其 奮 然 出 家 為 無 此 等 累 也 而 依 然 種 種 不 忘 
X60n1131_001:0706a10	念。則何貴於出家。佛言。常自摩頭。以捨飾好。然豈惟	念 則 何 貴 於 出 家 佛 言 常 自 摩 頭 以 捨 飾 好 然 豈 惟 
X60n1131_001:0706a11	飾好。常自摩頭曰。吾僧也。頓捨萬緣。一心念道。	飾 好 常 自 摩 頭 曰 吾 僧 也 頓 捨 萬 緣 一 心 念 道 
X60n1131_001:0706a12	僧務外學	僧 務 外 學 
X60n1131_001:0706a13	儒者之學。以六經論孟等書為準的。而老莊乃至佛	儒 者 之 學 以 六 經 論 孟 等 書 為 準 的 而 老 莊 乃 至 佛 
X60n1131_001:0706a14	經。禁置不學者。業有專攻。其正理也。不足怪也。為僧	經 禁 置 不 學 者 業 有 專 攻 其 正 理 也 不 足 怪 也 為 僧 
X60n1131_001:0706a15	亦然。乃不讀佛經。而讀儒書。讀儒書猶未為不可。又	亦 然 乃 不 讀 佛 經 而 讀 儒 書 讀 儒 書 猶 未 為 不 可 又 
X60n1131_001:0706a16	至於讀莊老。稍明敏者。又從而註釋之。又從而學詩。	至 於 讀 莊 老 稍 明 敏 者 又 從 而 註 釋 之 又 從 而 學 詩 
X60n1131_001:0706a17	學文。學字。學尺牘。種種皆法門之衰相也。弗可挽矣。	學 文 學 字 學 尺 牘 種 種 皆 法 門 之 衰 相 也 弗 可 挽 矣 
X60n1131_001:0706a18	世人重聰明。誇博洽。競辭采。然不足恃者。以其有失	世 人 重 聰 明 誇 博 洽 競 辭 采 然 不 足 恃 者 以 其 有 失 
X60n1131_001:0706a19	也。彼學窮百家。文蓋一世。有來生不識一字者。其甚。	也 彼 學 窮 百 家 文 蓋 一 世 有 來 生 不 識 一 字 者 其 甚 
X60n1131_001:0706a20	如淳長老。以才藻著名。一跌而起。頓成癡呆。則不待	如 淳 長 老 以 才 藻 著 名 一 跌 而 起 頓 成 癡 呆 則 不 待 
X60n1131_001:0706a21	來生。又甚。化為異類。則所謂但念水草。餘無所知。其	來 生 又 甚 化 為 異 類 則 所 謂 但 念 水 草 餘 無 所 知 其 
X60n1131_001:0706a22	可恃安在。惟般若真智。蘊之八識田中。亘古今攧撲	可 恃 安 在 惟 般 若 真 智 蘊 之 八 識 田 中 亘 古 今 攧 撲 
X60n1131_001:0706a23	不破。縱在迷途。有觸還悟。世俗中人。不知此意。無足	不 破 縱 在 迷 途 有 觸 還 悟 世 俗 中 人 不 知 此 意 無 足 
X60n1131_001:0706a24	為怪。出家兒。乃以本分事。束之高閣。而殫力於外學。	為 怪 出 家 兒 乃 以 本 分 事 束 之 高 閣 而 殫 力 於 外 學 
X60n1131_001:0706b01	可勝歎哉。	可 勝 歎 哉 
X60n1131_001:0706b02	僧務雜術(一)	僧 務 雜 術 一 
X60n1131_001:0706b03	僧又有作地理師者。作卜筮師者。作風鑑師者。作醫	僧 又 有 作 地 理 師 者 作 卜 筮 師 者 作 風 鑑 師 者 作 醫 
X60n1131_001:0706b04	藥師者。作女科醫藥師者。作符水爐火燒煉師者。末	藥 師 者 作 女 科 醫 藥 師 者 作 符 水 爐 火 燒 煉 師 者 末 
X60n1131_001:0706b05	法之弊極矣。或曰。百丈大師。令司馬頭陀擇地。可作	法 之 弊 極 矣 或 曰 百 丈 大 師 令 司 馬 頭 陀 擇 地 可 作 
X60n1131_001:0706b06	五百僧道場者。而得溈山。是地理家事。既而令擇溈	五 百 僧 道 場 者 而 得 溈 山 是 地 理 家 事 既 而 令 擇 溈 
X60n1131_001:0706b07	山主人。得大祐禪師。是風鑑家事。則何如。噫。此古聖	山 主 人 得 大 祐 禪 師 是 風 鑑 家 事 則 何 如 噫 此 古 聖 
X60n1131_001:0706b08	賢。為傳法利生之大機緣。非世人所測識者。而百丈	賢 為 傳 法 利 生 之 大 機 緣 非 世 人 所 測 識 者 而 百 丈 
X60n1131_001:0706b09	司馬。是何等人品。今之術士。可以藉口也與哉。	司 馬 是 何 等 人 品 今 之 術 士 可 以 藉 口 也 與 哉 
X60n1131_001:0706b10	僧務雜術(二)	僧 務 雜 術 二 
X60n1131_001:0706b11	或曰。雜術固非僧務。醫以全生。宜若無礙焉。予謂雜	或 曰 雜 術 固 非 僧 務 醫 以 全 生 宜 若 無 礙 焉 予 謂 雜 
X60n1131_001:0706b12	術亂心。則槩所當捨。如其救濟為懷。則亦萬行之一	術 亂 心 則 槩 所 當 捨 如 其 救 濟 為 懷 則 亦 萬 行 之 一 
X60n1131_001:0706b13	端。而術倘不精。雖曰全生。反以傷生。則大為不可。近	端 而 術 倘 不 精 雖 曰 全 生 反 以 傷 生 則 大 為 不 可 近 
X60n1131_001:0706b14	有僧行灸法者。其法和藥作餅。置艾炷於其上。而然	有 僧 行 灸 法 者 其 法 和 藥 作 餅 置 艾 炷 於 其 上 而 然 
X60n1131_001:0706b15	之。云治萬病。此不知出自何書。傳自何人。夫切肌而	之 云 治 萬 病 此 不 知 出 自 何 書 傳 自 何 人 夫 切 肌 而 
X60n1131_001:0706b16	察穴。循穴而入內。灼艾之常法也。隔餅而灸。有痛苦	察 穴 循 穴 而 入 內 灼 艾 之 常 法 也 隔 餅 而 灸 有 痛 苦 
X60n1131_001:0706b17	而無功能者也。而師行焉。弟子紹焉。不自知其業之	而 無 功 能 者 也 而 師 行 焉 弟 子 紹 焉 不 自 知 其 業 之 
X60n1131_001:0706b18	深且重也。	深 且 重 也 
X60n1131_001:0706b19	信施難消	信 施 難 消 
X60n1131_001:0706b20	鄧豁渠自訟云。為僧者幹自己事。帶累十方施主。委	鄧 豁 渠 自 訟 云 為 僧 者 幹 自 己 事 帶 累 十 方 施 主 委 
X60n1131_001:0706b21	實難消。誠哉言乎。夫僧人為自己生死。猶士人為自	實 難 消 誠 哉 言 乎 夫 僧 人 為 自 己 生 死 猶 士 人 為 自 
X60n1131_001:0706b22	己科名也。為科名故。累諸隣里親戚供給所需。成名	己 科 名 也 為 科 名 故 累 諸 隣 里 親 戚 供 給 所 需 成 名 
X60n1131_001:0706b23	則足以報之。名不成。則所負多矣。不解此義。而唯嫌	則 足 以 報 之 名 不 成 則 所 負 多 矣 不 解 此 義 而 唯 嫌 
X60n1131_001:0706b24	信施不廣。豈不大錯。	信 施 不 廣 豈 不 大 錯 
X60n1131_001:0706c01	非理募化	非 理 募 化 
X60n1131_001:0706c02	雲棲僧約。非理募化者出院。一僧曰。此不足禁。禁之	雲 棲 僧 約 非 理 募 化 者 出 院 一 僧 曰 此 不 足 禁 禁 之 
X60n1131_001:0706c03	則缺眾生福田。非理募化。雖其人自負過愆。而眾生	則 缺 眾 生 福 田 非 理 募 化 雖 其 人 自 負 過 愆 而 眾 生 
X60n1131_001:0706c04	獲破慳捨財之益。世僧假佛為名以營生。佛何曾為	獲 破 慳 捨 財 之 益 世 僧 假 佛 為 名 以 營 生 佛 何 曾 為 
X60n1131_001:0706c05	此輩出一禁約乎。余曰。子言則誠善矣。然知其一。未	此 輩 出 一 禁 約 乎 余 曰 子 言 則 誠 善 矣 然 知 其 一 未 
X60n1131_001:0706c06	知其二。非理募化者。瞞因昧果。施者知之。因而退心。	知 其 二 非 理 募 化 者 瞞 因 昧 果 施 者 知 之 因 而 退 心 
X60n1131_001:0706c07	後遂不施。安得其能破慳也。佛世有諸弟子。自遠遊	後 遂 不 施 安 得 其 能 破 慳 也 佛 世 有 諸 弟 子 自 遠 遊 
X60n1131_001:0706c08	歸。所過聚落。望而閉戶。問故。則畏僧之募化也。因以	歸 所 過 聚 落 望 而 閉 戶 問 故 則 畏 僧 之 募 化 也 因 以 
X60n1131_001:0706c09	白佛。佛乃種種呵責。何言其不禁約也。慎之哉。	白 佛 佛 乃 種 種 呵 責 何 言 其 不 禁 約 也 慎 之 哉 
X60n1131_001:0706c10	經債	經 債 
X60n1131_001:0706c11	烏鎮利濟寺。有僧。師徒二人。俱稱謹厚。託以經懺者	烏 鎮 利 濟 寺 有 僧 師 徒 二 人 俱 稱 謹 厚 託 以 經 懺 者 
X60n1131_001:0706c12	日益眾。因致饒裕。而恪嗇不自享用。亦不布施。後得	日 益 眾 因 致 饒 裕 而 恪 嗇 不 自 享 用 亦 不 布 施 後 得 
X60n1131_001:0706c13	疾。族人迎歸調治。俄而謝世。平生積貯。盡為族有。十	疾 族 人 迎 歸 調 治 俄 而 謝 世 平 生 積 貯 盡 為 族 有 十 
X60n1131_001:0706c14	年後。現夢於所親曰。經懺未完者。陰府考校甚急。苦	年 後 現 夢 於 所 親 曰 經 懺 未 完 者 陰 府 考 校 甚 急 苦 
X60n1131_001:0706c15	不可言。人世所傳。閃電光中。認字讀還。信不誣也。筆	不 可 言 人 世 所 傳 閃 電 光 中 認 字 讀 還 信 不 誣 也 筆 
X60n1131_001:0706c16	之以誡夫應緣者。	之 以 誡 夫 應 緣 者 
X60n1131_001:0706c17	施食師	施 食 師 
X60n1131_001:0706c18	燄口施食。啟教於阿難。蓋瑜伽部攝也。瑜伽大興於	燄 口 施 食 啟 教 於 阿 難 蓋 瑜 伽 部 攝 也 瑜 伽 大 興 於 
X60n1131_001:0706c19	唐之金剛智。廣大不空二師。能役使鬼神。移易山海。	唐 之 金 剛 智 廣 大 不 空 二 師 能 役 使 鬼 神 移 易 山 海 
X60n1131_001:0706c20	威神之力。不可思議。數傳之後。無能嗣之者。所存但	威 神 之 力 不可思議 數 傳 之 後 無 能 嗣 之 者 所 存 但 
X60n1131_001:0706c21	施食一法而已。手結印。口誦呪。心作觀。三業相應之	施 食 一 法 而 已 手 結 印 口 誦 呪 心 作 觀 三 業 相 應 之 
X60n1131_001:0706c22	謂瑜伽。其事非易易也。今印呪未必精。而況觀力乎。	謂 瑜 伽 其 事 非 易 易 也 今 印 呪 未 必 精 而 況 觀 力 乎 
X60n1131_001:0706c23	則不相應矣。不相應。則不惟不能利生。而亦或反至	則 不 相 應 矣 不 相 應 則 不 惟 不 能 利 生 而 亦 或 反 至 
X60n1131_001:0706c24	害己。昨山中一方外僧病已篤。是晚外正施食。謂看	害 己 昨 山 中 一 方 外 僧 病 已 篤 是 晚 外 正 施 食 謂 看 
X60n1131_001:0707a01	病者言。有鬼挈我同出就食。辭不往。俄復來云。法師	病 者 言 有 鬼 挈 我 同 出 就 食 辭 不 往 俄 復 來 云 法 師 
X60n1131_001:0707a02	不誠。吾輩空返。必有以報之。於是牽我臂偕行。眾持	不 誠 吾 輩 空 返 必 有 以 報 之 於 是 牽 我 臂 偕 行 眾 持 
X60n1131_001:0707a03	撓鈎套索云。欲拽此法師下地。我大怖失聲呼救。一	撓 鈎 套 索 云 欲 拽 此 法 師 下 地 我 大 怖 失 聲 呼 救 一 
X60n1131_001:0707a04	時散去。越數日僧死。蓋未死前。已與諸鬼為伍矣。向	時 散 去 越 數 日 僧 死 蓋 未 死 前 已 與 諸 鬼 為 伍 矣 向 
X60n1131_001:0707a05	非驚叫。臺上師危乎哉。不惟是耳。一僧不誠。被鬼舁	非 驚 叫 臺 上 師 危 乎 哉 不 惟 是 耳 一 僧 不 誠 被 鬼 舁 
X60n1131_001:0707a06	至河中欲沉之。一僧失鎖衣篋。心存鑰匙。諸鬼見飯	至 河 中 欲 沉 之 一 僧 失 鎖 衣 篋 心 存 鑰 匙 諸 鬼 見 飯 
X60n1131_001:0707a07	上皆鐵片。遂不得食。一僧晒氈衣未収。值天雨。心念	上 皆 鐵 片 遂 不 得 食 一 僧 晒 氈 衣 未 収 值 天 雨 心 念 
X60n1131_001:0707a08	此衣。諸鬼見飯上皆獸毛。遂不得食。各受顯報。又一	此 衣 諸 鬼 見 飯 上 皆 獸 毛 遂 不 得 食 各 受 顯 報 又 一 
X60n1131_001:0707a09	人入冥。見黑房中有僧數百。肌體瘦削。顏色憔悴。似	人 入 冥 見 黑 房 中 有 僧 數 百 肌 體 瘦 削 顏 色 憔 悴 似 
X60n1131_001:0707a10	憂苦不堪之狀。問之。則皆施食師也。施食非易易事	憂 苦 不 堪 之 狀 問 之 則 皆 施 食 師 也 施 食 非 易 易 事 
X60n1131_001:0707a11	也信夫。	也 信 夫 
X60n1131_001:0707a12	誦經雜話	誦 經 雜 話 
X60n1131_001:0707a13	總戎戚公。素持金剛經。其守越之三江也。有亡卒致	總 戎 戚 公 素 持 金 剛 經 其 守 越 之 三 江 也 有 亡 卒 致 
X60n1131_001:0707a14	夢云。明當遣妻。詣公乞為誦經一卷。以資冥道。翌日	夢 云 明 當 遣 妻 詣 公 乞 為 誦 經 一 卷 以 資 冥 道 翌 日 
X60n1131_001:0707a15	果有婦人悲泣求見。詰之。如夢中語。公諾之。晨起誦	果 有 婦 人 悲 泣 求 見 詰 之 如 夢 中 語 公 諾 之 晨 起 誦 
X60n1131_001:0707a16	經。夜夢卒云。荷公大恩。然僅得半卷。以於中雜不用	經 夜 夢 卒 云 荷 公 大 恩 然 僅 得 半 卷 以 於 中 雜 不 用 
X60n1131_001:0707a17	二字。公思其故。乃內人使侍婢送茶餅。公遙見揮手	二 字 公 思 其 故 乃 內 人 使 侍 婢 送 茶 餅 公 遙 見 揮 手 
X60n1131_001:0707a18	却之。口雖不言。心謂不用。次早閉房誦經。是夜夢卒	却 之 口 雖 不 言 心 謂 不 用 次 早 閉 房 誦 經 是 夜 夢 卒 
X60n1131_001:0707a19	謝云。已獲超拔。此予親聞於三江僧東林。東林誠篤	謝 云 已 獲 超 拔 此 予 親 聞 於 三 江 僧 東 林 東 林 誠 篤 
X60n1131_001:0707a20	有道行。不妄語者。噫。誦經僧可不慎歟。	有 道 行 不 妄 語 者 噫 誦 經 僧 可 不 慎 歟 
X60n1131_001:0707a21	道譏釋	道 譏 釋 
X60n1131_001:0707a22	道者曰。諸宮觀道院。及諸神廟。皆我等居也。奈何僧	道 者 曰 諸 宮 觀 道 院 及 諸 神 廟 皆 我 等 居 也 奈 何 僧 
X60n1131_001:0707a23	眾多住其中。罕見道流住佛寺者。夫歸依佛者住寺。	眾 多 住 其 中 罕 見 道 流 住 佛 寺 者 夫 歸 依 佛 者 住 寺 
X60n1131_001:0707a24	歸依道者住宮觀院廟。今僧居於此。為歸依三清諸	歸 依 道 者 住 宮 觀 院 廟 今 僧 居 於 此 為 歸 依 三 清 諸 
X60n1131_001:0707b01	天尊諸真人神耶。抑欲占奪我等產業耶。其言有理。	天 尊 諸 真 人 神 耶 抑 欲 占 奪 我 等 產 業 耶 其 言 有 理 
X60n1131_001:0707b02	予無以應。徐而曰。韜光古靈隱也。何道流居之。曰。此	予 無 以 應 徐 而 曰 韜 光 古 靈 隱 也 何 道 流 居 之 曰 此 
X60n1131_001:0707b03	在家修習全真者寓焉。冠簪者不與也。況剃度一僧	在 家 修 習 全 真 者 寓 焉 冠 簪 者 不 與 也 況 剃 度 一 僧 
X60n1131_001:0707b04	主之矣。其言有理。予又無以應。噫。今之為僧者。或棲	主 之 矣 其 言 有 理 予 又 無 以 應 噫 今 之 為 僧 者 或 棲 
X60n1131_001:0707b05	止叢林。或幽居蘭若。或依巖為室。或就樹結茅。何所	止 叢 林 或 幽 居 蘭 若 或 依 巖 為 室 或 就 樹 結 茅 何 所 
X60n1131_001:0707b06	不可。而必附彼羽衣。以為居亭主人也。	不 可 而 必 附 彼 羽 衣 以 為 居 亭 主 人 也 
X60n1131_001:0707b07	今時諸方叢林。各各亦有戒錄。而不敘得戒原由。持	今 時 諸 方 叢 林 各 各 亦 有 戒 錄 而 不 敘 得 戒 原 由 持 
X60n1131_001:0707b08	犯樞要。惟錄三師七證。乃至同壇同期受戒人。監院。	犯 樞 要 惟 錄 三 師 七 證 乃 至 同 壇 同 期 受 戒 人 監 院 
X60n1131_001:0707b09	副寺。知客。司庫等名。誠沒交涉。如欲錄者。當錄和尚	副 寺 知 客 司 庫 等 名 誠 沒 交 涉 如 欲 錄 者 當 錄 和 尚 
X60n1131_001:0707b10	五位阿闍黎。生年戒臘。生處者可也。	五 位 阿 闍 黎 生 年 戒 臘 生 處 者 可 也 
X60n1131_001:0707b11	授十戒和尚諱　　號　　生　　　　年　　月&;	授 十 戒 和 尚 諱 號 生 年 月 
X60n1131_001:0707b12	　　　　日　時係　　　　府　　縣人族姓&;	 日 時 係 府 縣 人 族 姓 
X60n1131_001:0707b13	　　于　　　　年　　月　　日從　　山&;	 于 年 月 日 從 山 
X60n1131_001:0707b14	　和尚受大戒&;	 和 尚 受 大 戒 
X60n1131_001:0707b15	授大戒和尚諱　　號　　生　　　　年　　月&;	授 大 戒 和 尚 諱 號 生 年 月 
X60n1131_001:0707b16	　　　　日　時係　　　　府　　縣人族姓&;	 日 時 係 府 縣 人 族 姓 
X60n1131_001:0707b17	　　于　　　　年　　月　　日從　　山&;	 于 年 月 日 從 山 
X60n1131_001:0707b18	　和尚受大戒&;	 和 尚 受 大 戒 
X60n1131_001:0707b19	一授十戒阿闍黎諱　　號　　生　　　　年&;	一 授 十 戒 阿 闍 黎 諱 號 生 年 
X60n1131_001:0707b20	　　月　　　日　時係　　　　府　　縣人族&;	 月 日 時 係 府 縣 人 族 
X60n1131_001:0707b21	　姓　　于　　　　年　　月　　日從　　山&;	 姓 于 年 月 日 從 山 
X60n1131_001:0707b22	　和尚受大戒&;	 和 尚 受 大 戒 
X60n1131_001:0707b23	二羯磨阿闍黎諱　　號　　生　　　　年&;	二 羯 磨 阿 闍 黎 諱 號 生 年 
X60n1131_001:0707b24	　月　　　日　時係　　　　府　　縣人族姓&;	 月 日 時 係 府 縣 人 族 姓 
X60n1131_001:0707c01	　　　于　　　　年　　月　　日從　　山&;	 于 年 月 日 從 山 
X60n1131_001:0707c02	　　和尚受大戒&;	 和 尚 受 大 戒 
X60n1131_001:0707c03	三教授阿闍黎諱　　號　　生　　　　年&;	三 教 授 阿 闍 黎 諱 號 生 年 
X60n1131_001:0707c04	　月　　　日　時係　　　　府　　縣人族姓&;	 月 日 時 係 府 縣 人 族 姓 
X60n1131_001:0707c05	　　　于　　　　年　　月　　日從　　山&;	 于 年 月 日 從 山 
X60n1131_001:0707c06	　　和尚受大戒&;	 和 尚 受 大 戒 
X60n1131_001:0707c07	四依止阿闍黎(比丘三藏未通。五夏未滿。一夜不得無依止。必須依一有應解律者宿)諱&;	四 依 止 阿 闍 黎 比 丘 三 藏 未 通 五 夏 未 滿 一 夜 不 得 無 依 止 必 須 依 一 有 應 解 律 者 宿 諱 
X60n1131_001:0707c08	　　　號　　生　　　　年　　月　　日&;	 號 生 年 月 日 
X60n1131_001:0707c09	　時係　　　　府　　縣人族姓　　于&;	 時 係 府 縣 人 族 姓 于 
X60n1131_001:0707c10	　　年　　月　　日從　　山　　和尚受大戒&;	 年 月 日 從 山 和 尚 受 大 戒 
X60n1131_001:0707c11	五授經阿闍黎(從彼受習經律文義之師)諱　　號　　生&;	五 授 經 阿 闍 黎 從 彼 受 習 經 律 文 義 之 師 諱 號 生 
X60n1131_001:0707c12	　　　年　　月　　　日　時係　　　　府&;	 年 月 日 時 係 府 
X60n1131_001:0707c13	　　縣人族姓　　于　　　　年　　月　　日&;	 縣 人 族 姓 于 年 月 日 
X60n1131_001:0707c14	　從　　山　　和尚受大戒&;	 從 山 和 尚 受 大 戒 
X60n1131_001:0707c15	諸部律文。無剃髮阿闍黎。原剃髮即是和尚遣能剃	諸 部 律 文 無 剃 髮 阿 闍 黎 原 剃 髮 即 是 和 尚 遣 能 剃 
X60n1131_001:0707c16	者剃之。近時不諳法律者。復妄加審戒阿闍黎。引請	者 剃 之 近 時 不 諳 法 律 者 復 妄 加 審 戒 阿 闍 黎 引 請 
X60n1131_001:0707c17	阿闍黎。值壇阿闍黎。原審戒即是教授。先在壇外審	阿 闍 黎 值 壇 阿 闍 黎 原 審 戒 即 是 教 授 先 在 壇 外 審 
X60n1131_001:0707c18	問諸遮難事訖。次引入壇內。羯磨師對眾審問已。乃	問 諸 遮 難 事 訖 次 引 入 壇 內 羯 磨 師 對 眾 審 問 已 乃 
X60n1131_001:0707c19	為作四羯磨授戒。值壇者。謂受戒人初至。未諳禮法。	為 作 四 羯 磨 授 戒 值 壇 者 謂 受 戒 人 初 至 未 諳 禮 法 
X60n1131_001:0707c20	恐臨壇倉卒失儀。故教之行禮。並無阿闍黎位。梵語	恐 臨 壇 倉 卒 失 儀 故 教 之 行 禮 並 無 阿 闍 黎 位 梵 語 
X60n1131_001:0707c21	阿闍黎。此云軌範師。在壇七證。尚無師位。惟稱七證	阿 闍 黎 此 云 軌 範 師 在 壇 七 證 尚 無 師 位 惟 稱 七 證 
X60n1131_001:0707c22	僧伽。況其餘者。佛言。非和尚而稱為和尚。非阿闍黎	僧 伽 況 其 餘 者 佛 言 非 和 尚 而 稱 為 和 尚 非 阿 闍 黎 
X60n1131_001:0707c23	而稱為阿闍黎。或翻此二。皆得惡作罪。	而 稱 為 阿 闍 黎 或 翻 此 二 皆 得 惡 作 罪 
X60n1131_001:0707c24	　七證僧伽&;	 七 證 僧 伽 
X60n1131_001:0708a01	　　長老　　　長老　　　長老　　　長老&;	 長 老 長 老 長 老 長 老 
X60n1131_001:0708a02	　　長老　　　長老　　　長老&;	 長 老 長 老 長 老 
X60n1131_001:0708a03	　同壇得戒&;	 同 壇 得 戒 
X60n1131_001:0708a04	　　大德　　　大德&;	 大 德 大 德 
X60n1131_001:0708a05	　同期受戒&;	 同 期 受 戒 
X60n1131_001:0708a06	　　大德　　　大德　　　大德　　　大德&;	 大 德 大 德 大 德 大 德 
X60n1131_001:0708a07	　　大德　　　大德　　　大德　　　大德&;	 大 德 大 德 大 德 大 德 
X60n1131_001:0708a08	　　大德　　　大德　　　大德　　　大德&;	 大 德 大 德 大 德 大 德 
X60n1131_001:0708a10	比丘受戒錄終(為弟子者。須存此錄。令後代人知師之生年戒臘。如無徒者。乃可焚之)	比 丘 受 戒 錄 終 為 弟 子 者 須 存 此 錄 令 後 代 人 知 師 之 生 年 戒 臘 如 無 徒 者 乃 可 焚 之 
